<?xml version="1.0" encoding="UTF-8"?>
<Export generator="Cache" version="21">
<Class name="Demo.HL7v3.TestHarness.RequestMap">
<ClassType>persistent</ClassType>
<ProcedureBlock>1</ProcedureBlock>
<Super>%Persistent,%XML.Adaptor</Super>
<TimeCreated>60262,37858.731327</TimeCreated>

<Property name="Request">
<Type>Demo.HL7v3.TestHarness.MessageTemplate</Type>
<Cardinality>one</Cardinality>
<Inverse>RequestMaps</Inverse>
<Relationship>1</Relationship>
</Property>

<Property name="ClassName">
<Type>%String</Type>
<Parameter name="MAXLEN" value="128"/>
</Property>

<Property name="MethodName">
<Type>%String</Type>
<Parameter name="MAXLEN" value="128"/>
</Property>

<Index name="RequestIndex">
<Properties>Request</Properties>
<Unique>1</Unique>
</Index>

<Storage name="Default">
<Type>%Library.CacheStorage</Type>
<DataLocation>^Demo.HL7v3.TestH7C9.RequestMapD</DataLocation>
<DefaultData>RequestMapDefaultData</DefaultData>
<IdLocation>^Demo.HL7v3.TestH7C9.RequestMapD</IdLocation>
<IndexLocation>^Demo.HL7v3.TestH7C9.RequestMapI</IndexLocation>
<StreamLocation>^Demo.HL7v3.TestH7C9.RequestMapS</StreamLocation>
<Data name="RequestMapDefaultData">
<Structure>listnode</Structure>
<Subscript/>
<Value name="1">
<Value>%%CLASSNAME</Value>
</Value>
<Value name="2">
<Value>ClassName</Value>
</Value>
<Value name="3">
<Value>MethodName</Value>
</Value>
<Value name="4">
<Value>Request</Value>
</Value>
</Data>
</Storage>
</Class>
</Export>
