<?xml version="1.0" encoding="UTF-8"?>
<Export generator="Cache" version="25" zv="Cache for Windows (x86-64) 2017.2 (Build 691U)" ts="2017-07-05 11:47:55">
<Class name="Sample.TaskExample1">
<Description>
Defining a task for End Users

You want to generate a standard report that the user schedules to run, allowing them the
flexibility to choose when it runs.
By assigning Properties to the Class we can make items configurable such as where the 
report will be directed and perhaps a heading to be displayed.

The System Management Portal will automatically display the properties for Printer and Heading
and will validate that Printer is not ""  You can add any logic you would like to any property</Description>
<Super>Sample.Task</Super>
<TimeChanged>64441,73928</TimeChanged>
<TimeCreated>60768,42872.455937</TimeCreated>

<Property name="Printer">
<Description>
Output printer for report</Description>
<Type>%String</Type>
</Property>

<Property name="Heading">
<Type>%String</Type>
</Property>

<Method name="PrinterIsValid">
<ClassMethod>1</ClassMethod>
<FormalSpec>Printer:%String</FormalSpec>
<ReturnType>%Status</ReturnType>
<Implementation><![CDATA[
	If Printer="" Quit $$$ERROR($$$GeneralError,"Please enter a printer")
	Quit $$$OK
]]></Implementation>
</Method>

<Method name="OnTask">
<Description>
Your program logic can be here in the OnTask method or in another class or a routine
just be sure to return a status code from the OnTask method</Description>
<ReturnType>%Status</ReturnType>
<Implementation><![CDATA[
	Set Printer=..Printer
	Open ..Printer Use ..Printer
	Write ..Heading,!!
	Write "Profits up 1000%!!!!",!
	Close ..Printer
	/// Returning a status other than OK will mark the task as Suspended and send an email 
	/// if a value is defined in EmailOnError
	Quit $$$OK
]]></Implementation>
</Method>
</Class>
</Export>
