<?xml version="1.0" encoding="UTF-8"?>
<Export generator="Cache" version="20" zv="Cache for Windows (Intel) 5.2.1 (Build 509U)" ts="2007-01-31 14:12:00">
<Document name="HL7.RepeatingORUO01DTL.dtl"><![CDATA[<?xml version="1.0" ?>
<transform targetClass='EnsLib.HL7.Message' targetDocType='2.3:ORU_R01' sourceClass='EnsLib.HL7.Message' sourceDocType='2.2:ORU_R01' create='new' language='objectscript'>
<assign property='target.{MSH}' value='source.{MSH}' action='set'/>
<assign property='target.{MSH:ProcessingID.processingID}' value='"D"' action='set'/>
<assign property='target.{MSH:VersionID}' value='"2.3"' action='set'/>
<foreach key='k1' property='source.{PIDgrpgrp()}'>
<assign property='target.{PIDgrpgrp(k1)}' value='source.{PIDgrpgrp(k1)}' action='set'/>
<assign property='target.{PIDgrpgrp().PIDgrp.PID:PatientIDInternalID().ID}' value='source.{PIDgrpgrp().PIDgrp.PID:PatientIDInternalID().PatientID}' action='set'/>
<assign property='target.{PIDgrpgrp().PIDgrp.PID:PatientIDInternalID().identifiertypecode}' value='"PI"' action='set'/>
<assign property='target.{PIDgrpgrp().PIDgrp.PID:AlternatePatientID}' value='""' action='set'/>
<assign property='target.{PIDgrpgrp().PIDgrp.PV1grp.PV1}' value='source.{PIDgrpgrp().PIDgrp.PV1}' action='set'/>
<if condition='..StartsWith(source.{PIDgrpgrp(k1).PIDgrp.PV1:VisitNumber.PatientID},"L")'>
<true>
<assign property='target.{PIDgrpgrp(k1).PIDgrp.PID:PatientAccountNumber.ID}' value='source.{PIDgrpgrp(k1).PIDgrp.PV1:VisitNumber.PatientID}' action='set'/>
</true>
<false>
<assign property='target.{PIDgrpgrp(k1).PIDgrp.PID:PatientAccountNumber.ID}' value='source.{PIDgrpgrp(k1).PIDgrp.PID:PatientIDInternalID(1).PatientID}_source.{PIDgrpgrp(k1).PIDgrp.PV1:VisitNumber.PatientID}' action='set'/>
</false>
</if>
<assign property='target.{PIDgrpgrp().ORCgrp(1).OBR:SetIDObservationRequest}' value='"1"' action='set'/>
<assign property='target.{PIDgrpgrp().ORCgrp(1).OBR:PlacerOrderNumber(1).entityidentifier}' value='source.{PIDgrpgrp().ORCgrp(1).OBR:PlacerOrderNumber(1).uniqueplacerid}' action='set'/>
<assign property='target.{PIDgrpgrp().ORCgrp(1).OBR:PlacerOrderNumber(1).namespaceID}' value='"EPC"' action='set'/>
<assign property='target.{PIDgrpgrp(k1).ORCgrp(1).OBR:FillerOrderNumber.entityidentifier}' value='..SubString(source.{PIDgrpgrp(k1).ORCgrp(1).OBR:PlacerOrderNumber.uniqueplacerid},2)_"EPC"' action='set'/>
<assign property='target.{PIDgrpgrp().ORCgrp(1).OBR:FillerOrderNumber.namespaceID}' value='"EPC"' action='set'/>
<assign property='target.{PIDgrpgrp().ORCgrp(1).OBR:UniversalServiceIdentifier.nameofcodingsystem}' value='"MPFILE"' action='set'/>
<foreach key='k2' property='source.{PIDgrpgrp(k1).ORCgrp(1).OBXgrp()}'>
<if condition='source.{PIDgrpgrp(k1).ORCgrp(1).OBXgrp(k2).OBX:ValueType}="TX"'>
<true>
<assign property='target.{PIDgrpgrp(k1).ORCgrp(1).OBXgrp(k2).OBX:ObservationIdentifier.identifier}' value='"TX"' action='set'/>
<assign property='target.{PIDgrpgrp(k1).ORCgrp(1).OBXgrp(k2).OBX:ObservationIdentifier.text}' value='"Text"' action='set'/>
</true>
</if>
<if condition='..Contains(source.{PIDgrpgrp(k1).ORCgrp(1).OBXgrp(k2).OBX:ObservationIdentifier.identifier},"Overread By")'>
<true>
<assign property='target.{PIDgrpgrp(k1).ORCgrp(1).OBXgrp(k2).OBX:ObservationValue()}' value='source.{PIDgrpgrp(k1).ORCgrp(1).OBXgrp(k2).OBX:ObservationIdentifier.identifier}_source.{PIDgrpgrp(k1).ORCgrp(1).OBXgrp(k2).OBX:ObservationValue}' action='set'/>
</true>
</if>
</foreach>
<code>
<![CDATA[      
                    
	set PatID = "PatID="_source.GetValueAt("PIDgrpgrp("_k1_").PIDgrp.PID:PatientIDInternalID.PatientID")
	set IntDate = source.GetValueAt("PIDgrpgrp("_k1_").ORCgrp(1).OBR:Observationdatetime") 
	set Date = "Date="_$e(IntDate,7,8)_"_"_$e(IntDate,5,6)_"_"_$e(IntDate,1,4)
	set Time = "Time="_$e(IntDate,9,10)_":"_$e(IntDate,11,12)_":"_$e(IntDate,13,14)
	set ECG = "TestType=ECG"
	set HOL = "TestType=HOL"


]]]]><![CDATA[>
</code>
<if condition='source.{PIDgrpgrp(k1).ORCgrp(1).OBR:UniversalServiceID.identifier}="93226X01"'>
<true>
<assign property='target.{PIDgrpgrp(k1).ORCgrp(1).OBR:PlacerField2}' value='$g(PatID)_","_$g(Date)_","_$g(Time)_","_HOL' action='set'/>
</true>
<false>
<assign property='target.{PIDgrpgrp(k1).ORCgrp(1).OBR:PlacerField2}' value='$g(PatID)_","_$g(Date)_","_$g(Time)_","_ECG' action='set'/>
</false>
</if>
</foreach>
<assign property='target.{DSC}' value='source.{DSC}' action='set'/>
</transform>
]]></Document></Export>
