<?xml version="1.0" encoding="UTF-8"?>
<Export generator="Cache" version="22" zv="Cache for Windows (x86-32) 2008.1.1 (Build 579U)" ts="2008-09-03 14:55:53">
<Class name="TS.SchedulingProd">
<Super>Ens.Production</Super>
<TimeCreated>61124,43220.649085</TimeCreated>

<XData name="ProductionDefinition">
<Data><![CDATA[
<Production Name="TS.SchedulingProd" TestingEnabled="true" LogGeneralTraceEvents="false">
  <Description></Description>
  <ActorPoolSize>2</ActorPoolSize>
  <Item Name="TS.ScheduleProcess" Category="Schedule" ClassName="TS.ScheduleProcess" PoolSize="0" Enabled="true" Foreground="false" DisableErrorTraps="false" InactivityTimeout="0" Comment="" LogTraceEvents="false" Schedule="">
    <Setting Target="Host" Name="AlertOnError">0</Setting>
  </Item>
  <Item Name="TS.DoctorDBOperation" Category="Schedule" ClassName="TS.DoctorDBOperation" PoolSize="1" Enabled="true" Foreground="false" DisableErrorTraps="false" InactivityTimeout="0" Comment="" LogTraceEvents="false" Schedule="">
    <Setting Target="Host" Name="AlertRetryGracePeriod">0</Setting>
    <Setting Target="Host" Name="RetryInterval">5</Setting>
    <Setting Target="Host" Name="FailureTimeout">15</Setting>
    <Setting Target="Host" Name="AlertOnError">0</Setting>
    <Setting Target="Host" Name="ArchiveIO">0</Setting>
    <Setting Target="Adapter" Name="DSN">DoctorData</Setting>
    <Setting Target="Adapter" Name="Credentials"></Setting>
    <Setting Target="Adapter" Name="StayConnected">-1</Setting>
    <Setting Target="Adapter" Name="ConnectTimeout">5</Setting>
  </Item>
  <Item Name="TS.FileScheduleService" Category="Schedule" ClassName="TS.FileScheduleService" PoolSize="1" Enabled="true" Foreground="false" DisableErrorTraps="false" InactivityTimeout="0" Comment="" LogTraceEvents="true" Schedule="">
    <Setting Target="Host" Name="AlertGracePeriod">0</Setting>
    <Setting Target="Host" Name="AlertOnError">0</Setting>
    <Setting Target="Host" Name="ArchiveIO">1</Setting>
    <Setting Target="Adapter" Name="FilePath">c:\Integration\Hospital</Setting>
    <Setting Target="Adapter" Name="FileSpec">OpToSchedule.txt</Setting>
    <Setting Target="Adapter" Name="ArchivePath"></Setting>
    <Setting Target="Adapter" Name="WorkPath"></Setting>
    <Setting Target="Adapter" Name="Charset">Default</Setting>
    <Setting Target="Adapter" Name="FileAccessTimeout">10</Setting>
    <Setting Target="Adapter" Name="AppendTimestamp">0</Setting>
    <Setting Target="Adapter" Name="CallInterval">5</Setting>
  </Item>
  <Item Name="TS.ORDBOperation" Category="Schedule" ClassName="TS.ORDBOperation" PoolSize="1" Enabled="true" Foreground="false" DisableErrorTraps="false" InactivityTimeout="0" Comment="" LogTraceEvents="false" Schedule="">
    <Setting Target="Host" Name="AlertRetryGracePeriod">0</Setting>
    <Setting Target="Host" Name="RetryInterval">5</Setting>
    <Setting Target="Host" Name="FailureTimeout">15</Setting>
    <Setting Target="Host" Name="AlertOnError">0</Setting>
    <Setting Target="Host" Name="ArchiveIO">0</Setting>
    <Setting Target="Adapter" Name="DSN">ORData</Setting>
    <Setting Target="Adapter" Name="Credentials"></Setting>
    <Setting Target="Adapter" Name="StayConnected">-1</Setting>
    <Setting Target="Adapter" Name="ConnectTimeout">5</Setting>
  </Item>
  <Item Name="TS.NotifyPatientOperation" Category="Schedule" ClassName="TS.NotifyPatientOperation" PoolSize="1" Enabled="true" Foreground="false" DisableErrorTraps="false" InactivityTimeout="0" Comment="" LogTraceEvents="false" Schedule="">
    <Setting Target="Host" Name="AlertRetryGracePeriod">0</Setting>
    <Setting Target="Host" Name="RetryInterval">5</Setting>
    <Setting Target="Host" Name="FailureTimeout">2</Setting>
    <Setting Target="Host" Name="AlertOnError">1</Setting>
    <Setting Target="Host" Name="ArchiveIO">0</Setting>
    <Setting Target="Adapter" Name="FilePath">c:\Integration\Hosptal</Setting>
    <Setting Target="Adapter" Name="Overwrite">0</Setting>
    <Setting Target="Adapter" Name="Charset">Default</Setting>
    <Setting Target="Adapter" Name="OpenTimeout">5</Setting>
  </Item>
  <Item Name="Router1" Category="HL7" ClassName="EnsLib.HL7.MsgRouter.RoutingEngine" PoolSize="1" Enabled="true" Foreground="false" DisableErrorTraps="false" InactivityTimeout="0" Comment="" LogTraceEvents="false" Schedule="">
    <Setting Target="Host" Name="LocalFacilityApplication">ISC:EnsembleHL7</Setting>
    <Setting Target="Host" Name="AckType">Application</Setting>
    <Setting Target="Host" Name="NackCode">Error</Setting>
    <Setting Target="Host" Name="AddNackERR">0</Setting>
    <Setting Target="Host" Name="Validation">0</Setting>
    <Setting Target="Host" Name="BusinessRuleName">TS.Router1Rule</Setting>
    <Setting Target="Host" Name="AlertOnBadMessage">0</Setting>
    <Setting Target="Host" Name="BadMessageHandler"></Setting>
    <Setting Target="Host" Name="ResponseFrom"></Setting>
    <Setting Target="Host" Name="ResponseTargetConfigNames"></Setting>
    <Setting Target="Host" Name="ResponseTimeout">-1</Setting>
    <Setting Target="Host" Name="ForceSyncSend">0</Setting>
    <Setting Target="Host" Name="AlertOnError">0</Setting>
  </Item>
  <Item Name="ADTFileOperation" Category="HL7" ClassName="EnsLib.HL7.Operation.FileOperation" PoolSize="1" Enabled="true" Foreground="false" InactivityTimeout="0" Comment="" LogTraceEvents="false" Schedule="">
    <Setting Target="Host" Name="Filename">ADTA01.txt</Setting>
    <Setting Target="Host" Name="AutoBatchParentSegs">0</Setting>
    <Setting Target="Host" Name="Separators"><![CDATA[|^~\&]]]]><![CDATA[></Setting>
    <Setting Target="Host" Name="SearchTableClass"></Setting>
    <Setting Target="Host" Name="DefCharEncoding">Latin1</Setting>
    <Setting Target="Host" Name="AlertRetryGracePeriod">0</Setting>
    <Setting Target="Host" Name="RetryInterval">5</Setting>
    <Setting Target="Host" Name="FailureTimeout">-1</Setting>
    <Setting Target="Host" Name="AlertOnError">0</Setting>
    <Setting Target="Host" Name="ArchiveIO">0</Setting>
    <Setting Target="Host" Name="Framing">AsciiLF</Setting>
    <Setting Target="Adapter" Name="FilePath">c:\Integration\HL7\out</Setting>
    <Setting Target="Adapter" Name="Overwrite">0</Setting>
    <Setting Target="Adapter" Name="Charset">Default</Setting>
    <Setting Target="Adapter" Name="OpenTimeout">5</Setting>
  </Item>
  <Item Name="ORMFileOperation" Category="HL7" ClassName="EnsLib.HL7.Operation.FileOperation" PoolSize="1" Enabled="true" Foreground="false" DisableErrorTraps="false" InactivityTimeout="0" Comment="" LogTraceEvents="false" Schedule="">
    <Setting Target="Host" Name="Filename">ORMO01.txt</Setting>
    <Setting Target="Host" Name="AutoBatchParentSegs">0</Setting>
    <Setting Target="Host" Name="Separators"><![CDATA[|^~\&]]]]><![CDATA[></Setting>
    <Setting Target="Host" Name="SearchTableClass"></Setting>
    <Setting Target="Host" Name="DefCharEncoding">Latin1</Setting>
    <Setting Target="Host" Name="AlertRetryGracePeriod">0</Setting>
    <Setting Target="Host" Name="RetryInterval">5</Setting>
    <Setting Target="Host" Name="FailureTimeout">-1</Setting>
    <Setting Target="Host" Name="AlertOnError">0</Setting>
    <Setting Target="Host" Name="ArchiveIO">0</Setting>
    <Setting Target="Host" Name="Framing">AsciiLF</Setting>
    <Setting Target="Adapter" Name="FilePath">c:\Integration\HL7\out</Setting>
    <Setting Target="Adapter" Name="Overwrite">0</Setting>
    <Setting Target="Adapter" Name="Charset">Default</Setting>
    <Setting Target="Adapter" Name="OpenTimeout">5</Setting>
  </Item>
  <Item Name="Priority" Category="HL7" ClassName="EnsLib.HL7.Operation.FileOperation" PoolSize="1" Enabled="true" Foreground="false" DisableErrorTraps="false" InactivityTimeout="0" Comment="" LogTraceEvents="false" Schedule="">
    <Setting Target="Host" Name="Filename">Priority.txt</Setting>
    <Setting Target="Host" Name="AutoBatchParentSegs">0</Setting>
    <Setting Target="Host" Name="Separators"><![CDATA[|^~\&]]]]><![CDATA[></Setting>
    <Setting Target="Host" Name="SearchTableClass"></Setting>
    <Setting Target="Host" Name="DefCharEncoding">Latin1</Setting>
    <Setting Target="Host" Name="AlertRetryGracePeriod">0</Setting>
    <Setting Target="Host" Name="RetryInterval">5</Setting>
    <Setting Target="Host" Name="FailureTimeout">-1</Setting>
    <Setting Target="Host" Name="AlertOnError">0</Setting>
    <Setting Target="Host" Name="ArchiveIO">0</Setting>
    <Setting Target="Host" Name="Framing">AsciiLF</Setting>
    <Setting Target="Adapter" Name="FilePath">c:\Integration\HL7\out</Setting>
    <Setting Target="Adapter" Name="Overwrite">0</Setting>
    <Setting Target="Adapter" Name="Charset">Default</Setting>
    <Setting Target="Adapter" Name="OpenTimeout">5</Setting>
  </Item>
  <Item Name="Non-Priority" Category="HL7" ClassName="EnsLib.HL7.Operation.FileOperation" PoolSize="1" Enabled="true" Foreground="false" DisableErrorTraps="false" InactivityTimeout="0" Comment="" LogTraceEvents="false" Schedule="">
    <Setting Target="Host" Name="Filename">NonPriority.txt</Setting>
    <Setting Target="Host" Name="AutoBatchParentSegs">0</Setting>
    <Setting Target="Host" Name="Separators"><![CDATA[|^~\&]]]]><![CDATA[></Setting>
    <Setting Target="Host" Name="SearchTableClass"></Setting>
    <Setting Target="Host" Name="DefCharEncoding">Latin1</Setting>
    <Setting Target="Host" Name="AlertRetryGracePeriod">0</Setting>
    <Setting Target="Host" Name="RetryInterval">5</Setting>
    <Setting Target="Host" Name="FailureTimeout">-1</Setting>
    <Setting Target="Host" Name="AlertOnError">0</Setting>
    <Setting Target="Host" Name="ArchiveIO">0</Setting>
    <Setting Target="Host" Name="Framing">AsciiLF</Setting>
    <Setting Target="Adapter" Name="FilePath">c:\Integration\HL7\out</Setting>
    <Setting Target="Adapter" Name="Overwrite">0</Setting>
    <Setting Target="Adapter" Name="Charset">Default</Setting>
    <Setting Target="Adapter" Name="OpenTimeout">5</Setting>
  </Item>
  <Item Name="Router2" Category="HL7" ClassName="EnsLib.HL7.MsgRouter.RoutingEngine" PoolSize="1" Enabled="true" Foreground="false" DisableErrorTraps="false" InactivityTimeout="0" Comment="" LogTraceEvents="false" Schedule="">
    <Setting Target="Host" Name="LocalFacilityApplication">ISC:EnsembleHL7</Setting>
    <Setting Target="Host" Name="AckType">Application</Setting>
    <Setting Target="Host" Name="NackCode">Error</Setting>
    <Setting Target="Host" Name="Validation">0</Setting>
    <Setting Target="Host" Name="BusinessRuleName">TS.Router2Rule</Setting>
    <Setting Target="Host" Name="AlertOnBadMessage">0</Setting>
    <Setting Target="Host" Name="BadMessageHandler"></Setting>
    <Setting Target="Host" Name="ResponseFrom"></Setting>
    <Setting Target="Host" Name="ResponseTargetConfigNames"></Setting>
    <Setting Target="Host" Name="AlertOnError">0</Setting>
  </Item>
  <Item Name="Ens.Alert" Category="" ClassName="EnsLib.MsgRouter.RoutingEngine" PoolSize="0" Enabled="true" Foreground="false" DisableErrorTraps="false" InactivityTimeout="0" Comment="This handles Alert routing logic." LogTraceEvents="false" Schedule="">
    <Setting Target="Host" Name="BusinessRuleName">TS.AlertRule</Setting>
  </Item>
  <Item Name="EMailAlert" Category="HL7" ClassName="EnsLib.EMail.AlertOperation" PoolSize="1" Enabled="false" Foreground="false" DisableErrorTraps="false" InactivityTimeout="0" Comment="This sends alerts via e-mail." LogTraceEvents="false" Schedule="">
    <Setting Target="Host" Name="AlertRetryGracePeriod">0</Setting>
    <Setting Target="Host" Name="RetryInterval">5</Setting>
    <Setting Target="Host" Name="FailureTimeout">15</Setting>
    <Setting Target="Host" Name="AlertOnError">0</Setting>
    <Setting Target="Host" Name="ArchiveIO">0</Setting>
    <Setting Target="Adapter" Name="SMTPServer"></Setting>
    <Setting Target="Adapter" Name="SMTPPort">25</Setting>
    <Setting Target="Adapter" Name="Credentials"></Setting>
    <Setting Target="Adapter" Name="Recipient"></Setting>
    <Setting Target="Adapter" Name="Cc"></Setting>
    <Setting Target="Adapter" Name="From"></Setting>
  </Item>
  <Item Name="PagerAlert" Category="HL7" ClassName="EnsLib.EMail.AlertOperation" PoolSize="1" Enabled="false" Foreground="false" DisableErrorTraps="false" InactivityTimeout="0" Comment="This sends alerts to a pager via e-mail." LogTraceEvents="false" Schedule="">
    <Setting Target="Host" Name="AlertRetryGracePeriod">0</Setting>
    <Setting Target="Host" Name="RetryInterval">5</Setting>
    <Setting Target="Host" Name="FailureTimeout">15</Setting>
    <Setting Target="Host" Name="AlertOnError">0</Setting>
    <Setting Target="Host" Name="ArchiveIO">0</Setting>
    <Setting Target="Adapter" Name="SMTPServer"></Setting>
    <Setting Target="Adapter" Name="SMTPPort">25</Setting>
    <Setting Target="Adapter" Name="Credentials"></Setting>
    <Setting Target="Adapter" Name="Recipient"></Setting>
    <Setting Target="Adapter" Name="Cc"></Setting>
    <Setting Target="Adapter" Name="From"></Setting>
  </Item>
  <Item Name="BadMessageHandler" Category="HL7" ClassName="EnsLib.HL7.Operation.FileOperation" PoolSize="1" Enabled="false" Foreground="false" DisableErrorTraps="false" InactivityTimeout="0" Comment="Bad messages are sent to this operation." LogTraceEvents="false" Schedule="">
    <Setting Target="Host" Name="Filename"></Setting>
    <Setting Target="Host" Name="AutoBatchParentSegs">0</Setting>
    <Setting Target="Host" Name="Separators"><![CDATA[|^~\&]]]]><![CDATA[></Setting>
    <Setting Target="Host" Name="SearchTableClass"></Setting>
    <Setting Target="Host" Name="DefCharEncoding">Latin1</Setting>
    <Setting Target="Host" Name="AlertRetryGracePeriod">0</Setting>
    <Setting Target="Host" Name="RetryInterval">5</Setting>
    <Setting Target="Host" Name="FailureTimeout">-1</Setting>
    <Setting Target="Host" Name="AlertOnError">0</Setting>
    <Setting Target="Host" Name="ArchiveIO">0</Setting>
    <Setting Target="Host" Name="Framing">AsciiLF</Setting>
    <Setting Target="Adapter" Name="FilePath"></Setting>
    <Setting Target="Adapter" Name="Overwrite">0</Setting>
    <Setting Target="Adapter" Name="Charset">Default</Setting>
    <Setting Target="Adapter" Name="OpenTimeout">5</Setting>
  </Item>
  <Item Name="HL7FileService" Category="HL7" ClassName="EnsLib.HL7.Service.FileService" PoolSize="1" Enabled="true" Foreground="false" DisableErrorTraps="false" InactivityTimeout="0" Comment="" LogTraceEvents="false" Schedule="">
    <Setting Target="Host" Name="AckTargetConfigNames"></Setting>
    <Setting Target="Host" Name="Framing">Flexible</Setting>
    <Setting Target="Host" Name="TargetConfigNames">Router1,Router2</Setting>
    <Setting Target="Host" Name="SearchTableClass">EnsLib.HL7.SearchTable</Setting>
    <Setting Target="Host" Name="LocalFacilityApplication">ISC:EnsembleHL7</Setting>
    <Setting Target="Host" Name="AckMode">Never</Setting>
    <Setting Target="Host" Name="UseAckCommitCodes">1</Setting>
    <Setting Target="Host" Name="IgnoreInboundAck">1</Setting>
    <Setting Target="Host" Name="AddNackERR">0</Setting>
    <Setting Target="Host" Name="BatchHandling">Batch</Setting>
    <Setting Target="Host" Name="MessageSchemaCategory">2.3.1</Setting>
    <Setting Target="Host" Name="DefCharEncoding">Latin1</Setting>
    <Setting Target="Host" Name="AlertGracePeriod">0</Setting>
    <Setting Target="Host" Name="AlertOnError">0</Setting>
    <Setting Target="Host" Name="ArchiveIO">1</Setting>
    <Setting Target="Adapter" Name="FilePath">C:\Integration\HL7\in</Setting>
    <Setting Target="Adapter" Name="FileSpec">*</Setting>
    <Setting Target="Adapter" Name="ArchivePath"></Setting>
    <Setting Target="Adapter" Name="WorkPath"></Setting>
    <Setting Target="Adapter" Name="Charset">Default</Setting>
    <Setting Target="Adapter" Name="FileAccessTimeout">10</Setting>
    <Setting Target="Adapter" Name="AppendTimestamp">0</Setting>
    <Setting Target="Adapter" Name="CallInterval">5</Setting>
  </Item>
  <Item Name="TS.ZenScheduleService" Category="Schedule" ClassName="TS.ZenScheduleService" PoolSize="0" Enabled="true" Foreground="false" DisableErrorTraps="false" InactivityTimeout="0" Comment="Accepts a Zen page (web page) request for the scheduling." LogTraceEvents="false" Schedule="">
    <Setting Target="Host" Name="AlertGracePeriod">0</Setting>
    <Setting Target="Host" Name="AlertOnError">0</Setting>
    <Setting Target="Host" Name="ArchiveIO">0</Setting>
  </Item>
  <Item Name="HL7TCPService" Category="HL7" ClassName="EnsLib.HL7.Service.TCPService" PoolSize="1" Enabled="false" Foreground="false" DisableErrorTraps="false" InactivityTimeout="0" Comment="" LogTraceEvents="false" Schedule="">
    <Setting Target="Host" Name="TargetConfigNames">Router1</Setting>
    <Setting Target="Host" Name="SearchTableClass">EnsLib.HL7.SearchTable</Setting>
    <Setting Target="Host" Name="LocalFacilityApplication">ISC:EnsembleHL7</Setting>
    <Setting Target="Host" Name="Framing">Flexible</Setting>
    <Setting Target="Host" Name="AckMode">Immed</Setting>
    <Setting Target="Host" Name="UseAckCommitCodes">1</Setting>
    <Setting Target="Host" Name="IgnoreInboundAck">1</Setting>
    <Setting Target="Host" Name="AddNackERR">0</Setting>
    <Setting Target="Host" Name="BatchHandling">Batch</Setting>
    <Setting Target="Host" Name="MessageSchemaCategory">2.3.1</Setting>
    <Setting Target="Host" Name="DefCharEncoding">Latin1</Setting>
    <Setting Target="Host" Name="AlertGracePeriod">0</Setting>
    <Setting Target="Host" Name="AlertOnError">0</Setting>
    <Setting Target="Host" Name="ArchiveIO">1</Setting>
    <Setting Target="Adapter" Name="JobPerConnection">0</Setting>
    <Setting Target="Adapter" Name="AllowedIPAddresses"></Setting>
    <Setting Target="Adapter" Name="QSize">100</Setting>
    <Setting Target="Adapter" Name="CallInterval">7</Setting>
    <Setting Target="Adapter" Name="Port">47001</Setting>
    <Setting Target="Adapter" Name="StayConnected">3</Setting>
    <Setting Target="Adapter" Name="ReadTimeout">5</Setting>
    <Setting Target="Adapter" Name="SSLConfig"></Setting>
  </Item>
  <Item Name="TS.SchedulingWebServiceOperation" Category="Schedule" ClassName="TS.SchedulingWebServiceOperation" PoolSize="1" Enabled="true" Foreground="false" InactivityTimeout="0" Comment="" LogTraceEvents="false" Schedule="">
    <Setting Target="Host" Name="AlertRetryGracePeriod">0</Setting>
    <Setting Target="Host" Name="RetryInterval">5</Setting>
    <Setting Target="Host" Name="FailureTimeout">15</Setting>
    <Setting Target="Host" Name="AlertOnError">0</Setting>
    <Setting Target="Host" Name="ArchiveIO">0</Setting>
    <Setting Target="Adapter" Name="WebServiceURL"><![CDATA[<default>]]]]><![CDATA[></Setting>
    <Setting Target="Adapter" Name="WebServiceClientClass"></Setting>
    <Setting Target="Adapter" Name="SOAPCredentials">WSAdmin</Setting>
    <Setting Target="Adapter" Name="Credentials"></Setting>
    <Setting Target="Adapter" Name="SSLConfig"></Setting>
    <Setting Target="Adapter" Name="ProxyServer"></Setting>
    <Setting Target="Adapter" Name="ProxyPort">80</Setting>
    <Setting Target="Adapter" Name="ProxyHTTPS">0</Setting>
    <Setting Target="Adapter" Name="ResponseTimeout">30</Setting>
  </Item>
</Production>
]]></Data>
</XData>
</Class>
</Export>
