<?xml version="1.0" encoding="UTF-8"?>
<Export generator="Cache" version="25" zv="Cache for Windows (x86-64) 2012.1 (Build 564U)" ts="2012-03-12 11:38:58">
<Class name="Hospital.XMLVDocWS">
<Super>EnsLib.SOAP.Service</Super>
<TimeChanged>62526,38448.44509</TimeChanged>
<TimeCreated>62518,32440.617338</TimeCreated>

<Property name="TargetConfigName">
<Type>%String</Type>
</Property>

<Parameter name="SETTINGS">
<Default>TargetConfigName</Default>
</Parameter>

<Parameter name="ADAPTER">
<Description>
Name of the adapter class - override this to "" if you want to use only the regular SOAP mechanism and not the custom-port InboundAdapter.</Description>
</Parameter>

<Parameter name="SERVICENAME">
<Description>
The SOAP name of this service.
Override this parameter in the subclass.</Description>
<Default>XMLVDocWebService</Default>
</Parameter>

<Parameter name="NAMESPACE">
<Description>
SOAP Namespace for the WebService
Override this parameter in your subclass with the unique namespace URI
of your organization.</Description>
<Default>http://intersystems.com/ls</Default>
</Parameter>

<Method name="SubmitXMLVDocMTOM">
<FormalSpec>pAttachment:%GlobalCharacterStream</FormalSpec>
<ReturnType>%Status</ReturnType>
<WebMethod>1</WebMethod>
<Implementation><![CDATA[
	Set ..MTOMRequired=1

	Set tRequest=##class(EnsLib.EDI.XML.Document).ImportFromLibraryStream(pAttachment,.tSC)
		
	If $$$ISERR(tSC) do ..ReturnMethodStatusFault(tSC)
		
	Set tRequest.DocType="PatientDataSchema:PatientData"	
	
	Set tSC=..ProcessInput(tRequest,.pResponse)
	
	If $$$ISERR(tSC) do ..ReturnMethodStatusFault(tSC)
	
	Quit tSC
]]></Implementation>
</Method>

<Method name="OnProcessInput">
<Description>
Author of BusinessService overrides this method with his/her implementation to process incoming data</Description>
<FormalSpec><![CDATA[pInput:%RegisteredObject,*pOutput:%RegisteredObject,&pHint:%String]]></FormalSpec>
<ReturnType>%Status</ReturnType>
<Implementation><![CDATA[
		
	Set tSC = ..SendRequestAsync(..TargetConfigName, pInput)	
		
	Quit tSC
]]></Implementation>
</Method>
</Class>


<Class name="WSClient.XMLVDocWebServiceSoap">
<ProcedureBlock>1</ProcedureBlock>
<Super>%SOAP.WebClient</Super>
<TimeChanged>62528,40565.27993</TimeChanged>
<TimeCreated>62528,28309.441861</TimeCreated>

<Parameter name="LOCATION">
<Description>
This is the URL used to access the web service.</Description>
<Default>http://localhost:57772/csp/ensdemo/Hospital.XMLVDocWS.cls</Default>
</Parameter>

<Parameter name="NAMESPACE">
<Description>
This is the namespace used by the Service</Description>
<Default>http://intersystems.com/ls</Default>
</Parameter>

<Parameter name="SERVICENAME">
<Description>
This is the name of the Service</Description>
<Default>XMLVDocWebService</Default>
</Parameter>

<Parameter name="SOAPVERSION">
<Description>
This is the SOAP version supported by the service.</Description>
<Default>1.1</Default>
</Parameter>

<Method name="SubmitXMLVDocMTOM">
<Final>1</Final>
<FormalSpec>pAttachment:%GlobalCharacterStream</FormalSpec>
<ProcedureBlock>1</ProcedureBlock>
<ReturnType>%xsd.base64Binary</ReturnType>
<WebMethod>1</WebMethod>
<SoapBindingStyle>document</SoapBindingStyle>
<SoapBodyUse>literal</SoapBodyUse>
<Implementation><![CDATA[ Quit ..WebMethod("SubmitXMLVDocMTOM").Invoke($this,"http://intersystems.com/ls/Hospital.XMLVDocWS.SubmitXMLVDocMTOM",.pAttachment)
]]></Implementation>
</Method>
</Class>
</Export>
