<?xml version="1.0" encoding="UTF-8"?>
<Export generator="Cache" version="25" zv="Cache for Windows (x86-64) 2012.1 (Build 564U)" ts="2012-03-09 08:38:06">
<Class name="Demo.HL7.MsgRouter.Functions">
<Description>
Functions to use in rule definitions for the sample message router production.</Description>
<ClassType/>
<ProcedureBlock>1</ProcedureBlock>
<Super>Ens.Rule.FunctionSet</Super>
<TimeChanged>62489,43169</TimeChanged>
<TimeCreated>60211,45594.129234</TimeCreated>

<Method name="DayOfWeek">
<Description>
Returns the ordinal position of the day in the week, 
where 1 is Sunday, 2 is Monday, and so on.</Description>
<Final>1</Final>
<ClassMethod>1</ClassMethod>
<CodeMode>expression</CodeMode>
<ReturnType>%Integer</ReturnType>
<Implementation><![CDATA[$zd($H,10)
]]></Implementation>
</Method>

<Method name="TimeInSeconds">
<Description>
Returns the time as a number of seconds since midnight.</Description>
<Final>1</Final>
<ClassMethod>1</ClassMethod>
<CodeMode>expression</CodeMode>
<ReturnType>%Integer</ReturnType>
<Implementation><![CDATA[$p($H,",",2)
]]></Implementation>
</Method>
</Class>


<Class name="Hospital.FromPatientDataRouterRoutingRule">
<Description>
</Description>
<ProcedureBlock>1</ProcedureBlock>
<Super>Ens.Rule.Definition</Super>
<TimeChanged>62525,31025.280654</TimeChanged>
<TimeCreated>62519,39678.665333</TimeCreated>

<Parameter name="RuleAssistClass">
<Default>EnsLib.MsgRouter.VDocRuleAssistCompatible</Default>
</Parameter>

<XData name="RuleDefinition">
<XMLNamespace>http://www.intersystems.com/rule</XMLNamespace>
<Data><![CDATA[
<ruleDefinition alias="Hospital.From_PatientDataRouterRoutingRule" context="EnsLib.MsgRouter.VDocRoutingEngine" production="Hospital.XMLVDocProd">
<ruleSet name="" effectiveBegin="" effectiveEnd="">
<rule name="" disabled="false">
<constraint name="msgClass" value="EnsLib.EDI.XML.Document"></constraint>
<constraint name="docCategory" value="PatientDataSchema"></constraint>
<constraint name="docType" value="PatientData"></constraint>
<when condition="(Document.{InsuranceCompany}!=&quot;&quot;)||(Document.{CreditRating}&gt;=70)">
<send transform="Hospital.PatientDataToPatientAdmitDTL" target="To_OKToAdmit"></send>
<return></return>
</when>
<otherwise>
<send transform="" target="To_NotOKToAdmit"></send>
<return></return>
</otherwise>
</rule>
</ruleSet>
</ruleDefinition>
]]></Data>
</XData>
</Class>


<Class name="Hospital.PatientDataToPatientAdmitDTL">
<Description>
</Description>
<Super>Ens.DataTransformDTL</Super>
<TimeChanged>62524,64655.84905</TimeChanged>
<TimeCreated>62524,64451.152622</TimeCreated>

<Parameter name="REPORTERRORS">
<Default>1</Default>
</Parameter>

<XData name="DTL">
<XMLNamespace>http://www.intersystems.com/dtl</XMLNamespace>
<Data><![CDATA[
<transform sourceClass='EnsLib.EDI.XML.Document' targetClass='EnsLib.EDI.XML.Document' sourceDocType='PatientDataSchema:PatientData' targetDocType='HospitalAdmissionDataSchema:AdmissionData' create='new' language='objectscript' >
<assign value='source.{InsuranceCompany}' property='target.{InsuranceCompany}' action='set' />
<assign value='source.{PrimaryPhysician}' property='target.{PrimaryPhysicianName}' action='set' />
<assign value='source.{CreditRating}' property='target.{CreditRating}' action='set' />
<assign value='source.{HomeAdd}' property='target.{HomeAddress}' action='set' />
<assign value='source.{WorkAdd}' property='target.{WorkAddress}' action='set' />
<assign value='source.{PhoneNumbers()}' property='target.{Phones()}' action='set' />
<assign value='"Ensemble:Hospital:"_source.{PatientID}' property='target.{PatientID}' action='set' />
<if condition='source.{InsuranceCompany}=""' >
<true>
<assign value='0' property='target.{IsInsured}' action='set' />
</true>
<false>
<assign value='1' property='target.{IsInsured}' action='set' />
</false>
</if>
<assign value='..CurrentDateTime()' property='target.{Date}' action='set' />
</transform>
]]></Data>
</XData>
</Class>


<Class name="Hospital.XMLVDocProd">
<Super>Ens.Production</Super>
<TimeChanged>62524,61713.960429</TimeChanged>
<TimeCreated>62524,58332.039691</TimeCreated>

<XData name="ProductionDefinition">
<Data><![CDATA[
<Production Name="Hospital.XMLVDocProd" LogGeneralTraceEvents="false">
  <Description></Description>
  <ActorPoolSize>2</ActorPoolSize>
  <Item Name="To_OKToAdmit" Category="XML" ClassName="EnsLib.EDI.XML.Operation.FileOperation" PoolSize="1" Enabled="true" Foreground="false" Comment="" LogTraceEvents="false" Schedule="">
    <Setting Target="Host" Name="Filename">AdmitPatient.xml</Setting>
    <Setting Target="Adapter" Name="FilePath">c:\Integration\XMLVDoc\Out</Setting>
    <Setting Target="Adapter" Name="Overwrite">1</Setting>
  </Item>
  <Item Name="From_PatientData" Category="XML" ClassName="EnsLib.EDI.XML.Service.FileService" PoolSize="1" Enabled="true" Foreground="false" Comment="" LogTraceEvents="false" Schedule="">
    <Setting Target="Adapter" Name="FilePath">c:\Integration\XMLVDoc\In</Setting>
    <Setting Target="Adapter" Name="FileSpec">PatientDataIn*.xml</Setting>
    <Setting Target="Host" Name="TargetConfigNames">From_PatientDataRouter</Setting>
    <Setting Target="Host" Name="DocSchemaCategory">PatientDataSchema</Setting>
  </Item>
  <Item Name="To_NotOKToAdmit" Category="XML" ClassName="EnsLib.EDI.XML.Operation.FileOperation" PoolSize="1" Enabled="true" Foreground="false" Comment="" LogTraceEvents="false" Schedule="">
    <Setting Target="Host" Name="Filename">DoNotAdmit.xml</Setting>
    <Setting Target="Adapter" Name="FilePath">C:\Integration\XMLVDoc\Out</Setting>
    <Setting Target="Adapter" Name="Overwrite">1</Setting>
  </Item>
  <Item Name="From_PatientDataRouter" Category="XML" ClassName="EnsLib.MsgRouter.VDocRoutingEngine" PoolSize="0" Enabled="true" Foreground="false" Comment="" LogTraceEvents="false" Schedule="">
    <Setting Target="Host" Name="Validation"></Setting>
    <Setting Target="Host" Name="BusinessRuleName">Hospital.FromPatientDataRouterRoutingRule</Setting>
  </Item>
</Production>
]]></Data>
</XData>
</Class>


<Project name="XMLVDocProdPart3Correct">
  <ProjectDescription>Studio Project generated from Ensemble Production 'Hospital.XMLVDocProd'</ProjectDescription>
  <Items>
    <ProjectItem name="Demo.HL7.MsgRouter.Functions" type="CLS"></ProjectItem>
    <ProjectItem name="Hospital.FromPatientDataRouterRoutingRule" type="CLS"></ProjectItem>
    <ProjectItem name="Hospital.PatientDataToPatientAdmitDTL" type="CLS"></ProjectItem>
    <ProjectItem name="Hospital.XMLVDocProd" type="CLS"></ProjectItem>
  </Items>
</Project>
</Export>
