<?xml version="1.0" encoding="UTF-8"?>
<Export generator="Cache" version="25" zv="Cache for Windows (x86-64) 2012.1 (Build 564U)" ts="2012-03-08 18:13:33">
<Class name="Hospital.PatientDataToPatientAdmitDTL">
<Description>
</Description>
<Super>Ens.DataTransformDTL</Super>
<TimeChanged>62524,65439.722342</TimeChanged>
<TimeCreated>62524,64451.152622</TimeCreated>

<Parameter name="REPORTERRORS">
<Default>1</Default>
</Parameter>

<XData name="DTL">
<XMLNamespace>http://www.intersystems.com/dtl</XMLNamespace>
<Data><![CDATA[
<transform sourceClass='EnsLib.EDI.XML.Document' targetClass='EnsLib.EDI.XML.Document' sourceDocType='PatientDataSchema:PatientData' targetDocType='HospitalAdmissionDataSchema:AdmissionData' create='new' language='objectscript' >
<assign value='source.{InsuranceCompany}' property='target.{InsuranceCompany}' action='set' />
<assign value='source.{PrimaryPhysician}' property='target.{PrimaryPhysicianName}' action='set' />
<assign value='source.{CreditRating}' property='target.{CreditRating}' action='set' />
<assign value='source.{HomeAdd}' property='target.{HomeAddress}' action='set' />
<assign value='source.{WorkAdd}' property='target.{WorkAddress}' action='set' />
<assign value='source.{PhoneNumbers()}' property='target.{Phones()}' action='set' />
<assign value='"Ensemble:Hospital:"_source.{PatientID}' property='target.{PatientID}' action='set' />
<assign value='..Piece(source.{Name},",",1)' property='target.{PatientLastName}' action='set' />
<assign value='..Piece(source.{Name},",",2)' property='target.{PatientFirstName}' action='set' />
<assign value='..Piece(source.{Name},",",3)' property='target.{PatientMiddleInitial}' action='set' />
<foreach property='source.{PhoneNumbers()}' key='k1' >
<assign value='..Strip(source.{PhoneNumbers(k1)},"*","-")' property='target.{Phones(k1)}' action='set' />
</foreach>
<if condition='source.{InsuranceCompany}=""' >
<true>
<assign value='0' property='target.{IsInsured}' action='set' />
</true>
<false>
<assign value='1' property='target.{IsInsured}' action='set' />
</false>
</if>
<assign value='..CurrentDateTime()' property='target.{Date}' action='set' />
</transform>
]]></Data>
</XData>
</Class>
</Export>
