<?xml version="1.0" encoding="UTF-8"?>
<Export generator="Cache" version="25" zv="Cache for Windows (x86-64) 2012.1 (Build 564U)" ts="2012-03-08 17:18:00">
<Class name="Hospital.FromPatientDataRouterRoutingRule">
<Description>
</Description>
<ProcedureBlock>1</ProcedureBlock>
<Super>Ens.Rule.Definition</Super>
<TimeChanged>62524,61136.737696</TimeChanged>
<TimeCreated>62519,39678.665333</TimeCreated>

<Parameter name="RuleAssistClass">
<Default>EnsLib.MsgRouter.VDocRuleAssistCompatible</Default>
</Parameter>

<XData name="RuleDefinition">
<XMLNamespace>http://www.intersystems.com/rule</XMLNamespace>
<Data><![CDATA[
<ruleDefinition alias="Hospital.From_PatientDataRouterRoutingRule" context="EnsLib.MsgRouter.VDocRoutingEngine" production="Hospital.XMLVDocProd">
<ruleSet name="" effectiveBegin="" effectiveEnd="">
<rule name="" disabled="false">
<constraint name="msgClass" value="EnsLib.EDI.XML.Document"></constraint>
<constraint name="docCategory" value="PatientDataSchema"></constraint>
<constraint name="docType" value="PatientData"></constraint>
<when condition="(Document.{InsuranceCompany}!=&quot;&quot;)||(Document.{CreditRating}&gt;=70)">
<send transform="" target="To_OKToAdmit"></send>
<return></return>
</when>
<otherwise>
<send transform="" target="To_NotOKToAdmit"></send>
<return></return>
</otherwise>
</rule>
</ruleSet>
</ruleDefinition>
]]></Data>
</XData>
</Class>


<Class name="Hospital.XMLVDocProd">
<Super>Ens.Production</Super>
<TimeChanged>62524,61713.960429</TimeChanged>
<TimeCreated>62524,58332.039691</TimeCreated>

<XData name="ProductionDefinition">
<Data><![CDATA[
<Production Name="Hospital.XMLVDocProd" LogGeneralTraceEvents="false">
  <Description></Description>
  <ActorPoolSize>2</ActorPoolSize>
  <Item Name="To_OKToAdmit" Category="XML" ClassName="EnsLib.EDI.XML.Operation.FileOperation" PoolSize="1" Enabled="true" Foreground="false" Comment="" LogTraceEvents="false" Schedule="">
    <Setting Target="Host" Name="Filename">AdmitPatient.xml</Setting>
    <Setting Target="Adapter" Name="FilePath">c:\Integration\XMLVDoc\Out</Setting>
    <Setting Target="Adapter" Name="Overwrite">1</Setting>
  </Item>
  <Item Name="From_PatientData" Category="XML" ClassName="EnsLib.EDI.XML.Service.FileService" PoolSize="1" Enabled="true" Foreground="false" Comment="" LogTraceEvents="false" Schedule="">
    <Setting Target="Adapter" Name="FilePath">c:\Integration\XMLVDoc\In</Setting>
    <Setting Target="Adapter" Name="FileSpec">PatientDataIn*.xml</Setting>
    <Setting Target="Host" Name="TargetConfigNames">From_PatientDataRouter</Setting>
    <Setting Target="Host" Name="DocSchemaCategory">PatientDataSchema</Setting>
  </Item>
  <Item Name="To_NotOKToAdmit" Category="XML" ClassName="EnsLib.EDI.XML.Operation.FileOperation" PoolSize="1" Enabled="true" Foreground="false" Comment="" LogTraceEvents="false" Schedule="">
    <Setting Target="Host" Name="Filename">DoNotAdmit.xml</Setting>
    <Setting Target="Adapter" Name="FilePath">C:\Integration\XMLVDoc\Out</Setting>
    <Setting Target="Adapter" Name="Overwrite">1</Setting>
  </Item>
  <Item Name="From_PatientDataRouter" Category="XML" ClassName="EnsLib.MsgRouter.VDocRoutingEngine" PoolSize="0" Enabled="true" Foreground="false" Comment="" LogTraceEvents="false" Schedule="">
    <Setting Target="Host" Name="Validation"></Setting>
    <Setting Target="Host" Name="BusinessRuleName">Hospital.FromPatientDataRouterRoutingRule</Setting>
  </Item>
</Production>
]]></Data>
</XData>
</Class>


<Project name="XMLVDocProdPart2">
  <ProjectDescription>Studio Project generated from Ensemble Production 'Hospital.XMLVDocProd'</ProjectDescription>
  <Items>
    <ProjectItem name="Hospital.FromPatientDataRouterRoutingRule" type="CLS"></ProjectItem>
    <ProjectItem name="Hospital.XMLVDocProd" type="CLS"></ProjectItem>
  </Items>
</Project>
</Export>
