<?xml version="1.0" encoding="UTF-8"?>
<Export generator="Cache" version="25" zv="Cache for Windows (x86-64) 2012.1 (Build 564U)" ts="2012-03-09 08:28:06">
<Class name="Hospital.XMLST">
<Super>EnsLib.EDI.XML.SearchTable</Super>
<TimeChanged>62525,30446.786433</TimeChanged>
<TimeCreated>62525,29007.852047</TimeCreated>

<XData name="SearchSpec">
<XMLNamespace>http://www.intersystems.com/EnsSearchTable</XMLNamespace>
<Data><![CDATA[
<Items>
<Item DocType="PatientDataSchema:PatientData"  PropName="InsuranceCompany" >{InsuranceCompany}</Item>
<Item DocType=""  PropName="PatientName" >{/PatientData/Name}</Item>

</Items>
]]></Data>
</XData>

<Storage name="Default">
<Type>%Library.CacheStorage</Type>
</Storage>
</Class>
</Export>
