<?xml version="1.0" encoding="UTF-8"?>
<Export generator="Cache" version="25" zv="Cache for UNIX (Apple Mac OS X for x86-64) 2018.1 (Build 184U)" ts="2020-09-29 10:52:13">
<Class name="Hospital.DTL2Part3">
<Super>Ens.DataTransformDTL</Super>
<TimeChanged>65651,39010.593687</TimeChanged>
<TimeCreated>65650,63304.466898</TimeCreated>
<DependsOn>EnsLib.HL7.Message</DependsOn>

<Parameter name="IGNOREMISSINGSOURCE">
<Default>1</Default>
</Parameter>

<Parameter name="REPORTERRORS">
<Default>1</Default>
</Parameter>

<Parameter name="TREATEMPTYREPEATINGFIELDASNULL">
<Default>0</Default>
</Parameter>

<XData name="DTL">
<XMLNamespace>http://www.intersystems.com/dtl</XMLNamespace>
<Data><![CDATA[
<transform sourceClass='EnsLib.HL7.Message' targetClass='EnsLib.HL7.Message' sourceDocType='2.5:ADT_A01' targetDocType='2.5:ADT_A01' create='copy' language='objectscript' >
<foreach property='source.{DG1()}' key='k1' >
<assign value='..ToUpper(source.{DG1(k1):DiagnosisCodeDG1.Text})' property='target.{DG1(k1):DiagnosisCodeDG1.Text}' action='set' />
</foreach>
<foreach property='source.{IN1grp()}' key='k1' >
<foreach property='source.{IN1grp(k1).IN3()}' key='k2' >
<assign value='k2_":"_source.{IN1grp(k1).IN3(k2):SetIDIN3}' property='target.{IN1grp(k1).IN3(k2):SetIDIN3}' action='set' />
</foreach>
</foreach>
<foreach property='source.{IN1grp()}' key='k3' >
<foreach property='source.{IN1grp(k3).IN1:InsuranceCoContactPerson()}' key='k4' >
<if condition='k4=2' >
<true>
<assign value='"Only call if first contact not available"' property='target.{IN1grp(k3).IN1:InsuranceCoContactPerson(k4).NameContext}' action='set' />
</true>
</if>
<if condition='k4=3' >
<true>
<assign value='"Only call if first and second contacts not available"' property='target.{IN1grp(k3).IN1:InsuranceCoContactPerson(k4).NameContext}' action='set' />
</true>
</if>
</foreach>
</foreach>
</transform>
]]></Data>
</XData>
</Class>
</Export>
