<?xml version="1.0" encoding="UTF-8"?>

<Export generator="Cache" version="25" zv="Cache for Windows (x86-32) 2012.1 (Build 564U)" ts="2012-02-08 18:18:29">

<Class name="Hospital.HospitalProd">

<ProcedureBlock>1</ProcedureBlock>

<Super>Ens.Production</Super>

<TimeChanged>62495,65872.251938</TimeChanged>

<TimeCreated>62349,60335.007468</TimeCreated>



<XData name="ProductionDefinition">

<Data><![CDATA[

<Production Name="Hospital.HospitalProd" LogGeneralTraceEvents="false">

  <Description>Processing Hospital messages.</Description>

  <ActorPoolSize>2</ActorPoolSize>


  <Item Name="Ens.Alert" Category="" ClassName="EnsLib.MsgRouter.RoutingEngine" PoolSize="0" Enabled="true" Foreground="false" Comment="This handles Alert routing logic." LogTraceEvents="false" Schedule="">

    <Setting Target="Host" Name="BusinessRuleName">Hospital.HospitalProd.AlertRule</Setting>

  </Item>

  <Item Name="EMailAlert" Category="" ClassName="EnsLib.EMail.AlertOperation" PoolSize="1" Enabled="false" Foreground="false" Comment="This sends alerts via e-mail." LogTraceEvents="false" Schedule="">

  </Item>

  <Item Name="PagerAlert" Category="" ClassName="EnsLib.EMail.AlertOperation" PoolSize="1" Enabled="false" Foreground="false" Comment="This sends alerts to a pager via e-mail." LogTraceEvents="false" Schedule="">

  </Item>

  <Item Name="BadMessageHandler" Category="" ClassName="EnsLib.HL7.Operation.FileOperation" PoolSize="1" Enabled="false" Foreground="false" Comment="Bad messages are sent to this operation." LogTraceEvents="false" Schedule="">

  </Item>

  <Item Name="To_Pharmacy" Category="HL7" ClassName="EnsLib.HL7.Operation.FileOperation" PoolSize="1" Enabled="true" Foreground="false" Comment="Sends messages to the Pharmacy application." LogTraceEvents="false" Schedule="">

    <Setting Target="Adapter" Name="FilePath">c:\Integration\HL7\Out</Setting>

    <Setting Target="Host" Name="Filename">Pharmacy.txt</Setting>

  </Item>

  <Item Name="From_ER" Category="HL7" ClassName="EnsLib.HL7.Service.FileService" PoolSize="1" Enabled="true" Foreground="false" Comment="Accepts messages from a file that has been sent by the ER application." LogTraceEvents="false" Schedule="">

    <Setting Target="Host" Name="MessageSchemaCategory">2.3.1</Setting>

    <Setting Target="Host" Name="TargetConfigNames">From_ER_Router</Setting>

    <Setting Target="Adapter" Name="FilePath">c:\Integration\HL7\In</Setting>

    <Setting Target="Adapter" Name="ArchivePath"></Setting>

    <Setting Target="Adapter" Name="FileSpec">*.txt</Setting>

  </Item>

  <Item Name="From_ER_Router" Category="HL7" ClassName="EnsLib.HL7.MsgRouter.RoutingEngine" PoolSize="1" Enabled="true" Foreground="false" Comment="" LogTraceEvents="false" Schedule="">

    <Setting Target="Host" Name="Validation"></Setting>

    <Setting Target="Host" Name="BusinessRuleName">Hospital.FromERRouterRoutingRule</Setting>

  </Item>

  <Item Name="To_Transfer" Category="HL7" ClassName="EnsLib.HL7.Operation.FileOperation" PoolSize="1" Enabled="true" Foreground="false" Comment="" LogTraceEvents="false" Schedule="">

    <Setting Target="Adapter" Name="FilePath">c:\Integration\HL7\Out</Setting>

    <Setting Target="Host" Name="Filename">Transfer.txt</Setting>

  </Item>

  <Item Name="To_Study" Category="" ClassName="EnsLib.RecordMap.Operation.FileOperation" PoolSize="1" Enabled="true" Foreground="false" Comment="" LogTraceEvents="false" Schedule="">

    <Setting Target="Host" Name="Filename">StudyData.txt</Setting>

    <Setting Target="Host" Name="RecordMap">Hospital.PharmacyStudyRecordMap</Setting>

    <Setting Target="Adapter" Name="FilePath">C:\Integration\HL7\Out</Setting>

  </Item>

</Production>

]]></Data>

</XData>

</Class>

</Export>

