<?xml version="1.0" encoding="UTF-8"?>
<Export generator="Cache" version="25">
<Class name="Demo.REST.DirectoryResponse">
<IncludeCode>Ensemble</IncludeCode>
<Super>%Persistent,%XML.Adaptor</Super>
<TimeChanged>62648,58777</TimeChanged>
<TimeCreated>62636,28360.099318</TimeCreated>

<Property name="Value">
<Description>
Single result value</Description>
<Type>%String</Type>
<Parameter name="MAXLEN"/>
</Property>

<Property name="Properties">
<Description>
Single record properties or list of records' single values</Description>
<Type>%String</Type>
<Collection>array</Collection>
<Parameter name="MAXLEN"/>
<Parameter name="XMLITEMNAME" value="Value"/>
<Parameter name="XMLKEYNAME" value="Key"/>
<Parameter name="XMLPROJECTION" value="ELEMENT"/>
</Property>

<Property name="Records">
<Description>
Array of records' properties</Description>
<Type>%ArrayOfDataTypes</Type>
<Collection>array</Collection>
<Parameter name="XMLITEMNAME" value="Record"/>
<Parameter name="XMLKEYNAME" value="num"/>
<Parameter name="XMLPROJECTION" value="NONE"/>
</Property>

<Property name="RequestURL">
<Description>
For the record: submitted Request URL</Description>
<Type>%String</Type>
<Internal>1</Internal>
<Parameter name="MAXLEN"/>
</Property>

<Property name="RawResponse">
<Description>
For the record: raw HTTP response body resulting from request URL</Description>
<Type>%Stream.GlobalCharacter</Type>
<Internal>1</Internal>
</Property>

<Property name="SessionId">
<Description>
For the record: ID of the session used to retrieve this response</Description>
<Type>%String</Type>
</Property>

<Storage name="Default">
<Type>%Library.CacheStorage</Type>
<DataLocation>^Demo.REST.DirectoryResponseD</DataLocation>
<DefaultData>DirectoryResponseDefaultData</DefaultData>
<IdLocation>^Demo.REST.DirectoryResponseD</IdLocation>
<IndexLocation>^Demo.REST.DirectoryResponseI</IndexLocation>
<StreamLocation>^Demo.REST.DirectoryResponseS</StreamLocation>
<ExtentSize>100000</ExtentSize>
<Data name="DirectoryResponseDefaultData">
<Value name="1">
<Value>%%CLASSNAME</Value>
</Value>
<Value name="2">
<Value>Values</Value>
</Value>
<Value name="3">
<Value>Objects</Value>
</Value>
<Value name="4">
<Value>Value</Value>
</Value>
<Value name="5">
<Value>RequestURL</Value>
</Value>
<Value name="6">
<Value>RawResponse</Value>
</Value>
<Value name="7">
<Value>SessionId</Value>
</Value>
</Data>
<Data name="Properties">
<Attribute>Properties</Attribute>
<Structure>subnode</Structure>
<Subscript>"Properties"</Subscript>
</Data>
<Data name="Records">
<Attribute>Records</Attribute>
<Structure>subnode</Structure>
<Subscript>"Records"</Subscript>
</Data>
</Storage>
</Class>
</Export>
