<?xml version="1.0" encoding="UTF-8"?>
<Export generator="Cache" version="20" zv="Cache for Windows (Intel) 5.2.3 (Build 710U)" ts="2007-05-10 10:16:42">
<Document name="ContactSchema.HL7">
<Category name="ContactSchema" base="2.3.1">

<MessageType name='ADT_A01' structure='ADT_A01' returntype='base:ACK_A01'/>

<MessageStructure name='ADT_A01' definition='base:MSH~ZCN~base:EVN~base:PID~[~base:PD1~]~[~{~base:NK1~}~]~base:PV1~[~base:PV2~]~[~{~base:DB1~}~]~[~{~base:OBX~}~]~[~{~base:AL1~}~]~[~{~base:DG1~}~]~[~base:DRG~]~[~{~base:PR1~[~{~base:ROL~}~]~}~]~[~{~base:GT1~}~]~[~{~base:IN1~[~base:IN2~]~[~{~base:IN3~}~]~}~]~[~base:ACC~]~[~base:UB1~]~[~base:UB2~]'/>

<SegmentStructure name='ZCN' description='Contact Name'>
    <SegmentSubStructure piece='1' description='Contact Role' datastruct='base:CE' symbol='*' length='200' ifrepeating='1' codetable='base:131'/>
    <SegmentSubStructure piece='2' description='Contact Name' datastruct='base:XPN' symbol='*' length='106' required='O' ifrepeating='1'/>
</SegmentStructure>

</Category>
</Document></Export>
