<?xml version="1.0" encoding="UTF-8"?>
<Export generator="Cache" version="25" zv="Cache for Windows (x86-64) 2013.1 (Build 440)" ts="2013-04-05 15:54:09">
<Document name="Training-Analytics-Exercises-Bubble Chart Pivot.pivot.DFI">
<pivot xmlns="http://www.intersystems.com/deepsee/library" name="Bubble Chart Pivot" folderName="Training/Analytics/Exercises" title="" description="" keywords="" owner="" shared="true" public="true" locked="false" resource="" timeCreated="2013-04-05T18:56:52.258Z" createdBy="UnknownUser" category="" bookCover="" mdx="" cellWidth="120" columnHeaderStyle="" rowHeaderStyle="" cellStyle="" rowLabelSpan="true" columnLabelSpan="true" cellHeight="22" showEmptyRows="false" showEmptyColumns="false" cubeName="HoleFoods" caption="" listing="" listingRows="" showStatus="true" pageSize="100" colorScale="" rowTotals="false" columnTotals="false" rowTotalAgg="sum" columnTotalAgg="sum" rowTotalSource="page" showZebra="false" showRowCaption="true" printTitle="" printSubtitle="" printPageSize="" printOrientation="" printMarginTop="" printMarginLeft="" printMarginRight="" printMarginBottom="" printLabelWidth="" printCellWidth="" autoExecute="true" manualMode="false" userMDX="" chartMarginTop="" chartMarginLeft="" chartMarginRight="" chartMarginBottom="">
  <rowAxisOptions spec="" key="" value="" text="" headEnabled="false" headCount="" filterEnabled="false" filterExpression="" orderEnabled="false" orderExpression="" orderDirection="BDESC" aggEnabled="false" aggFunction="" aggFunctionParm="" levelCaption="" levelFormat="" levelSummary="" levelType="" drillLevel="0" advanced="false" levelStyle="" levelHeaderStyle="" suppress8020="false">
  </rowAxisOptions>
  <columnAxisOptions spec="" key="" value="" text="" headEnabled="false" headCount="" filterEnabled="false" filterExpression="" orderEnabled="false" orderExpression="" orderDirection="BDESC" aggEnabled="false" aggFunction="" aggFunctionParm="" levelCaption="" levelFormat="" levelSummary="" levelType="" drillLevel="0" advanced="false" levelStyle="" levelHeaderStyle="" suppress8020="false">
  </columnAxisOptions>
  <rowLevel spec="[Product].[P1].[Product Name].Members" key="" value="" text="Product Name" headEnabled="false" headCount="" filterEnabled="false" filterExpression="" orderEnabled="false" orderExpression="" orderDirection="BDESC" aggEnabled="false" aggFunction="" aggFunctionParm="" levelCaption="" levelFormat="" levelSummary="" levelType="" drillLevel="0" advanced="false" levelStyle="" levelHeaderStyle="" suppress8020="false">
  </rowLevel>
  <columnLevel spec="[MEASURES].[AVG REVENUE]" key="" value="" text="Avg Revenue" headEnabled="false" headCount="" filterEnabled="false" filterExpression="" orderEnabled="false" orderExpression="" orderDirection="BDESC" aggEnabled="false" aggFunction="" aggFunctionParm="" levelCaption="" levelFormat="" levelSummary="" levelType="" drillLevel="0" advanced="false" levelStyle="" levelHeaderStyle="" suppress8020="false">
  </columnLevel>
  <columnLevel spec="[MEASURES].[AVG UNITS SOLD]" key="" value="" text="Avg Units Sold" headEnabled="false" headCount="" filterEnabled="false" filterExpression="" orderEnabled="false" orderExpression="" orderDirection="BDESC" aggEnabled="false" aggFunction="" aggFunctionParm="" levelCaption="" levelFormat="" levelSummary="" levelType="" drillLevel="0" advanced="false" levelStyle="" levelHeaderStyle="" suppress8020="false">
  </columnLevel>
  <calculatedMember dimension="MEASURES" memberName="Avg Revenue" valueExpression="measures.[Amount Sold]/measures.[%Count]" formatString="$#,###.##" solveOrder="0"></calculatedMember>
  <calculatedMember dimension="MEASURES" memberName="Avg Units Sold" valueExpression="measures.[Units Sold]/measures.[%Count]" formatString="" solveOrder="0"></calculatedMember>
</pivot>
</Document>

<Document name="Training-Analytics-Exercises-Chart Dashboard.dashboard.DFI">
<dashboard xmlns="http://www.intersystems.com/deepsee/library" name="Chart Dashboard" folderName="Training/Analytics/Exercises" title="" description="" keywords="" owner="" shared="true" public="true" locked="false" resource="" timeCreated="2013-04-05T19:05:39.501Z" createdBy="UnknownUser" category="" bookCover="" scheme="" worklistCount="0" snapTo="true" snapGrid="true" gridRows="10" gridCols="10" canResize="true" canModify="true" showTitleBar="true" companyName="" companyLogo="" companyStyle="">
  <widget name="Combo Chart" type="pivot" subtype="comboChart" subtypeClass="comboChart" title="" dataSource="Training/Analytics/Exercises/Combo Chart Pivot.pivot" dataLink="" drillDownDataSource="" width="200" height="200" sidebarContent="" showSidebar="false" sidebarWidth="" maximized="false" homeRowL="0" homeColL="0" colSpanL="5" rowSpanL="5" showToolbar="true" theme="">
    <override name="comboChart">{legendVisible:'false',title:'Revenue and Units Sold by Year',xAxis:{_type:'axis'},yAxisList:[{title:'Revenue',_type:'axis'},{labelPosition:'right',maxValue:1000,minValue:0,title:'Units Sold',_type:'axis'}],seriesTypes:'line,area',_type:'comboChart'}</override>
  </widget>
  <widget name="Widget2" type="pivot" subtype="bubbleChart" subtypeClass="bubbleChart" title="" dataSource="Training/Analytics/Exercises/Bubble Chart Pivot.pivot" dataLink="" drillDownDataSource="" width="200" height="200" sidebarContent="" showSidebar="false" sidebarWidth="" maximized="false" homeRowL="0" homeColL="5" colSpanL="5" rowSpanL="5" showToolbar="true" theme="">
  </widget>
</dashboard>
</Document>

<Document name="Training-Analytics-Exercises-Combo Chart Pivot.pivot.DFI">
<pivot xmlns="http://www.intersystems.com/deepsee/library" name="Combo Chart Pivot" folderName="Training/Analytics/Exercises" title="" description="" keywords="" owner="" shared="true" public="true" locked="false" resource="" timeCreated="2013-04-05T18:55:35.266Z" createdBy="UnknownUser" category="" bookCover="" mdx="" cellWidth="120" columnHeaderStyle="" rowHeaderStyle="" cellStyle="" rowLabelSpan="true" columnLabelSpan="true" cellHeight="22" showEmptyRows="false" showEmptyColumns="false" cubeName="HoleFoods" caption="" listing="" listingRows="" showStatus="true" pageSize="100" colorScale="" rowTotals="false" columnTotals="false" rowTotalAgg="sum" columnTotalAgg="sum" rowTotalSource="page" showZebra="false" showRowCaption="true" printTitle="" printSubtitle="" printPageSize="" printOrientation="" printMarginTop="" printMarginLeft="" printMarginRight="" printMarginBottom="" printLabelWidth="" printCellWidth="" autoExecute="true" manualMode="false" userMDX="" chartMarginTop="" chartMarginLeft="" chartMarginRight="" chartMarginBottom="">
  <rowAxisOptions spec="" key="" value="" text="" headEnabled="false" headCount="" filterEnabled="false" filterExpression="" orderEnabled="false" orderExpression="" orderDirection="BDESC" aggEnabled="false" aggFunction="" aggFunctionParm="" levelCaption="" levelFormat="" levelSummary="" levelType="" drillLevel="0" advanced="false" levelStyle="" levelHeaderStyle="" suppress8020="false">
  </rowAxisOptions>
  <columnAxisOptions spec="" key="" value="" text="" headEnabled="false" headCount="" filterEnabled="false" filterExpression="" orderEnabled="false" orderExpression="" orderDirection="BDESC" aggEnabled="false" aggFunction="" aggFunctionParm="" levelCaption="" levelFormat="" levelSummary="" levelType="" drillLevel="0" advanced="false" levelStyle="" levelHeaderStyle="" suppress8020="false">
  </columnAxisOptions>
  <rowLevel spec="[DateOfSale].[Actual].[YearSold].Members" key="" value="" text="YearSold" headEnabled="false" headCount="" filterEnabled="false" filterExpression="" orderEnabled="false" orderExpression="" orderDirection="BDESC" aggEnabled="false" aggFunction="" aggFunctionParm="" levelCaption="" levelFormat="" levelSummary="" levelType="" drillLevel="0" advanced="false" levelStyle="" levelHeaderStyle="" suppress8020="false">
  </rowLevel>
  <columnLevel spec="[Measures].[Amount Sold]" key="" value="" text="Revenue" headEnabled="false" headCount="" filterEnabled="false" filterExpression="" orderEnabled="false" orderExpression="" orderDirection="BDESC" aggEnabled="false" aggFunction="" aggFunctionParm="" levelCaption="" levelFormat="" levelSummary="" levelType="" drillLevel="0" advanced="false" levelStyle="" levelHeaderStyle="" suppress8020="false">
  </columnLevel>
  <columnLevel spec="[Measures].[Units Sold]" key="" value="" text="Units Sold" headEnabled="false" headCount="" filterEnabled="false" filterExpression="" orderEnabled="false" orderExpression="" orderDirection="BDESC" aggEnabled="false" aggFunction="" aggFunctionParm="" levelCaption="" levelFormat="" levelSummary="" levelType="" drillLevel="0" advanced="false" levelStyle="" levelHeaderStyle="" suppress8020="false">
  </columnLevel>
</pivot>
</Document></Export>
