<?xml version="1.0" encoding="UTF-8"?>
<Export generator="Cache" version="25" zv="Cache for Windows (x86-64) 2013.1 (Build 440)" ts="2013-04-05 16:42:24">
<Document name="Training-Analytics-Exercises-Meters Pivot.pivot.DFI">
<pivot xmlns="http://www.intersystems.com/deepsee/library" name="Meters Pivot" folderName="Training/DeepSee/Exercises" title="" description="" keywords="" owner="" shared="true" public="true" locked="false" resource="" timeCreated="2013-04-04T13:40:33.998Z" createdBy="UnknownUser" category="" bookCover="" mdx="" cellWidth="120" columnHeaderStyle="" rowHeaderStyle="" cellStyle="" rowLabelSpan="true" columnLabelSpan="true" cellHeight="22" showEmptyRows="false" showEmptyColumns="false" cubeName="HoleFoods" caption="" listing="" listingRows="" showStatus="true" pageSize="100" colorScale="" rowTotals="false" columnTotals="false" rowTotalAgg="sum" columnTotalAgg="sum" rowTotalSource="page" showZebra="false" showRowCaption="true" printTitle="" printSubtitle="" printPageSize="" printOrientation="" printMarginTop="" printMarginLeft="" printMarginRight="" printMarginBottom="" printLabelWidth="" printCellWidth="" autoExecute="true" manualMode="false" userMDX="" chartMarginTop="" chartMarginLeft="" chartMarginRight="" chartMarginBottom="">
  <rowAxisOptions spec="" key="" value="" text="" headEnabled="false" headCount="" filterEnabled="false" filterExpression="" orderEnabled="false" orderExpression="" orderDirection="BDESC" aggEnabled="false" aggFunction="" aggFunctionParm="" levelCaption="" levelFormat="" levelSummary="" levelType="" drillLevel="0" advanced="false" levelStyle="" levelHeaderStyle="" suppress8020="false">
  </rowAxisOptions>
  <columnAxisOptions spec="" key="" value="" text="" headEnabled="false" headCount="" filterEnabled="false" filterExpression="" orderEnabled="false" orderExpression="" orderDirection="BDESC" aggEnabled="false" aggFunction="" aggFunctionParm="" levelCaption="" levelFormat="" levelSummary="" levelType="" drillLevel="0" advanced="false" levelStyle="" levelHeaderStyle="" suppress8020="false">
  </columnAxisOptions>
  <columnLevel spec="[Outlet].[H1].[Region].Members" key="" value="" text="Region" headEnabled="false" headCount="" filterEnabled="false" filterExpression="" orderEnabled="false" orderExpression="" orderDirection="BDESC" aggEnabled="false" aggFunction="" aggFunctionParm="" levelCaption="" levelFormat="" levelSummary="" levelType="" drillLevel="0" advanced="false" levelStyle="" levelHeaderStyle="" suppress8020="false">
  </columnLevel>
  <filter spec="[DateOfSale].[Actual].[YearSold].Members" key="&amp;[NOW]" value="" text="NOW" headEnabled="false" headCount="" filterEnabled="false" filterExpression="" orderEnabled="false" orderExpression="" orderDirection="BDESC" aggEnabled="false" aggFunction="" aggFunctionParm="" levelCaption="" levelFormat="" levelSummary="" levelType="" drillLevel="0" advanced="false" levelStyle="" levelHeaderStyle="" suppress8020="false">
  </filter>
  <measure spec="[Measures].[Amount Sold]" key="" value="" text="Revenue" headEnabled="false" headCount="" filterEnabled="false" filterExpression="" orderEnabled="false" orderExpression="" orderDirection="BDESC" aggEnabled="false" aggFunction="" aggFunctionParm="" levelCaption="" levelFormat="" levelSummary="" levelType="" drillLevel="0" advanced="false" levelStyle="" levelHeaderStyle="" suppress8020="false">
  </measure>
</pivot>
</Document>

<Document name="Training-Analytics-Exercises-Scorecards And Meters.dashboard.DFI">
<dashboard xmlns="http://www.intersystems.com/deepsee/library" name="Scorecards And Meters" folderName="Training/DeepSee/Exercises" title="" description="" keywords="" owner="" shared="true" public="true" locked="false" resource="" timeCreated="2013-04-05T19:55:46.304Z" createdBy="UnknownUser" category="" bookCover="" scheme="" worklistCount="0" snapTo="true" snapGrid="true" gridRows="10" gridCols="10" canResize="true" canModify="true" showTitleBar="true" companyName="" companyLogo="" companyStyle="">
  <widget name="Scorecard" type="scoreCardWidget" subtype="regular" subtypeClass="" title="" dataSource="Training/DeepSee/Exercises/Units by Categories and Regions.pivot" dataLink="" drillDownDataSource="" width="200" height="200" sidebarContent="" showSidebar="false" sidebarWidth="" maximized="false" homeRowL="0" homeColL="0" colSpanL="5" rowSpanL="5" showToolbar="true" theme="">
    <control name="" action="applyFilter" target="" targetProperty="[Channel].[H1].[Channel Name]" location="widget" type="auto" controlClass="" label="Channel Name" title="" value="" text="" readOnly="false" valueList="" displayList="" activeWhen=""></control>
    <control name="" action="applyFilter" target="" targetProperty="[DateOfSale].[Actual].[YearSold]" location="widget" type="auto" controlClass="" label="YearSold" title="" value="" text="" readOnly="false" valueList="" displayList="" activeWhen=""></control>
    <override name="scoreCard">{width:641,columns:[{display:'label',label:'Product Category',_type:'scoreCardColumn'},{dataValue:'Asia',display:'plotBox',label:'Asia',rangeLower:'0',rangeUpper:'All Outlet',showAs:'target%',targetValue:'All Outlet',_type:'scoreCardColumn'},{dataValue:'Europe',display:'plotBox',label:'Europe',rangeLower:'0',rangeUpper:'All Outlet',showAs:'target%',targetValue:'All Outlet',_type:'scoreCardColumn'},{dataValue:'N. America',display:'plotBox',label:'N. America',rangeLower:'0',rangeUpper:'All Outlet',showAs:'target%',targetValue:'All Outlet',_type:'scoreCardColumn'},{dataValue:'S. America',display:'plotBox',label:'S. America',rangeLower:'0',rangeUpper:'All Outlet',showAs:'target%',targetValue:'All Outlet',_type:'scoreCardColumn'}],pivotData:true,selectedIndex:3,_type:'scoreCard'}</override>
  </widget>
  <widget name="Meters" type="meter" subtype="speedometer" subtypeClass="" title="" dataSource="Training/DeepSee/Exercises/Meters Pivot.pivot" dataLink="" drillDownDataSource="" width="200" height="200" sidebarContent="" showSidebar="false" sidebarWidth="" maximized="false" homeRowL="5" homeColL="0" colSpanL="6" rowSpanL="5" showToolbar="true" theme="">
    <dataProperty name="" label="Europe" width="" align="" subtype="speedometer" style="" display="" format="" showAs="" valueColumn="false" summary="" summaryValue="" dataValue="Europe" targetValue="" thresholdLower="10000" thresholdUpper="90000" rangeLower="0" rangeUpper="100000" baseValue="" override="{height:378,width:378,dataBinding:&apos;Europe&apos;,rangeLower:&apos;0&apos;,thresholdLower:&apos;10000&apos;,thresholdUpper:&apos;90000&apos;,value:17140.98,_type:&apos;speedometer&apos;}"></dataProperty>
    <dataProperty name="" label="N. America" width="" align="" subtype="textMeter" style="" display="value" format="" showAs="value" valueColumn="false" summary="" summaryValue="" dataValue="N. America" targetValue="" thresholdLower="" thresholdUpper="" rangeLower="" rangeUpper="" baseValue="" override="{height:95,width:380,x:380,y:0,label:&apos;N. America&apos;,labelStyle:&apos;fill: #404080; font-size:6pt;&apos;,_type:&apos;textMeter&apos;}"></dataProperty>
  </widget>
</dashboard>
</Document>

<Document name="Training-Analytics-Exercises-Units by Categories and Regions.pivot.DFI">
<pivot xmlns="http://www.intersystems.com/deepsee/library" name="Units by Categories and Regions" folderName="Training/Analytics/Exercises" title="" description="" keywords="" owner="" shared="true" public="true" locked="false" resource="" timeCreated="2013-04-03T15:49:43.064Z" createdBy="UnknownUser" category="" bookCover="" mdx="" cellWidth="120" columnHeaderStyle="" rowHeaderStyle="" cellStyle="" rowLabelSpan="true" columnLabelSpan="true" cellHeight="22" showEmptyRows="false" showEmptyColumns="false" cubeName="HoleFoods" caption="" listing="$$$CUSTOM" listingRows="" showStatus="true" pageSize="100" colorScale="" rowTotals="false" columnTotals="false" rowTotalAgg="sum" columnTotalAgg="sum" rowTotalSource="page" showZebra="false" showRowCaption="true" printTitle="" printSubtitle="" printPageSize="" printOrientation="" printMarginTop="" printMarginLeft="" printMarginRight="" printMarginBottom="" printLabelWidth="" printCellWidth="" autoExecute="true" manualMode="false" userMDX="" chartMarginTop="" chartMarginLeft="" chartMarginRight="" chartMarginBottom="">
  <rowAxisOptions spec="" key="" value="" text="" headEnabled="false" headCount="" filterEnabled="false" filterExpression="" orderEnabled="false" orderExpression="" orderDirection="BDESC" aggEnabled="false" aggFunction="" aggFunctionParm="" levelCaption="" levelFormat="" levelSummary="" levelType="" drillLevel="0" advanced="false" levelStyle="" levelHeaderStyle="" suppress8020="false">
  </rowAxisOptions>
  <columnAxisOptions spec="" key="" value="" text="" headEnabled="false" headCount="" filterEnabled="false" filterExpression="" orderEnabled="false" orderExpression="" orderDirection="BDESC" aggEnabled="false" aggFunction="" aggFunctionParm="" levelCaption="" levelFormat="" levelSummary="" levelType="" drillLevel="0" advanced="false" levelStyle="" levelHeaderStyle="" suppress8020="false">
  </columnAxisOptions>
  <rowLevel spec="[Product].[P1].[Product Category].Members" key="" value="" text="Product Category" headEnabled="false" headCount="" filterEnabled="false" filterExpression="" orderEnabled="false" orderExpression="" orderDirection="BDESC" aggEnabled="false" aggFunction="" aggFunctionParm="" levelCaption="" levelFormat="" levelSummary="" levelType="" drillLevel="0" advanced="false" levelStyle="" levelHeaderStyle="" suppress8020="false">
  </rowLevel>
  <rowLevel spec="[Product].[All Product]" key="" value="" text="All Product" headEnabled="false" headCount="" filterEnabled="false" filterExpression="Measures.[%COUNT]=0" orderEnabled="false" orderExpression="Measures.[%COUNT]" orderDirection="BDESC" aggEnabled="false" aggFunction="" aggFunctionParm="" levelCaption="Total Units" levelFormat="" levelSummary="" levelType="" drillLevel="0" advanced="false" levelStyle="" levelHeaderStyle="" suppress8020="false">
  </rowLevel>
  <columnLevel spec="[Outlet].[H1].[Region].Members" key="" value="" text="Region" headEnabled="false" headCount="" filterEnabled="false" filterExpression="" orderEnabled="false" orderExpression="" orderDirection="BDESC" aggEnabled="false" aggFunction="" aggFunctionParm="" levelCaption="" levelFormat="" levelSummary="" levelType="" drillLevel="0" advanced="false" levelStyle="" levelHeaderStyle="" suppress8020="false">
  </columnLevel>
  <columnLevel spec="[Outlet].[All Outlet]" key="" value="" text="All Outlet" headEnabled="false" headCount="" filterEnabled="false" filterExpression="" orderEnabled="false" orderExpression="" orderDirection="BDESC" aggEnabled="false" aggFunction="" aggFunctionParm="" levelCaption="" levelFormat="" levelSummary="" levelType="" drillLevel="0" advanced="false" levelStyle="" levelHeaderStyle="" suppress8020="false">
  </columnLevel>
  <filter spec="[Channel].[H1].[Channel Name].Members" key="" value="" text="Channel Name" headEnabled="false" headCount="" filterEnabled="false" filterExpression="" orderEnabled="false" orderExpression="" orderDirection="BDESC" aggEnabled="false" aggFunction="" aggFunctionParm="" levelCaption="" levelFormat="" levelSummary="" levelType="" drillLevel="0" advanced="false" levelStyle="" levelHeaderStyle="" suppress8020="false">
  </filter>
  <filter spec="[DateOfSale].[Actual].[YearSold].Members" key="" value="" text="YearSold" headEnabled="false" headCount="" filterEnabled="false" filterExpression="" orderEnabled="false" orderExpression="" orderDirection="BDESC" aggEnabled="false" aggFunction="" aggFunctionParm="" levelCaption="" levelFormat="" levelSummary="" levelType="" drillLevel="0" advanced="false" levelStyle="" levelHeaderStyle="" suppress8020="false">
  </filter>
  <measure spec="[Measures].[Units Sold]" key="" value="" text="Units Sold" headEnabled="false" headCount="" filterEnabled="false" filterExpression="" orderEnabled="false" orderExpression="" orderDirection="BDESC" aggEnabled="false" aggFunction="" aggFunctionParm="" levelCaption="" levelFormat="" levelSummary="" levelType="" drillLevel="0" advanced="false" levelStyle="" levelHeaderStyle="" suppress8020="false">
  </measure>
  <listingField spec="%ID" key="" value="" text="ID" headEnabled="false" headCount="" filterEnabled="false" filterExpression="" orderEnabled="false" orderExpression="" orderDirection="BDESC" aggEnabled="false" aggFunction="" aggFunctionParm="" levelCaption="" levelFormat="" levelSummary="" levelType="" drillLevel="0" advanced="false" levelStyle="" levelHeaderStyle="" suppress8020="false">
  </listingField>
  <listingField spec="DateOfSale" key="" value="" text="Date Of Sale" headEnabled="false" headCount="" filterEnabled="false" filterExpression="" orderEnabled="false" orderExpression="" orderDirection="BDESC" aggEnabled="false" aggFunction="" aggFunctionParm="" levelCaption="" levelFormat="" levelSummary="" levelType="" drillLevel="0" advanced="false" levelStyle="" levelHeaderStyle="" suppress8020="false">
  </listingField>
  <listingField spec="Product-&gt;Category" key="" value="" text="Product Category" headEnabled="false" headCount="" filterEnabled="false" filterExpression="" orderEnabled="false" orderExpression="" orderDirection="BDESC" aggEnabled="false" aggFunction="" aggFunctionParm="" levelCaption="" levelFormat="" levelSummary="" levelType="" drillLevel="0" advanced="false" levelStyle="" levelHeaderStyle="" suppress8020="false">
  </listingField>
  <listingField spec="AmountOfSale Revenue" key="" value="" text="Revenue" headEnabled="false" headCount="" filterEnabled="false" filterExpression="" orderEnabled="false" orderExpression="" orderDirection="BDESC" aggEnabled="false" aggFunction="" aggFunctionParm="" levelCaption="" levelFormat="" levelSummary="" levelType="" drillLevel="0" advanced="false" levelStyle="" levelHeaderStyle="" suppress8020="false">
  </listingField>
</pivot>
</Document></Export>
