<?xml version="1.0" encoding="UTF-8"?>
<Export generator="IRIS" version="26" zv="IRIS for Windows (x86-64) 2021.2 (Build 651U)" ts="2022-02-14 16:50:43">
<Document name="Training-Analytics-Exercises-Revenue by Regions.pivot.DFI">
<pivot xmlns="http://www.intersystems.com/deepsee/library" name="Revenue by Regions" folderName="Training/Analytics/Exercises" title="" description="" keywords="" owner="" shared="true" public="true" locked="false" resource="" timeCreated="2022-02-14T20:50:41.425Z" createdBy="SuperUser" category="Exercises" bookCover="" mdx="" cellWidth="120" columnHeaderStyle="" rowHeaderStyle="" cellStyle="" rowLabelSpan="true" columnLabelSpan="true" cellHeight="22" showEmptyRows="false" showEmptyColumns="false" cubeName="HOLEFOODS" caption="" listing="" listingRows="" showStatus="true" canDrillDown="true" pageSize="100" colorScale="" rowTotals="false" columnTotals="false" rowTotalAgg="sum" columnTotalAgg="sum" rowTotalSource="page" showZebra="false" showRowCaption="true" printTitle="" printSubtitle="" printSubtitleOn="" showUser="" printPageSize="" printOrientation="1" printMarginTop="" printMarginLeft="" printMarginRight="" printMarginBottom="" printLabelWidth="" printCellWidth="" autoExecute="true" previewMode="false" manualMode="false" userMDX="" chartMarginTop="" chartMarginLeft="" chartMarginRight="" chartMarginBottom="" maxRows="" borderLeftCell="" borderRightCell="" borderTopCell="" borderBottomCell="" borderLeftCol="" borderRightCol="" borderTopCol="" borderBottomCol="" borderLeftRow="" borderRightRow="" borderTopRow="" borderBottomRow="" fontFamilyCell="" fontSizeCell="" fontFamilyCol="" fontSizeCol="" fontFamilyRow="" fontSizeRow="" showFilters="" showListingFilters="" showDate="" listingFontSize="" showZebraStripes="" filterTableStyle="" filterTableCaptionStyle="" filterTableItemStyle="" nowDisplayFormat="" measureLocation="columns" hideMeasures="1" backgroundImage="" backgroundOpacity=".12">
  <rowAxisOptions spec="" key="" value="" text="" headEnabled="false" headCount="" filterEnabled="false" filterExpression="" orderEnabled="true" orderExpression="Measures.[Amount Sold]" orderDirection="BDESC" aggEnabled="false" aggFunction="" aggFunctionParm="" levelCaption="" levelFormat="" levelSummary="" levelType="" drillLevel="0" advanced="false" levelStyle="" levelHeaderStyle="" suppress8020="false" drilldownSpec="" enabled="true">
  </rowAxisOptions>
  <columnAxisOptions spec="" key="" value="" text="" headEnabled="false" headCount="" filterEnabled="false" filterExpression="" orderEnabled="false" orderExpression="" orderDirection="BDESC" aggEnabled="false" aggFunction="" aggFunctionParm="" levelCaption="" levelFormat="" levelSummary="" levelType="" drillLevel="0" advanced="false" levelStyle="" levelHeaderStyle="" suppress8020="false" drilldownSpec="" enabled="true">
  </columnAxisOptions>
  <rowLevel spec="[Outlet].[H1].[Region].Members" key="" value="" text="Outlet" headEnabled="false" headCount="" filterEnabled="false" filterExpression="" orderEnabled="false" orderExpression="" orderDirection="BDESC" aggEnabled="false" aggFunction="" aggFunctionParm="" levelCaption="" levelFormat="" levelSummary="" levelType="" drillLevel="0" advanced="false" levelStyle="" levelHeaderStyle="" suppress8020="false" drilldownSpec="" enabled="true">
  </rowLevel>
  <columnLevel spec="[Measures].[Amount Sold]" key="" value="" text="Revenue" headEnabled="false" headCount="" filterEnabled="false" filterExpression="" orderEnabled="false" orderExpression="" orderDirection="BDESC" aggEnabled="false" aggFunction="" aggFunctionParm="" levelCaption="" levelFormat="" levelSummary="" levelType="" drillLevel="0" advanced="false" levelStyle="" levelHeaderStyle="" suppress8020="false" drilldownSpec="" enabled="true">
  </columnLevel>
  <columnLevel spec="[DATEOFSALE].[YEARLY HISTORY (REVENUE)]" key="" value="" text="Yearly History (Revenue)" headEnabled="false" headCount="" filterEnabled="false" filterExpression="" orderEnabled="false" orderExpression="" orderDirection="BDESC" aggEnabled="false" aggFunction="" aggFunctionParm="" levelCaption="" levelFormat="" levelSummary="" levelType="" drillLevel="0" advanced="false" levelStyle="" levelHeaderStyle="" suppress8020="false" drilldownSpec="" enabled="true">
  </columnLevel>
  <filter spec="[Product].[P1].[Product Category].Members" key="&amp;[Dairy]" value="" text="Dairy" headEnabled="false" headCount="" filterEnabled="false" filterExpression="" orderEnabled="false" orderExpression="" orderDirection="BDESC" aggEnabled="false" aggFunction="" aggFunctionParm="" levelCaption="" levelFormat="" levelSummary="" levelType="" drillLevel="0" advanced="false" levelStyle="" levelHeaderStyle="" suppress8020="false" drilldownSpec="" enabled="false">
  </filter>
  <sqlRestriction></sqlRestriction>
  <calculatedMember dimension="DateOfSale" memberName="Yearly History (Revenue)" valueExpression="%MDX(&quot;SELECT NON EMPTY NONEMPTYCROSSJOIN(%LIST([DATEOFSALE].[YearSold].Members),[Measures].[Amount Sold]) ON 0 FROM [HOLEFOODS]&quot;,&quot;%CONTEXT&quot;,&quot;rows|filters&quot;)" formatString="" solveOrder="0"></calculatedMember>
</pivot>
</Document></Export>
