<?xml version="1.0" encoding="UTF-8"?>
<dashboard xmlns="http://www.intersystems.com/deepsee/library" name="Units by Category and Region dash" folderName="Training/Analytics/Exercises" title="Units by Category and Region" description="" keywords="" owner="" shared="true" public="true" locked="false" resource="" timeCreated="2013-04-05T17:25:19.332Z" createdBy="UnknownUser" category="" bookCover="" scheme="" worklistCount="0" snapTo="true" snapGrid="true" gridRows="10" gridCols="10" canResize="true" canModify="true" showTitleBar="true" companyName="" companyLogo="" companyStyle="">
  <widget name="Widget1" type="pivot" subtype="pivot" subtypeClass="lineChart" title="Units by Category and Region" dataSource="Training/Analytics/Exercises/Units by Categories and Regions.pivot" dataLink="" drillDownDataSource="" width="200" height="200" sidebarContent="" showSidebar="false" sidebarWidth="" maximized="false" homeRowL="0" homeColL="0" colSpanL="5" rowSpanL="4" showToolbar="true" theme="">
    <control name="" action="applyFilter" target="*" targetProperty="[Channel].[H1].[Channel Name]" location="widget" type="auto" controlClass="" label="Channel Name" title="" value="" text="" readOnly="false" valueList="" displayList="" activeWhen=""></control>
    <control name="" action="applyFilter" target="*" targetProperty="[DateOfSale].[Actual].[YearSold]" location="widget" type="auto" controlClass="" label="YearSold" title="" value="" text="" readOnly="false" valueList="" displayList="" activeWhen=""></control>
    <control name="" action="refresh" target="" targetProperty="" location="widget" type="auto" controlClass="" label="" title="" value="" text="" readOnly="false" valueList="" displayList="" activeWhen=""></control>
    <control name="" action="reloadDashboard" target="" targetProperty="" location="widget" type="auto" controlClass="" label="" title="" value="" text="" readOnly="false" valueList="" displayList="" activeWhen=""></control>
    <control name="" action="showListing" target="" targetProperty="$$$CUSTOM" location="widget" type="auto" controlClass="" label="" title="" value="" text="" readOnly="false" valueList="" displayList="" activeWhen=""></control>
    <property name="analyzer">0</property>
    <property name="drillDown">1</property>
    <property name="print">1</property>
  </widget>
  <widget name="Widget2" type="pivot" subtype="columnChart" subtypeClass="barChart" title="" dataSource="Training/Analytics/Exercises/Units by Categories and Regions.pivot" dataLink="" drillDownDataSource="" width="200" height="200" sidebarContent="" showSidebar="false" sidebarWidth="" maximized="false" homeRowL="4" homeColL="0" colSpanL="5" rowSpanL="5" showToolbar="true" theme="">
    <property name="analyzer">0</property>
    <property name="chartMarginBottom"></property>
    <property name="chartMarginLeft"></property>
    <property name="chartMarginTop"></property>
    <property name="drillDown">1</property>
    <property name="print">1</property>
    <property name="printMarginBottom"></property>
    <property name="printMarginLeft"></property>
    <property name="printMarginRight"></property>
    <property name="printMarginTop"></property>
    <property name="printOrientation">landscape</property>
    <property name="printPageSize">8.5x11 in</property>
    <property name="printSubtitle"></property>
    <property name="printTitle">Units by Category and Region</property>
  </widget>
</dashboard>