<?xml version="1.0" encoding="UTF-8"?>
<Export generator="Cache" version="25" zv="Cache for Windows (x86-64) 2012.1 (Build 564U)" ts="2012-03-08 19:06:08">
<Class name="Demo.HL7.MsgRouter.Functions">
<Description>
Functions to use in rule definitions for the sample message router production.</Description>
<ClassType/>
<ProcedureBlock>1</ProcedureBlock>
<Super>Ens.Rule.FunctionSet</Super>
<TimeChanged>62489,43169</TimeChanged>
<TimeCreated>60211,45594.129234</TimeCreated>

<Method name="DayOfWeek">
<Description>
Returns the ordinal position of the day in the week, 
where 1 is Sunday, 2 is Monday, and so on.</Description>
<Final>1</Final>
<ClassMethod>1</ClassMethod>
<CodeMode>expression</CodeMode>
<ReturnType>%Integer</ReturnType>
<Implementation><![CDATA[$zd($H,10)
]]></Implementation>
</Method>

<Method name="TimeInSeconds">
<Description>
Returns the time as a number of seconds since midnight.</Description>
<Final>1</Final>
<ClassMethod>1</ClassMethod>
<CodeMode>expression</CodeMode>
<ReturnType>%Integer</ReturnType>
<Implementation><![CDATA[$p($H,",",2)
]]></Implementation>
</Method>
</Class>


<Class name="Hospital.Address">
<Description>
Created from: :\Ensemble\XMLVDoc\PatientSchema.xsd</Description>
<ProcedureBlock>1</ProcedureBlock>
<Super>%Persistent,%XML.Adaptor</Super>
<TimeChanged>62517,50449.707324</TimeChanged>
<TimeCreated>62517,50229.718884</TimeCreated>

<Parameter name="XMLNAME">
<Default>Address</Default>
</Parameter>

<Parameter name="XMLSEQUENCE">
<Default>1</Default>
</Parameter>

<Property name="Street">
<Type>%String</Type>
<Parameter name="MAXLEN"/>
<Parameter name="XMLNAME" value="Street"/>
</Property>

<Property name="City">
<Type>%String</Type>
<Parameter name="MAXLEN"/>
<Parameter name="XMLNAME" value="City"/>
</Property>

<Property name="State">
<Type>%String</Type>
<Parameter name="MAXLEN"/>
<Parameter name="XMLNAME" value="State"/>
</Property>

<Property name="Zip">
<Type>%String</Type>
<Parameter name="MAXLEN"/>
<Parameter name="XMLNAME" value="Zip"/>
</Property>

<Storage name="Default">
<Type>%Library.CacheStorage</Type>
<DataLocation>^Hospital.AddressD</DataLocation>
<DefaultData>AddressDefaultData</DefaultData>
<IdLocation>^Hospital.AddressD</IdLocation>
<IndexLocation>^Hospital.AddressI</IndexLocation>
<StreamLocation>^Hospital.AddressS</StreamLocation>
<Data name="AddressDefaultData">
<Structure>listnode</Structure>
<Subscript/>
<Value name="1">
<Value>%%CLASSNAME</Value>
</Value>
<Value name="2">
<Value>Street</Value>
</Value>
<Value name="3">
<Value>City</Value>
</Value>
<Value name="4">
<Value>State</Value>
</Value>
<Value name="5">
<Value>Zip</Value>
</Value>
</Data>
</Storage>
</Class>


<Class name="Hospital.FromPatientDataRouterRoutingRule">
<Description>
</Description>
<ProcedureBlock>1</ProcedureBlock>
<Super>Ens.Rule.Definition</Super>
<TimeChanged>62524,68687.465206</TimeChanged>
<TimeCreated>62519,39678.665333</TimeCreated>

<Parameter name="RuleAssistClass">
<Default>EnsLib.MsgRouter.VDocRuleAssistCompatible</Default>
</Parameter>

<XData name="RuleDefinition">
<XMLNamespace>http://www.intersystems.com/rule</XMLNamespace>
<Data><![CDATA[
<ruleDefinition alias="Hospital.From_PatientDataRouterRoutingRule" context="EnsLib.MsgRouter.VDocRoutingEngine" production="Hospital.XMLVDocProd">
<ruleSet name="" effectiveBegin="" effectiveEnd="">
<rule name="" disabled="false">
<constraint name="msgClass" value="EnsLib.EDI.XML.Document"></constraint>
<constraint name="docCategory" value="PatientDataSchema"></constraint>
<constraint name="docType" value="PatientData"></constraint>
<when condition="1">
<send transform="Hospital.PatientDataToUpdatePatientRequestDTL" target="Hospital.UpdatePatientDatabaseOperation"></send>
</when>
</rule>
<rule name="" disabled="false">
<constraint name="msgClass" value="EnsLib.EDI.XML.Document"></constraint>
<constraint name="docCategory" value="PatientDataSchema"></constraint>
<constraint name="docType" value="PatientData"></constraint>
<when condition="(Document.{InsuranceCompany}!=&quot;&quot;)||(Document.{CreditRating}&gt;=70)">
<send transform="Hospital.PatientDataToPatientAdmitDTL" target="To_OKToAdmit"></send>
<send transform="Hospital.PatientDataToADTA01DTL" target="To_ADTSystem"></send>
<return></return>
</when>
<otherwise>
<send transform="" target="To_NotOKToAdmit"></send>
<return></return>
</otherwise>
</rule>
</ruleSet>
</ruleDefinition>
]]></Data>
</XData>
</Class>


<Class name="Hospital.PatientDataToADTA01DTL">
<Description>
</Description>
<Super>Ens.DataTransformDTL</Super>
<TimeChanged>62524,67894.978238</TimeChanged>
<TimeCreated>62524,67157.032168</TimeCreated>

<Parameter name="REPORTERRORS">
<Default>1</Default>
</Parameter>

<XData name="DTL">
<XMLNamespace>http://www.intersystems.com/dtl</XMLNamespace>
<Data><![CDATA[
<transform sourceClass='EnsLib.EDI.XML.Document' targetClass='EnsLib.HL7.Message' sourceDocType='PatientDataSchema:PatientData' targetDocType='2.3:ADT_A01' create='new' language='objectscript' >
<assign value='"MSH|^~\&amp;|FOCUS 2000 ver.4.3.12|4370|eTLAB|J2test|20080624133634||ADT^A01|200806241336340801|P|2.2|1|||||| "' property='target.{MSH}' action='set' />
<assign value='"EVN|A01|200811241212||1"' property='target.{EVN}' action='set' />
<assign value='source.{HomeAdd.Street}' property='target.{PID:PatientAddress(1).streetaddress}' action='set' />
<assign value='source.{HomeAdd.City}' property='target.{PID:PatientAddress(1).city}' action='set' />
<assign value='source.{HomeAdd.State}' property='target.{PID:PatientAddress(1).stateorprovince}' action='set' />
<assign value='source.{HomeAdd.Zip}' property='target.{PID:PatientAddress(1).ziporpostalcode}' action='set' />
<assign value='source.{WorkAdd.Street}' property='target.{PID:PatientAddress(2).streetaddress}' action='set' />
<assign value='source.{WorkAdd.City}' property='target.{PID:PatientAddress(2).city}' action='set' />
<assign value='source.{WorkAdd.State}' property='target.{PID:PatientAddress(2).stateorprovince}' action='set' />
<assign value='source.{WorkAdd.Zip}' property='target.{PID:PatientAddress(2).ziporpostalcode}' action='set' />
<assign value='..Strip(source.{PhoneNumbers(1)},"*","-")' property='target.{PID:PhoneNumberHome(1)}' action='set' />
<assign value='..Strip(source.{PhoneNumbers(2)},"*","-")' property='target.{PID:PhoneNumberHome(2)}' action='set' />
<assign value='..Strip(source.{PhoneNumbers(3)},"*","-")' property='target.{PID:PhoneNumberBusiness(1)}' action='set' />
<assign value='source.{InsuranceCompany}' property='target.{IN1grp(1).IN1:InsuranceCompanyName}' action='set' />
<assign value='..Piece(source.{Name},",",2)' property='target.{PID:PatientName.familyname}' action='set' />
<assign value='..Piece(source.{Name},",",1)' property='target.{PID:PatientName.givenname}' action='set' />
<assign value='..Piece(source.{Name},",",3)' property='target.{PID:PatientName.middleinitialorname}' action='set' />
<assign value='"Home"' property='target.{PID:PatientAddress(1).addresstype}' action='set' />
<assign value='"Work"' property='target.{PID:PatientAddress(2).addresstype}' action='set' />
</transform>
]]></Data>
</XData>
</Class>


<Class name="Hospital.PatientDataToPatientAdmitDTL">
<Description>
</Description>
<Super>Ens.DataTransformDTL</Super>
<TimeChanged>62524,65439.722342</TimeChanged>
<TimeCreated>62524,64451.152622</TimeCreated>

<Parameter name="REPORTERRORS">
<Default>1</Default>
</Parameter>

<XData name="DTL">
<XMLNamespace>http://www.intersystems.com/dtl</XMLNamespace>
<Data><![CDATA[
<transform sourceClass='EnsLib.EDI.XML.Document' targetClass='EnsLib.EDI.XML.Document' sourceDocType='PatientDataSchema:PatientData' targetDocType='HospitalAdmissionDataSchema:AdmissionData' create='new' language='objectscript' >
<assign value='source.{InsuranceCompany}' property='target.{InsuranceCompany}' action='set' />
<assign value='source.{PrimaryPhysician}' property='target.{PrimaryPhysicianName}' action='set' />
<assign value='source.{CreditRating}' property='target.{CreditRating}' action='set' />
<assign value='source.{HomeAdd}' property='target.{HomeAddress}' action='set' />
<assign value='source.{WorkAdd}' property='target.{WorkAddress}' action='set' />
<assign value='source.{PhoneNumbers()}' property='target.{Phones()}' action='set' />
<assign value='"Ensemble:Hospital:"_source.{PatientID}' property='target.{PatientID}' action='set' />
<assign value='..Piece(source.{Name},",",1)' property='target.{PatientLastName}' action='set' />
<assign value='..Piece(source.{Name},",",2)' property='target.{PatientFirstName}' action='set' />
<assign value='..Piece(source.{Name},",",3)' property='target.{PatientMiddleInitial}' action='set' />
<foreach property='source.{PhoneNumbers()}' key='k1' >
<assign value='..Strip(source.{PhoneNumbers(k1)},"*","-")' property='target.{Phones(k1)}' action='set' />
</foreach>
<if condition='source.{InsuranceCompany}=""' >
<true>
<assign value='0' property='target.{IsInsured}' action='set' />
</true>
<false>
<assign value='1' property='target.{IsInsured}' action='set' />
</false>
</if>
<assign value='..CurrentDateTime()' property='target.{Date}' action='set' />
</transform>
]]></Data>
</XData>
</Class>


<Class name="Hospital.PatientDataToUpdatePatientRequestDTL">
<Description>
</Description>
<Super>Ens.DataTransformDTL</Super>
<TimeChanged>62524,66136.662581</TimeChanged>
<TimeCreated>62524,65923.360157</TimeCreated>

<Parameter name="REPORTERRORS">
<Default>1</Default>
</Parameter>

<XData name="DTL">
<XMLNamespace>http://www.intersystems.com/dtl</XMLNamespace>
<Data><![CDATA[
<transform sourceClass='EnsLib.EDI.XML.Document' targetClass='Hospital.UpdatePatientRequest' sourceDocType='PatientDataSchema:PatientData' create='new' language='objectscript' >
<assign value='source.{Name}' property='target.PatientName' action='set' />
<assign value='source.{InsuranceCompany}' property='target.InsuranceCompany' action='set' />
<assign value='source.{PrimaryPhysician}' property='target.PrimaryCarePhysician' action='set' />
<assign value='source.{CreditRating}' property='target.CreditRating' action='set' />
<assign value='source.{HomeAdd.Street}' property='target.HomeAddress.Street' action='set' />
<assign value='source.{HomeAdd.City}' property='target.HomeAddress.City' action='set' />
<assign value='source.{HomeAdd.State}' property='target.HomeAddress.State' action='set' />
<assign value='source.{HomeAdd.Zip}' property='target.HomeAddress.Zip' action='set' />
<assign value='source.{WorkAdd.Street}' property='target.WorkAddress.Street' action='set' />
<assign value='source.{WorkAdd.City}' property='target.WorkAddress.City' action='set' />
<assign value='source.{WorkAdd.State}' property='target.WorkAddress.State' action='set' />
<assign value='source.{WorkAdd.Zip}' property='target.WorkAddress.Zip' action='set' />
<assign value='source.{PatientID}' property='target.PatientID' action='set' />
<assign value='source.{PhoneNumbers(1)}' property='target.HomePhone' action='set' />
<assign value='source.{PhoneNumbers(2)}' property='target.WorkPhone' action='set' />
<assign value='source.{PhoneNumbers(3)}' property='target.MobilePhone' action='set' />
</transform>
]]></Data>
</XData>
</Class>


<Class name="Hospital.UpdatePatientDatabaseOperation">
<ProcedureBlock>1</ProcedureBlock>
<Super>Ens.BusinessOperation</Super>
<TimeChanged>62517,63631.688454</TimeChanged>
<TimeCreated>62517,60651.332751</TimeCreated>

<Parameter name="ADAPTER">
<Default>EnsLib.SQL.OutboundAdapter</Default>
</Parameter>

<Property name="Adapter">
<Type>EnsLib.SQL.OutboundAdapter</Type>
</Property>

<Parameter name="INVOCATION">
<Default>Queue</Default>
</Parameter>

<Method name="UpdatePatient">
<FormalSpec>pRequest:Hospital.UpdatePatientRequest,*pResponse:Ens.Response</FormalSpec>
<ReturnType>%Status</ReturnType>
<Implementation><![CDATA[
	Set tSC=$$$OK
	Try{
		
		
	Set sql="Update PatientData Set Name=?,InsuranceCompany=?, CreditRating=?, HomePhone=?, "
			_"WorkPhone=?, MobilePhone=?, HomeAdd_Street=?, HomeAdd_City=?, HomeAdd_State=?, "
			_"HomeAdd_Zip=?, WorkAdd_Street=?, WorkAdd_City=?, WorkAdd_State=?, WorkAdd_Zip=? "
			_"Where PatientID=?"
	
	Set params(1) = pRequest.PatientName, params(2)=pRequest.InsuranceCompany, params(3)=pRequest.CreditRating
	Set params(4)=pRequest.HomePhone, params(5)=pRequest.WorkPhone, params(6)=pRequest.MobilePhone
	Set params(7)=pRequest.HomeAddress.Street, params(8)=pRequest.HomeAddress.City, params(9)=pRequest.HomeAddress.State
	Set params(10)=pRequest.HomeAddress.Zip, params(11)=pRequest.WorkAddress.Street
	Set params(12)=pRequest.WorkAddress.City, params(13)=pRequest.WorkAddress.State, params(14)=pRequest.WorkAddress.Zip
	Set params(15)=pRequest.PatientID, params=15
	
	Set tSC = ..Adapter.SetAutoCommit(1)
	Set tSC=..Adapter.ExecuteUpdate(.rows,sql,params...)
	$$$TRACE("rows affected: "_rows)
	}
	Catch ex{
		Set tSC = ex.AsStatus()
	}
	Quit tSC
]]></Implementation>
</Method>

<XData name="MessageMap">
<Data><![CDATA[
<MapItems>
	<MapItem MessageType="Hospital.UpdatePatientRequest"> 
		<Method>UpdatePatient</Method>
	</MapItem>
</MapItems>
]]></Data>
</XData>
</Class>


<Class name="Hospital.UpdatePatientRequest">
<Super>Ens.Request</Super>
<TimeChanged>62517,59512.035661</TimeChanged>
<TimeCreated>62516,55113.331418</TimeCreated>

<Property name="PatientID">
<Type>%String</Type>
</Property>

<Property name="PatientName">
<Type>%String</Type>
</Property>

<Property name="PrimaryCarePhysician">
<Type>%String</Type>
</Property>

<Property name="InsuranceCompany">
<Type>%String</Type>
</Property>

<Property name="CreditRating">
<Type>%Numeric</Type>
</Property>

<Property name="HomePhone">
<Type>%String</Type>
</Property>

<Property name="WorkPhone">
<Type>%String</Type>
</Property>

<Property name="MobilePhone">
<Type>%String</Type>
</Property>

<Property name="HomeAddress">
<Type>Hospital.Address</Type>
</Property>

<Property name="WorkAddress">
<Type>Hospital.Address</Type>
</Property>

<Storage name="Default">
<Type>%Library.CacheStorage</Type>
<DefaultData>UpdatePatientRequestDefaultData</DefaultData>
<Data name="UpdatePatientRequestDefaultData">
<Structure>listnode</Structure>
<Subscript>"UpdatePatientRequest"</Subscript>
<Value name="1">
<Value>PatientID</Value>
</Value>
<Value name="2">
<Value>PatientName</Value>
</Value>
<Value name="3">
<Value>PrimaryCarePhysician</Value>
</Value>
<Value name="4">
<Value>InsuranceCompany</Value>
</Value>
<Value name="5">
<Value>CreditRating</Value>
</Value>
<Value name="6">
<Value>HomePhone</Value>
</Value>
<Value name="7">
<Value>WorkPhone</Value>
</Value>
<Value name="8">
<Value>MobilePhone</Value>
</Value>
<Value name="9">
<Value>HomeAddress</Value>
</Value>
<Value name="10">
<Value>WorkAddress</Value>
</Value>
</Data>
</Storage>
</Class>


<Class name="Hospital.XMLVDocProd">
<Super>Ens.Production</Super>
<TimeChanged>62524,68652.108176</TimeChanged>
<TimeCreated>62524,58332.039691</TimeCreated>

<XData name="ProductionDefinition">
<Data><![CDATA[
<Production Name="Hospital.XMLVDocProd" TestingEnabled="true" LogGeneralTraceEvents="false">
  <Description></Description>
  <ActorPoolSize>2</ActorPoolSize>
  <Item Name="To_OKToAdmit" Category="XML" ClassName="EnsLib.EDI.XML.Operation.FileOperation" PoolSize="1" Enabled="true" Foreground="false" Comment="" LogTraceEvents="false" Schedule="">
    <Setting Target="Host" Name="Filename">AdmitPatient.xml</Setting>
    <Setting Target="Adapter" Name="FilePath">:\Ensemble\XMLVDoc\Out</Setting>
    <Setting Target="Adapter" Name="Overwrite">1</Setting>
  </Item>
  <Item Name="From_PatientData" Category="XML" ClassName="EnsLib.EDI.XML.Service.FileService" PoolSize="1" Enabled="true" Foreground="false" Comment="" LogTraceEvents="false" Schedule="">
    <Setting Target="Adapter" Name="FilePath">:\Ensemble\XMLVDoc\In</Setting>
    <Setting Target="Adapter" Name="FileSpec">PatientDataIn*.xml</Setting>
    <Setting Target="Host" Name="TargetConfigNames">From_PatientDataRouter</Setting>
    <Setting Target="Host" Name="DocSchemaCategory">PatientDataSchema</Setting>
  </Item>
  <Item Name="To_NotOKToAdmit" Category="XML" ClassName="EnsLib.EDI.XML.Operation.FileOperation" PoolSize="1" Enabled="true" Foreground="false" Comment="" LogTraceEvents="false" Schedule="">
    <Setting Target="Host" Name="Filename">DoNotAdmit.xml</Setting>
    <Setting Target="Adapter" Name="FilePath">:\Ensemble\XMLVDoc\Out</Setting>
    <Setting Target="Adapter" Name="Overwrite">1</Setting>
  </Item>
  <Item Name="From_PatientDataRouter" Category="XML" ClassName="EnsLib.MsgRouter.VDocRoutingEngine" PoolSize="0" Enabled="true" Foreground="false" Comment="" LogTraceEvents="false" Schedule="">
    <Setting Target="Host" Name="Validation"></Setting>
    <Setting Target="Host" Name="BusinessRuleName">Hospital.FromPatientDataRouterRoutingRule</Setting>
  </Item>
  <Item Name="Hospital.UpdatePatientDatabaseOperation" Category="XML,Database" ClassName="Hospital.UpdatePatientDatabaseOperation" PoolSize="1" Enabled="true" Foreground="false" Comment="" LogTraceEvents="false" Schedule="">
    <Setting Target="Adapter" Name="DSN">PatientData</Setting>
  </Item>
  <Item Name="To_ADTSystem" Category="XML,HL7" ClassName="EnsLib.HL7.Operation.FileOperation" PoolSize="1" Enabled="true" Foreground="false" Comment="" LogTraceEvents="false" Schedule="">
    <Setting Target="Host" Name="Filename">ADTSystem.txt</Setting>
    <Setting Target="Adapter" Name="FilePath">:\Ensemble\XMLVDoc\Out</Setting>
    <Setting Target="Adapter" Name="Overwrite">1</Setting>
  </Item>
</Production>
]]></Data>
</XData>
</Class>


<Project name="XMLVDocProdPart4Optional">
  <ProjectDescription>Studio Project generated from Ensemble Production 'Hospital.XMLVDocProd'</ProjectDescription>
  <Items>
    <ProjectItem name="Demo.HL7.MsgRouter.Functions" type="CLS"></ProjectItem>
    <ProjectItem name="Hospital.Address" type="CLS"></ProjectItem>
    <ProjectItem name="Hospital.FromPatientDataRouterRoutingRule" type="CLS"></ProjectItem>
    <ProjectItem name="Hospital.PatientDataToADTA01DTL" type="CLS"></ProjectItem>
    <ProjectItem name="Hospital.PatientDataToPatientAdmitDTL" type="CLS"></ProjectItem>
    <ProjectItem name="Hospital.PatientDataToUpdatePatientRequestDTL" type="CLS"></ProjectItem>
    <ProjectItem name="Hospital.UpdatePatientDatabaseOperation" type="CLS"></ProjectItem>
    <ProjectItem name="Hospital.UpdatePatientRequest" type="CLS"></ProjectItem>
    <ProjectItem name="Hospital.XMLVDocProd" type="CLS"></ProjectItem>
  </Items>
</Project>
</Export>
