<?xml version="1.0" encoding="UTF-8"?>
<Export generator="Cache" version="25">
<Class name="Demo.REST.MathService">
<Description><![CDATA[
Simple REST Service in Ensemble  

It is a Math service with a RESTful interface returning JSON:		/sum/2/3  =>  { "Sum" : 5 }

There are two ways to call this REST interface. You can test both ways using a Browser: 

1) Calling the adapter port directly

		http://IP:AdapterPort/sum/2/3

2) Or using the CSP Gateway mechanism. In order for this way to work, a web application has to be created first.
	   For example, create a new web app with the following minimum parameters:  
		Web App Name = /rest
		Namespace = yourNamespace
		Dispatch class = EnsLib.REST.Service

		http://IP:WebServerPort/rest/servicename/sum/2/3
]]></Description>
<Super>EnsLib.REST.Service</Super>
<TimeCreated>63211,41324.236163</TimeCreated>

<Parameter name="ADAPTER">
<Default>EnsLib.HTTP.InboundAdapter</Default>
</Parameter>

<Parameter name="EnsServicePrefix">
<Default>|sum</Default>
</Parameter>

<XData name="UrlMap">
<Data><![CDATA[
<Routes>
<Route Url="/:number1/:number2" Method="GET" Call="Sum"/>
</Routes>
]]></Data>
</XData>

<Method name="Sum">
<Description>

This method returns the sum of pnumber1 and pnumber2
</Description>
<ClassMethod>1</ClassMethod>
<FormalSpec>pInput:%Library.AbstractStream,*pOutput:%Stream.Object,pnumber1:%Integer,pnumber2:%Integer</FormalSpec>
<ReturnType>%Status</ReturnType>
<Implementation><![CDATA[
	set status = $$$OK
	try{
 		// Do whatever you need to do and get back an object
 		set result = pnumber1 + pnumber2
 		set tProxy = ##class(%ZEN.proxyObject).%New()
 		set tProxy.Sum = result
 		
 		// You could just write the output manually or use helper methods like ..ObjectToJSONStream() to generate JSON
 		do pOutput.SetAttribute("Content-Type","application/json")
 		do pOutput.Write("[")
 		
 		Set tOut=##class(%IO.StringStream).%New()
 		do ..ObjectToJSONStream(tProxy,.tOut)	
 		
 		do tOut.Rewind()
 		do pOutput.Write( tOut.Read() )
 		do pOutput.Write("]"_$C(13,10))
 		
	} catch (e) {
		set status = e.AsStatus()
	}
      quit status
]]></Implementation>
</Method>
</Class>
</Export>
