<?xml version="1.0" encoding="UTF-8"?>
<Export generator="Cache" version="25" zv="Cache for Windows (x86-64) 2013.1 (Build 385)" ts="2013-01-13 16:24:50">
<Class name="User.Doctors">
<Super>%Persistent,%Populate,%XML.Adaptor,%ZEN.DataModel.Adaptor</Super>
<TimeChanged>62835,58988.577138</TimeChanged>
<TimeCreated>62835,58807.6309</TimeCreated>

<Property name="ID">
<Type>%Integer</Type>
</Property>

<Property name="OperationName">
<Type>%String</Type>
</Property>

<Property name="DoctorName">
<Type>%String</Type>
</Property>

<Method name="ImportFromXML">
<ClassMethod>1</ClassMethod>
<FormalSpec>filename:%String="C:\Integration\AccessXML\Doctors.xml"</FormalSpec>
<ReturnType>%Status</ReturnType>
<Implementation><![CDATA[
	
	Set reader=##class(%XML.Reader).%New()
	Set status=reader.OpenFile(filename)
	quit:$$$ISERR(status) status
	
	Do reader.Correlate("Doctors","User.Doctors")
	
	While (reader.Next(.object,.status)){
	 	set status=object.%Save()
	 	quit:$$$ISERR(status) 
	}
	
	Quit status
]]></Implementation>
</Method>

<Storage name="Default">
<Type>%Library.CacheStorage</Type>
<DataLocation>^User.DoctorsD</DataLocation>
<DefaultData>DoctorsDefaultData</DefaultData>
<IdLocation>^User.DoctorsD</IdLocation>
<IndexLocation>^User.DoctorsI</IndexLocation>
<StreamLocation>^User.DoctorsS</StreamLocation>
<ExtentSize>100000</ExtentSize>
<Data name="DoctorsDefaultData">
<Value name="1">
<Value>%%CLASSNAME</Value>
</Value>
<Value name="2">
<Value>ID</Value>
</Value>
<Value name="3">
<Value>OperationName</Value>
</Value>
<Value name="4">
<Value>DoctorName</Value>
</Value>
</Data>
</Storage>
</Class>
</Export>
