<?xml version="1.0" encoding="UTF-8"?>
<Export generator="Cache" version="21" zv="Cache for Windows (x86-32) 2007.1.2 (Build 522U)" ts="2008-01-02 09:59:18">
<Class name="Hospital.DSUADTA06ToTransferADTA02withCodeDTL">
<Super>Ens.DataTransformDTL</Super>
<TimeCreated>60900,55330.348101</TimeCreated>

<XData name="DTL">
<XMLNamespace>http://www.intersystems.com/dtl</XMLNamespace>
<Data><![CDATA[
<?xml version="1.0" ?>
<transform targetClass='EnsLib.HL7.Message' targetDocType='2.3.1:ADT_A02' sourceClass='EnsLib.HL7.Message' sourceDocType='2.3.1:ADT_A06' create='new' language='objectscript'>
<assign property='target.{MSH}' value='source.{MSH}' action='set'/>
<assign property='target.{EVN}' value='source.{EVN}' action='set'/>
<assign property='target.{PID}' value='source.{PID}' action='set'/>
<assign property='target.{PD1}' value='source.{PD1}' action='set'/>
<assign property='target.{PV1}' value='source.{PV1}' action='set'/>
<assign property='target.{PV2}' value='source.{PV2}' action='set'/>
<assign property='target.{DB1()}' value='source.{DB1()}' action='set'/>
<assign property='target.{OBX()}' value='source.{OBX()}' action='set'/>
<assign property='target.{MSH:MessageType.triggerevent}' value='"A02"' action='set'/>
<assign property='target.{EVN:EventTypeCode}' value='"A02"' action='set'/>
<assign property='target.{MSH:Security}' value='"NONE"' action='set'/>
<if condition='source.{PID:PrimaryLanguage.identifier}=""'>
<true>
<assign property='target.{PID:PrimaryLanguage.identifier}' value='"UNKNOWN"' action='set'/>
</true>
</if>
<code>
<![CDATA[  
	set rs = ##class(%ResultSet).%New()
	set sql = "Select InsuranceCompany from EnsembleDemo.PatientData Where Name %startswith ?"
	set status = rs.Prepare(sql)
	set status = rs.Execute(source.GetValueAt("PID:PatientName(1).familylastname"))
	do rs.Next()
	if (rs.Data("InsuranceCompany")'="")
	{
		set insured="ISINSURED"
	}
	Else
	{
		set insured="NOTINSURED"

	}
	do target.SetValueAt(insured, "PID:SetIDPID")
	
	do rs.Close()
]]]]><![CDATA[>
</code>
<code>
<![CDATA[
	//The assign below also sets PID:SetIDPID, but uses a DTL assign with a $get
]]]]><![CDATA[>
</code>
<assign property='target.{PID:SetIDPID}' value='$get(insured)' action='set'/>
</transform>
]]></Data>
</XData>
</Class>
</Export>
