<?xml version="1.0" encoding="UTF-8"?>
<Export generator="Cache" version="22" zv="Cache for Windows (x86-32) 2009.1.1 (Build 504U)" ts="2009-12-02 11:15:35">
<Class name="Hospital.OperationFileFixedLengthService">
<ProcedureBlock>1</ProcedureBlock>
<Super>Ens.BusinessService</Super>
<TimeChanged>61697,40325.068327</TimeChanged>
<TimeCreated>61697,36052.950766</TimeCreated>

<Parameter name="ADAPTER">
<Default>EnsLib.File.InboundAdapter</Default>
</Parameter>

<UDLText name="T">
<Content><![CDATA[
/*
 Assumes following format for input file:
 * first 3 chars contain PatientID
 * next 25 chars contain RequestedOperation
 * next 25 chars contain LikelyOutcome
*/
]]></Content>
</UDLText>

<Method name="OnProcessInput">
<FormalSpec>pInput:%FileCharacterStream,pOutput:%RegisteredObject</FormalSpec>
<ReturnType>%Status</ReturnType>
<Implementation><![CDATA[
	Set tSC=$$$OK
	Set tLine = pInput.ReadLine()
	Set tLine = $Translate(tLine,"""") //Remove quotes
	
	if tLine '= ""
	{
		Set tRequest = ##class(Hospital.OperateRequest).%New()
		Set first=1
		Set last=3
		
		Set tPatientID=$Extract(tLine,first,last)
		Set tRequest.PatientID=$ZStrip(tPatientID,">W")
		
		Set first=last+1
		Set last=last+25	
		
		Set tRequestedOp = $Extract(tLine,first,last)
		Set tRequest.RequestedOperation=$ZStrip(tRequestedOp,">W")
		
		Set first=last+1
		Set last = last+25
		
		Set tLikelyOutcome = $Extract(tLine,first,last)
		Set tRequest.LikelyOutcome=$ZStrip(tLikelyOutcome,">W")
		
		Set tSC = ..SendRequestAsync("Hospital.PermissionToOperateProcess",tRequest)
		
	}
	
	
	
	Quit tSC
]]></Implementation>
</Method>
</Class>
</Export>
