<?xml version="1.0" encoding="UTF-8"?>
<Export generator="Cache" version="25">
<Class name="Demo.Loan.BankEvenLoanAppTransform">
<Super>Ens.DataTransformDTL</Super>
<TimeCreated>60213,48389</TimeCreated>
<DependsOn>Demo.Loan.Msg.Application,Demo.Loan.Msg.Approval</DependsOn>

<Parameter name="IGNOREMISSINGSOURCE">
<Default>0</Default>
</Parameter>

<Parameter name="REPORTERRORS">
<Default>0</Default>
</Parameter>

<XData name="DTL">
<XMLNamespace>http://www.intersystems.com/dtl</XMLNamespace>
<Data><![CDATA[
<transform sourceClass='Demo.Loan.Msg.Application' targetClass='Demo.Loan.Msg.Approval' create='new' language='objectscript' >
<assign value='process.BankName' property='target.BankName' action='set'  />
<assign value='(context.NameLength#2)=0' property='target.IsApproved' action='set'  />
</transform>
]]></Data>
</XData>
</Class>
</Export>
