<?xml version="1.0" encoding="UTF-8"?>
<Export generator="Cache" version="25">
<Class name="Demo.Loan.BankUSProduction">
<ClassType/>
<ProcedureBlock>1</ProcedureBlock>
<Super>Ens.Production</Super>
<TimeCreated>59312,56897.326</TimeCreated>

<XData name="ProductionDefinition">
<Data><![CDATA[
<Production Name="Demo.Loan.BankUSProduction" TestingEnabled="true">
  <ActorPoolSize>2</ActorPoolSize>
  <Item Name="Demo.Loan.BankUSTerminalService" ClassName="Demo.Loan.BankUSTerminalService" PoolSize="0" Enabled="true" Foreground="false" InactivityTimeout="0">
  </Item>
  <Item Name="Demo.Loan.WebOperations" ClassName="Demo.Loan.WebOperations" PoolSize="1" Enabled="true" Foreground="false" InactivityTimeout="0">
  </Item>
  <Item Name="Demo.Loan.BankUS" ClassName="Demo.Loan.BankUS" PoolSize="1" Enabled="true" Foreground="false" InactivityTimeout="0">
  </Item>
</Production>
]]></Data>
</XData>

<Method name="Test">
<ClassMethod>1</ClassMethod>
<Implementation><![CDATA[
	Do ..Start()
	;
	Set tSC=##class(Ens.Director).CreateBusinessService("Demo.Loan.BankUSTerminalService",.tBusinessService)
	If $$$ISERR(tSC) Do $system.OBJ.DisplayError(tSC) Quit
	For {
		Read !,"amount:name:taxid:nationality>",tInput,! Quit:tInput=""
		Set tSC=tBusinessService.ProcessInput(##class(Ens.StringContainer).%New(tInput),.tOutput)
		If 'tSC Do $system.Status.DisplayError(tSC) Continue
		Write !,tOutput.StringValue
	}
	Set tBusinessService = $$$NULLOREF
	;
	Do ..Stop()
	Quit
]]></Implementation>
</Method>
</Class>
</Export>
