<?xml version="1.0" encoding="UTF-8"?>
<Export generator="Cache" version="22" zv="Cache for Windows (x86-32) 2008.2 (Build 526U)" ts="2009-01-22 11:01:14">
<Class name="Hospital.HL7Metric">
<Description>
</Description>
<Super>Ens.BusinessMetric</Super>
<TimeChanged>61383,39428.455689</TimeChanged>
<TimeCreated>61052,40969.018869</TimeCreated>

<Property name="HospitalMessageRouterMsgs">
<Type>Ens.DataType.Metric</Type>
<Parameter name="RANGELOWER" value="0"/>
<Parameter name="RANGEUPPER" value="500"/>
<Parameter name="UNITS" value="HL7 Messages"/>
</Property>

<Property name="PharmacyFileOperationStatus">
<Type>Ens.DataType.Metric</Type>
<Parameter name="RANGELOWER" value="-1"/>
<Parameter name="RANGEUPPER" value="1"/>
</Property>

<Method name="OnCalculateMetrics">
<ReturnType>%Status</ReturnType>
<Implementation><![CDATA[
	//Determine how many messages were processed by HospitalMessageRouter on the current day
	&sql(SELECT COUNT(*) into :count FROM Ens.MessageHeader WHERE
	SourceConfigName='HospitalMessageRouter' AND 
	DATEDIFF('dd',CURRENT_TIMESTAMP,TimeProcessed)=0)
	
	//Set the metric to the current count of messages
	Set ..HospitalMessageRouterMsgs=count
	
	
	//Execute EnumerateHostStatus query contained in Ens.Util.Statistics class
	Set rs=##class(%ResultSet).%New("Ens.Util.Statistics:EnumerateHostStatus")
	Set sc = rs.Execute()
	
	//Loop through results until row for PharmacyFileOperation
	While rs.Next(){
		
		if (rs.Data("Name")="PharmacyFileOperation")
		{
			//Test Status value. If anything other than OK status=-1
			if (rs.Data("Status")'="OK") 
			{
				set status = -1	
			}	
			else
			{
				set status = 1
			}
			quit
		}		
		
	}
	
	//Set the metric to reflect the status
	Set ..PharmacyFileOperationStatus=status

	Quit $$$OK
]]></Implementation>
</Method>
</Class>


<Class name="Hospital.HospitalHL7Dash">
<Description>
</Description>
<Super>Ens.Dashboard</Super>
<TimeChanged>61382,48889</TimeChanged>
<TimeCreated>61052,41532.753906</TimeCreated>

<XData name="Dashboard">
<Data><![CDATA[
<Dashboard RefreshRate="2000" Metric="Hospital.HL7Metric">
<Speedometer Label="HospitalMessageRouter" Property="HospitalMessageRouterMsgs" />
<Smiley Label="PharmacyFileOperation" Property="PharmacyFileOperationStatus"/>
</Dashboard>
]]></Data>
</XData>
</Class>
</Export>
