<?xml version="1.0" encoding="UTF-8"?>
<Export generator="Cache" version="21" zv="Cache for Windows (x86-32) 2007.1.2 (Build 517U)" ts="2007-10-10 09:39:03">
<Class name="Hospital.PatientDatabaseOperation">
<Description>
</Description>
<ProcedureBlock>1</ProcedureBlock>
<Super>Ens.BusinessOperation</Super>
<TimeCreated>60856,40488.875969</TimeCreated>

<Parameter name="ADAPTER">
<Default>EnsLib.SQL.OutboundAdapter</Default>
</Parameter>

<Parameter name="INVOCATION">
<Default>Queue</Default>
</Parameter>

<Method name="PatientInfo">
<FormalSpec>pRequest:Hospital.PatientInfoRequest,*pResponse:Hospital.PatientInfoResponse</FormalSpec>
<ReturnType>%Status</ReturnType>
<Implementation><![CDATA[

	set pResponse = ##class(Hospital.PatientInfoResponse).%New()
	set query = "Select Name, HomePhone, InsuranceCompany, CreditRating from PatientData where PatientID = "_pRequest.PatientID
	set st = ..Adapter.ExecuteQuery(.tResult,query)
	$$$TRACE("st = "_st)
	do tResult.Next()
	set pResponse.PatientName = tResult.Get("Name")
	set pResponse.PatientHomePhone = tResult.Get("HomePhone")
	set pResponse.CreditRating = tResult.Get("CreditRating")
	set pResponse.IsInsured = 1
	set pResponse.InsuranceCompany = tResult.Get("InsuranceCompany")
	if (pResponse.InsuranceCompany="") set pResponse.IsInsured = 0
	
	Quit $$$OK
]]></Implementation>
</Method>

<XData name="MessageMap">
<Data><![CDATA[
<MapItems>
	<MapItem MessageType="Hospital.PatientInfoRequest"> 
		<Method>PatientInfo</Method>
	</MapItem>
</MapItems>
]]></Data>
</XData>
</Class>
</Export>
