<?xml version="1.0" encoding="UTF-8"?>
<Export generator="Cache" version="21" zv="Cache for Windows (x86-32) 2007.1.2 (Build 517U)" ts="2007-10-10 09:50:52">
<Class name="Hospital.OperationFileService">
<Description>
</Description>
<ProcedureBlock>1</ProcedureBlock>
<Super>Ens.BusinessService</Super>
<TimeCreated>60856,53129.515605</TimeCreated>

<Parameter name="ADAPTER">
<Default>EnsLib.File.InboundAdapter</Default>
</Parameter>

<Method name="OnProcessInput">
<FormalSpec>pInput:%Stream.Object,pOutput:%RegisteredObject</FormalSpec>
<ReturnType>%Status</ReturnType>
<Implementation><![CDATA[

	set tLine = pInput.ReadLine()
	$$$TRACE("tLine = "_tLine)
			set tRequest = ##class(Hospital.OperateRequest).%New()
		$$$TRACE("Created request.")
		set tRequest.PatientID = $piece(tLine,":",1)
		$$$TRACE("PatientID = "_ tRequest.PatientID)
		set tRequest.RequestedOperation = $piece(tLine,":",2)
		set tRequest.LikelyOutcome = $piece(tLine,":",3) 
		
	set st = ..SendRequestAsync("Hospital.PermissionToOperateProcess",tRequest)
	
	Quit $$$OK
]]></Implementation>
</Method>
</Class>
</Export>
