<?xml version="1.0" encoding="UTF-8"?>
<Export generator="Cache" version="25" zv="Cache for Windows (x86-32) 2012.1 (Build 564U)" ts="2012-02-08 18:13:21">
<Class name="Hospital.PharmacyStudyRecordMap">
<ProcedureBlock>1</ProcedureBlock>
<Super>EnsLib.RecordMap.RecordMap</Super>
<TimeChanged>62495,65373.793256</TimeChanged>
<TimeCreated>62495,65373.792419</TimeCreated>

<XData name="RecordMap">
<XMLNamespace>http://www.intersystems.com/Ensemble/RecordMap</XMLNamespace>
<Data><![CDATA[
<Record xmlns="http://www.intersystems.com/Ensemble/RecordMap" name="Hospital.PharmacyStudyRecordMap" type="delimited" char_encoding="UTF-8" targetClassname="Hospital.PharmacyStudyRequest" padFromLeft="0" recordTerminator="\x0d\x0a">
  <Separators>
    <Separator>:</Separator>
  </Separators>
  <Field name="PatientName" required="0" datatype="%String"></Field>
  <Field name="DOB" required="0" datatype="%String"></Field>
  <Field name="SSN" required="0" datatype="%String"></Field>
  <Field name="Medication" required="0" datatype="%String"></Field>
</Record>
]]></Data>
</XData>
</Class>
</Export>
