<?xml version="1.0" encoding="UTF-8"?>
<Export generator="Cache" version="25" zv="Cache for Windows (x86-32) 2012.1 (Build 564U)" ts="2012-02-09 10:14:17">
<Class name="Hospital.PharmacyStudyRecordMap">
<ProcedureBlock>1</ProcedureBlock>
<Super>EnsLib.RecordMap.RecordMap</Super>
<TimeChanged>62496,36810.196753</TimeChanged>
<TimeCreated>62495,65373.792419</TimeCreated>

<XData name="RecordMap">
<XMLNamespace>http://www.intersystems.com/Ensemble/RecordMap</XMLNamespace>
<Data><![CDATA[
<Record xmlns="http://www.intersystems.com/Ensemble/RecordMap" name="Hospital.PharmacyStudyRecordMap" type="delimited" char_encoding="UTF-8" targetClassname="Hospital.PharmacyStudyRequest" padFromLeft="0" recordTerminator="\x0d\x0a">
  <Separators>
    <Separator>:</Separator>
    <Separator>\x20</Separator>
  </Separators>
  <Field name="PatientName" required="0" datatype="%String"></Field>
  <Field name="DOB" required="0" datatype="%String"></Field>
  <Field name="SSN" required="0" datatype="%String"></Field>
  <Field name="Medication" required="0" datatype="%String"></Field>
  <Composite name="Physician" required="0">
    <Field name="Physician.FirstName" required="0" datatype="%String"></Field>
    <Field name="Physician.LastName" required="0" datatype="%String"></Field>
  </Composite>
  <Field name="OrderNumber" required="0" datatype="%String"></Field>
</Record>
]]></Data>
</XData>

<Method name="PutObject">
<Description>
Method to write a record to a stream or device. This method will be generated based on the
structure of the RecordMap. For testing purposes, a file name may be passed in the pStream argument.</Description>
<ClassMethod>1</ClassMethod>
<FormalSpec><![CDATA[pStream:%IO.DeviceStream,pObject:%RegisteredObject,pFlush:%Boolean=1,&pPadArray:%String]]></FormalSpec>
<ReturnType>%Status</ReturnType>
<Implementation><![CDATA[
	Try {
		Set tStatus = $$$OK
		If '$IsObject(pStream) {
			Set tFilename = pStream
			Set pStream = ##class(%IO.FileStream).%New()
			Do pStream.Open(tFilename,"WAE",,"UTF-8", .tStatus)
			If $$$ISERR(tStatus) Quit
		}
		Set tHasTopFields = $parameter(pObject,"INCLUDETOPFIELDS")
		Set pStream.CharEncoding = "UTF-8"

		Set tStatus = ..PutRecord(pStream, pObject, tHasTopFields, .pPadArray)
		If $$$ISERR(tStatus) Quit
		If pFlush Do pStream.Flush(.tStatus)
		If $$$ISERR(tStatus) Quit
	}
	Catch ex {
		Set tStatus = ex.AsStatus()
	}
	Quit tStatus
]]></Implementation>
</Method>

<Parameter name="OBJECTNAME">
<Default>Hospital.PharmacyStudyRequest</Default>
</Parameter>

<Method name="GetObject">
<Description>
Method to retrieve a record from a stream or device. This method will be generated based on the
structure of the RecordMap. For testing purposes, a file name may be passed in the pStream argument.</Description>
<ClassMethod>1</ClassMethod>
<FormalSpec><![CDATA[pStream:%IO.DeviceStream,*pObject:%RegisteredObject,pTimeout:%Numeric=-1,&pLookAhead:%String="",pLabelFound:%Boolean=0]]></FormalSpec>
<ReturnType>%Status</ReturnType>
<Implementation><![CDATA[
	Try {
		Set tStatus = $$$OK
		Set pObject = $$$NULLOREF
		If '$IsObject(pStream) {
			Set tFilename = pStream
			Set pStream = ##class(%IO.FileStream).%New()
			Do pStream.Open(tFilename,,pTimeout,"UTF-8", .tStatus)
			If $$$ISERR(tStatus) Quit
		}
		Set tObjectName = $parameter($this,"OBJECTNAME")
		Set tObject = $classmethod(tObjectName,"%New")
		If '$IsObject(tObject) {
			Set tStatus = $$$ERROR($$$CannotCreateObject,tObjectName)
			Quit
		}
		Set tObject.%Source = pStream.Name
		Set tGetTopFields = $parameter(tObject,"INCLUDETOPFIELDS")
		If pStream.AtEnd {
			Set tStatus = $$$ERROR($$$EnsRecordMapErrStreamAtEnd, pStream.Name)
			Quit
		}
		Set pStream.CharEncoding = "UTF-8"

		#; Parse incoming stream
		Set tStatus = ..GetRecord(pStream, tObject, tGetTopFields, pTimeout, pLookAhead, pLabelFound)
		If $$$ISERR(tStatus) Quit
	}
	Catch ex {
		Set tStatus = ex.AsStatus()
	}
	If $$$ISERR(tStatus) { Set pObject = $$$NULLOREF }
	Else { Set pObject = tObject }
	Quit tStatus
]]></Implementation>
</Method>

<Method name="PutRecord">
<Description>
Internal helper method to output object to a stream</Description>
<Internal>1</Internal>
<ClassMethod>1</ClassMethod>
<FormalSpec><![CDATA[pStream:%IO.DeviceStream,pObject:%RegisteredObject,pHasTopFields:%Boolean,&pPadArray:%String]]></FormalSpec>
<Private>1</Private>
<ReturnType>%Status</ReturnType>
<Implementation><![CDATA[
	Set tStatus = $$$OK
	Do pStream.Write($select(pHasTopFields: ##class(Hospital.PharmacyStudyRequest).PatientNameLogicalToDisplay(pObject.PatientName), 1: ""),0)
	Do pStream.Write($char(58) _ $select(pHasTopFields: ##class(Hospital.PharmacyStudyRequest).DOBLogicalToDisplay(pObject.DOB), 1: ""),0)
	Do pStream.Write($char(58) _ $select(pHasTopFields: ##class(Hospital.PharmacyStudyRequest).SSNLogicalToDisplay(pObject.SSN), 1: ""),0)
	Do pStream.Write($char(58) _ $select(pHasTopFields: ##class(Hospital.PharmacyStudyRequest).MedicationLogicalToDisplay(pObject.Medication), 1: ""),0)
	Do pStream.Write($char(58),0)
	Do pStream.Write(##class(Hospital.PharmacyStudyRequest.Physician).FirstNameLogicalToDisplay(pObject.Physician.FirstName),0)
	Do pStream.Write($char(32) _ ##class(Hospital.PharmacyStudyRequest.Physician).LastNameLogicalToDisplay(pObject.Physician.LastName),0)
	Do pStream.Write($char(58) _ $select(pHasTopFields: ##class(Hospital.PharmacyStudyRequest).OrderNumberLogicalToDisplay(pObject.OrderNumber), 1: ""),0)
	Do pStream.Write($char(13,10), 0, .tStatus)
	If $$$ISERR(tStatus) Quit tStatus
	Quit tStatus
]]></Implementation>
</Method>

<Method name="GetRecord">
<Description>
Internal helper method to perform parse of incoming data</Description>
<Internal>1</Internal>
<ClassMethod>1</ClassMethod>
<FormalSpec><![CDATA[pStream:%IO.DeviceStream,pObject:%RegisteredObject,pGetTopFields:%Boolean,pTimeout:%Numeric,&pLookAhead:%String="",pLabelFound:%Boolean=0]]></FormalSpec>
<Private>1</Private>
<ReturnType>%Status</ReturnType>
<Implementation><![CDATA[
	Set tStatus = $$$OK
	If pLabelFound { Set tRecLabel = "" } 
	Else { Set tRecLabel = "" } 
	Set tStatus = ..chunkRecord(pStream, .tRecordData, .tCharCount, "", pTimeout, $char(13,10), tRecLabel, pLookAhead, "")
	If $$$ISERR(tStatus) Quit tStatus
	Set tMaxLocal = $$$MaxLocalLength
	Set tRecordData("charcount") = +$get(tCharCount)
	Set tCurrChunk = 1
	Set tTopPiece = 1
	Set tCurrSep = 1
	Set tStrings = 1
	Set tSeps = $listbuild($char(58),$char(32))
	If '$data(tRecordData(tCurrChunk, "block")) {
		Set tCurrString = $piece(tRecordData(tCurrChunk), $char(58), tTopPiece)
	}
	Else {
		Set tCurrString = tRecordData(tCurrChunk)
		Set tCurrPiece = 1
	}
	Do ..checkMerge(.tCurrChunk, .tRecordData, .tCurrString, $char(58), .tTopPiece)
	If pGetTopFields {
		Set pObject.PatientName = tCurrString
	}
	If '$data(tRecordData(tCurrChunk, "block")) {
		Set tCurrString = $piece(tRecordData(tCurrChunk), $char(58), tTopPiece)
	}
	Do ..checkMerge(.tCurrChunk, .tRecordData, .tCurrString, $char(58), .tTopPiece)
	If pGetTopFields {
		Set pObject.DOB = tCurrString
	}
	If '$data(tRecordData(tCurrChunk, "block")) {
		Set tCurrString = $piece(tRecordData(tCurrChunk), $char(58), tTopPiece)
	}
	Do ..checkMerge(.tCurrChunk, .tRecordData, .tCurrString, $char(58), .tTopPiece)
	If pGetTopFields {
		Set pObject.SSN = tCurrString
	}
	If '$data(tRecordData(tCurrChunk, "block")) {
		Set tCurrString = $piece(tRecordData(tCurrChunk), $char(58), tTopPiece)
	}
	Do ..checkMerge(.tCurrChunk, .tRecordData, .tCurrString, $char(58), .tTopPiece)
	If pGetTopFields {
		Set pObject.Medication = tCurrString
	}
	If '$data(tRecordData(tCurrChunk, "block")) {
		Set tCurrString = $piece(tRecordData(tCurrChunk), $char(58), tTopPiece)
	}
	Do ..checkMerge(.tCurrChunk, .tRecordData, .tCurrString, $char(58), .tTopPiece)
	Set tStrings(tStrings) = tCurrString
	Set tStrings(tStrings+1) = $piece(tStrings(tStrings), $char(32), 1)
	Set tStrings = tStrings + 1
	Set pObject.Physician.FirstName = tStrings(tStrings)
	Set tStrings = tStrings - 1
	Set tStrings(tStrings+1) = $piece(tStrings(tStrings), $char(32), 2)
	Set tStrings = tStrings + 1
	Set pObject.Physician.LastName = tStrings(tStrings)
	Set tStrings = tStrings - 1
	If '$data(tRecordData(tCurrChunk, "block")) {
		Set tCurrString = $piece(tRecordData(tCurrChunk), $char(58), tTopPiece)
	}
	Do ..checkMerge(.tCurrChunk, .tRecordData, .tCurrString, $char(58), .tTopPiece)
	If pGetTopFields {
		Set pObject.OrderNumber = tCurrString
	}
	Quit tStatus
]]></Implementation>
</Method>
</Class>
</Export>
