<?xml version="1.0" encoding="UTF-8"?>
<Export generator="Cache" version="25">
<Class name="Demo.DICOM.Util.AbstractRoutingRule">
<Description><![CDATA[
Utility class for DICOM async routing
Extend this class and implement method <method>SendToTargetFiler</method> to define routing rules for the async dispatcher ]]></Description>
<IncludeCode>Ensemble</IncludeCode>
<TimeCreated>64212,41372.010555</TimeCreated>

<Parameter name="DOMAIN">
<Default>ENSDEMO</Default>
</Parameter>

<Method name="SendToTargetFiler">
<Description>
Determines if the specified DICOM document should be routed to the
named filer. The result of the evaluation is passed back in pRouteToFiler 
(which should be passed into this method by reference)</Description>
<ClassMethod>1</ClassMethod>
<FormalSpec>pDCMDocument:EnsLib.DICOM.Document,pFilerName:%String,*pRouteToFiler:%Boolean,*pReason:%String</FormalSpec>
<ReturnType>%Status</ReturnType>
<Implementation><![CDATA[
	#; SubclassResponsibility
	Quit $$$OK
]]></Implementation>
</Method>
</Class>
</Export>
