<?xml version="1.0" encoding="UTF-8"?>
<Export generator="Cache" version="21">
<Class name="Demo.HL7v3.TestHarness.MessageQueue">
<ClassType>persistent</ClassType>
<ProcedureBlock>1</ProcedureBlock>
<Super>%Persistent,%XML.Adaptor</Super>
<TimeCreated>60262,37858.702592</TimeCreated>

<Property name="Request">
<Type>%GlobalCharacterStream</Type>
</Property>

<Property name="Response">
<Type>%GlobalCharacterStream</Type>
</Property>

<Property name="RequestName">
<Type>%String</Type>
</Property>

<Property name="DateTimeReceived">
<Type>%TimeStamp</Type>
<InitialExpression>$ZDateTime($Horolog, 3)</InitialExpression>
</Property>

<Property name="Status">
<Type>%String</Type>
<InitialExpression>"queued"</InitialExpression>
</Property>

<Storage name="Default">
<Type>%Library.CacheStorage</Type>
<DataLocation>^Demo.HL7v3.Tes7C9.MessageQueueD</DataLocation>
<DefaultData>MessageQueueDefaultData</DefaultData>
<IdLocation>^Demo.HL7v3.Tes7C9.MessageQueueD</IdLocation>
<IndexLocation>^Demo.HL7v3.Tes7C9.MessageQueueI</IndexLocation>
<StreamLocation>^Demo.HL7v3.Tes7C9.MessageQueueS</StreamLocation>
<Data name="MessageQueueDefaultData">
<Structure>listnode</Structure>
<Subscript/>
<Value name="1">
<Value>%%CLASSNAME</Value>
</Value>
<Value name="2">
<Value>DateTimeReceived</Value>
</Value>
<Value name="3">
<Value>Request</Value>
</Value>
<Value name="4">
<Value>RequestName</Value>
</Value>
<Value name="5">
<Value>Response</Value>
</Value>
<Value name="6">
<Value>Status</Value>
</Value>
</Data>
</Storage>
</Class>
</Export>
