<?xml version="1.0" encoding="UTF-8"?>
<Export generator="Cache" version="21">
<Class name="Demo.HL7v3.TestHarness.ResponseMode">
<ClassType>persistent</ClassType>
<ProcedureBlock>1</ProcedureBlock>
<Super>%Persistent,%XML.Adaptor</Super>
<TimeCreated>60262,37858.751517</TimeCreated>

<Property name="Mode">
<Type>%String</Type>
<Parameter name="VALUELIST" value=",automated,interactive"/>
</Property>

<Property name="Active">
<Type>%Boolean</Type>
</Property>

<Index name="ResponseModeIDKey">
<IdKey>1</IdKey>
<PrimaryKey>1</PrimaryKey>
<Properties>Mode</Properties>
<Unique>1</Unique>
</Index>

<Storage name="Default">
<Type>%Library.CacheStorage</Type>
<DataLocation>^Demo.HL7v3.Tes7C9.ResponseModeD</DataLocation>
<DefaultData>ResponseModeDefaultData</DefaultData>
<IdLocation>^Demo.HL7v3.Tes7C9.ResponseModeD</IdLocation>
<IndexLocation>^Demo.HL7v3.Tes7C9.ResponseModeI</IndexLocation>
<StreamLocation>^Demo.HL7v3.Tes7C9.ResponseModeS</StreamLocation>
<Data name="ResponseModeDefaultData">
<Structure>listnode</Structure>
<Subscript/>
<Value name="1">
<Value>%%CLASSNAME</Value>
</Value>
<Value name="2">
<Value>Active</Value>
</Value>
</Data>
</Storage>
</Class>
</Export>
