<?xml version="1.0" encoding="UTF-8"?>
<Export generator="Cache" version="21">
<Class name="Demo.HL7v3.TestHarness.Utils">
<ClassType/>
<ProcedureBlock>1</ProcedureBlock>
<Super>%RegisteredObject</Super>
<TimeCreated>60162,51202.624522</TimeCreated>

<Method name="SendMessagesBatch">
<ClassMethod>1</ClassMethod>
<FormalSpec>pMessageName:%String="",pInterfaceCount:%String=0,pMessageCount:%String=0,pHang:%String=".1",pForeground:%Boolean=0</FormalSpec>
<ProcedureBlock>0</ProcedureBlock>
<ReturnType>%Status</ReturnType>
<Implementation><![CDATA[
	If (pForeground = 1) {
		Set tInterfaceID = 1

		Set tStatus = $$Start()
	}
	Else {
			If ($ZConvert($Extract(pInterfaceCount, 1, 2), "U") = "$R") { Set @("tNumInterfaces=" _ pInterfaceCount), tNumInterfaces = +tNumInterfaces } Else { Set tNumInterfaces = +pInterfaceCount }

			For tInterfaceID = 1:1:tNumInterfaces { Job Start:(:1) }
	}
	
	Quit $$$OK
	
Start()
	Set $ZTrap		= "SendMessagesBatchET"
	Set tStatus		= ##class(Demo.HL7v3.TestHarness.Utils).SetInterfaceInfo(pMessageName, tInterfaceID, pMessageCount, pHang)

	If ($ZConvert($Extract(pMessageCount, 1, 2), "U") = "$R") { Set @("tNumMessages=" _ pMessageCount), tNumMessages = +tNumMessages } Else { Set tNumMessages = +pMessageCount }

	&sql(
		Select		mt.ID, rm.ClassName, rm.MethodName
		Into		:tMessageTemplateID, :tClassName, :tMethodName
		From		Demo_HL7v3_TestHarness.RequestMap as rm
		Inner Join	Demo_HL7v3_TestHarness.MessageTemplate as mt on mt.ID = rm.Request
		Where		mt.Name = :pMessageName
	)

	For tCount = 1:1:tNumMessages {
		If '$Data(^Demo.HL7v3.TestHarness.Status("Client", pMessageName, tInterfaceID)) Quit

		If 'SQLCODE {
			Set tRequest = ##class(Demo.HL7v3.TestHarness.MessageTemplate).%OpenId(tMessageTemplateID).Message
		
			If $IsObject(tRequest) && $Data(^Demo.HL7v3.TestHarness.Status("Client", pMessageName, tInterfaceID)) {
				Set tStatus			= ##class(Demo.HL7v3.TestHarness.MessageGenerator).ProcessStream(.tRequest)
				Set tRequestCount	= $Increment(^Demo.HL7v3.TestHarness.Status("Client", pMessageName, tInterfaceID, "Requests"))
				Set tRequestBytes	= $Increment(^Demo.HL7v3.TestHarness.Status("Client", pMessageName, tInterfaceID, "Requests", "Total Bytes"), tRequest.Size)

				Set tService = $zobjclassmethod(tClassName, "%New")
				Set @("tResponse = tService." _ tMethodName _ "(tRequest)")

				If $IsObject(tResponse) && $Data(^Demo.HL7v3.TestHarness.Status("Client", pMessageName, tInterfaceID)) {
					Set tResponseCount	= $Increment(^Demo.HL7v3.TestHarness.Status("Client", pMessageName, tInterfaceID, "Responses"))
					Set tResponseBytes	= $Increment(^Demo.HL7v3.TestHarness.Status("Client", pMessageName, tInterfaceID, "Responses", "Total Bytes"), tResponse.Size)
				}
			}
		}
		
		If ($ZConvert($Extract(pHang, 1, 2), "U") = "$R") { Set @("tHangTime=" _ pHang), tHangTime = +tHangTime } Else { Set tHangTime = +pHang }

		If +tHangTime Hang tHangTime
	}	

	Set tStatus = ##class(Demo.HL7v3.TestHarness.Utils).ClearInterfaceInfo(pMessageName, tInterfaceID)

	Quit $$$OK

SendMessagesBatchET
	Set $ZTrap = ""
	
	Set tStatus = ##class(Demo.HL7v3.TestHarness.Utils).ClearInterfaceInfo(pMessageName, tInterfaceID)

	Set tID = $Increment(^Demo.HL7v3.TestHarness.Errors("SendMessagesBatch", pMessageName, tInterfaceID))
	Set ^Demo.HL7v3.TestHarness.Errors("SendMessagesBatch", pMessageName, tInterfaceID, tID) = $ZDateTime($Horolog, 3) _ "|" _ $ZError

	Quit $$$ERROR($$$GeneralError, "An error has occurred in SendMessagesBatch():  " _ $ZError)
]]></Implementation>
</Method>

<Method name="SetInterfaceInfo">
<ClassMethod>1</ClassMethod>
<FormalSpec>pMessageName:%String="",pInterfaceID:%String="",pMessageCount:%Integer="",pHang:%String=""</FormalSpec>
<ReturnType>%Status</ReturnType>
<Implementation><![CDATA[
	Set $ZTrap = "SetInterfaceInfoET"
	
	If (pMessageName = "") || (pInterfaceID = "") || (pMessageCount = "") Quit $$$ERROR($$$GeneralError,"Null message name, interface id, or message count encountered...")

	Set ^Demo.HL7v3.TestHarness.Status("Client", pMessageName, pInterfaceID, "Info") = $ZDateTime($Horolog, 3) _ "^" _ pMessageCount _ "^" _ pHang
	
	Quit $$$OK

SetInterfaceInfoET
	Set $ZTrap = ""
	
	Quit $$$ERROR($$$GeneralError,"An error has occurred in SetInterfaceInfo():  " _ $ZError)
]]></Implementation>
</Method>

<Method name="ClearInterfaceInfo">
<ClassMethod>1</ClassMethod>
<FormalSpec>pMessageName:%String="",pInterfaceID:%String=""</FormalSpec>
<ReturnType>%Status</ReturnType>
<Implementation><![CDATA[
	Set $ZTrap = "ClearInterfaceInfoET"
	
	If (pMessageName = "") || (pInterfaceID = "") Quit $$$ERROR($$$GeneralError,"Null message name or interface id encountered...")

	Kill ^Demo.HL7v3.TestHarness.Status("Client", pMessageName, pInterfaceID)
	
	Quit $$$OK

ClearInterfaceInfoET
	Set $ZTrap = ""
	
	Quit $$$ERROR($$$GeneralError,"An error has occurred in ClearInterfaceInfo():  " _ $ZError)
]]></Implementation>
</Method>

<Method name="ClearAllInterfaceInfo">
<ClassMethod>1</ClassMethod>
<ReturnType>%Status</ReturnType>
<Implementation><![CDATA[
	Set $ZTrap = "ClearAllInterfaceInfoET"
	
	Kill ^Demo.HL7v3.TestHarness.Status
	
	Quit $$$OK

ClearAllInterfaceInfoET
	Set $ZTrap = ""
	
	Quit $$$ERROR($$$GeneralError,"An error has occurred in ClearAllInterfaceInfo():  " _ $ZError)
]]></Implementation>
</Method>
</Class>
</Export>
