<?xml version="1.0" encoding="UTF-8"?>
<Export generator="Cache" version="25">
<Class name="Demo.HL7v3.MsgRouter.RoutingEngine">
<ClassType>persistent</ClassType>
<ProcedureBlock>1</ProcedureBlock>
<Super>EnsLib.MsgRouter.VDocRoutingEngine</Super>
<TimeCreated>59277,34681.193</TimeCreated>

<Property name="HL7">
<Description>
we need this property For EvaluateRules to get access to the HL7 message</Description>
<Type>Demo.HL7v3.Message</Type>
<Calculated>1</Calculated>
<Transient>1</Transient>
<ReadOnly>1</ReadOnly>
</Property>

<Method name="HL7Get">
<CodeMode>expression</CodeMode>
<ReturnType>Demo.HL7v3.Message</ReturnType>
<Implementation><![CDATA[..Document
]]></Implementation>
</Method>

<Method name="OnValidate">
<Description>
Override this method to implement your own method for validating a Document</Description>
<FormalSpec>pMsg:Demo.HL7v3.Message,pValSpec:%String,*pStatus:%Status=$$$OK</FormalSpec>
<ReturnType>%Boolean</ReturnType>
<Implementation><![CDATA[	Quit 0
]]></Implementation>
</Method>

<Method name="OnRequest">
<FormalSpec>request:Demo.HL7v3.Message,*response:%Persistent</FormalSpec>
<ReturnType>%Status</ReturnType>
<Implementation><![CDATA[
	Set ..DocType = request.DocType
	Set ..DocName = request.Name
	Set tSC = ##super(request,.response)
	Quit tSC
]]></Implementation>
</Method>

<Storage name="Default">
<Type>%Library.CacheStorage</Type>
<DefaultData>RoutingEngineDefaultData1</DefaultData>
<Data name="RoutingEngineDefaultData1">
<Structure>listnode</Structure>
<Subscript>"RoutingEngine1"</Subscript>
<Value name="1">
<Value>AlertOnBadMessage</Value>
</Value>
<Value name="2">
<Value>BadMessageHandler</Value>
</Value>
<Value name="3">
<Value>Validation</Value>
</Value>
</Data>
</Storage>
</Class>
</Export>
