<?xml version="1.0" encoding="UTF-8"?>
<Export generator="Cache" version="21">
<Class name="Demo.HL7v3.TestHarness.chead.CSPCHD">
<Description>
Created from: http://localhost/csp/ensdemo/Demo.HL7v3.Service.SOAPIn.cls?wsdl</Description>
<Super>%RegisteredObject,%XML.Adaptor</Super>
<TimeCreated>60453,75653</TimeCreated>

<Parameter name="ELEMENTQUALIFIED">
<Default>1</Default>
</Parameter>

<Parameter name="NAMESPACE">
<Default>http://www.intersystems.com/SOAPheaders</Default>
</Parameter>

<Parameter name="XMLNAME">
<Default>CSPCHD</Default>
</Parameter>

<Parameter name="XMLSEQUENCE">
<Default>1</Default>
</Parameter>

<Property name="id">
<Type>%String</Type>
<Required>1</Required>
<Parameter name="MAXLEN"/>
<Parameter name="XMLNAME" value="id"/>
</Property>
</Class>
</Export>
