<?xml version="1.0" encoding="UTF-8"?>
<Export generator="Cache" version="25">
<Class name="Demo.ComplexMap.SemesterFixed.ClassInfo.Record">
<Description>
RECORDMAP: Generated from RecordMap 'Demo.ComplexMap.SemesterFixed.ClassInfo'
on 2012-12-06 at 17:59:13.223 [2012-12-06 22:59:13.223 UTC]
by user DemoUser</Description>
<ProcedureBlock>1</ProcedureBlock>
<Super>EnsLib.RecordMap.ComplexChild,%XML.Adaptor,Ens.Request,EnsLib.RecordMap.Base</Super>
<TimeCreated>62797,64753.223592</TimeCreated>
<Inheritance>right</Inheritance>

<Index name="ClassIDIdx">
<Properties>ClassID</Properties>
</Index>

<Parameter name="RECORDMAPGENERATED">
<Default>1</Default>
</Parameter>

<Parameter name="INCLUDETOPFIELDS">
<Default>1</Default>
</Parameter>

<Property name="ClassID">
<Type>%String</Type>
<Parameter name="MAXLEN" value="15"/>
</Property>

<Property name="SectionID">
<Type>%String</Type>
<Parameter name="MAXLEN" value="10"/>
</Property>

<Property name="Title">
<Type>%String</Type>
<Parameter name="MAXLEN" value="40"/>
</Property>

<Property name="Grade">
<Type>%String</Type>
<Parameter name="MAXLEN" value="3"/>
</Property>

<Property name="StudentCount">
<Type>%Integer</Type>
<Parameter name="MAXVAL" value="999"/>
</Property>

<Trigger name="OnDelete">
<Code>	Set %ok = ##class(Demo.ComplexMap.SemesterFixed.ClassInfo.Record).%OnDelete($$$oidForm({ID})) If $$$ISERR(%ok) Quit
</Code>
<Event>DELETE</Event>
</Trigger>

<Storage name="Default">
<Type>%Library.CacheStorage</Type>
<DataLocation>^Demo.ComplexMap.SemFix.RecordD</DataLocation>
<DefaultData>RecordDefaultData</DefaultData>
<IdLocation>^Demo.ComplexMap.SemFix.RecordD</IdLocation>
<IndexLocation>^Demo.ComplexMap.SemFix.RecordI</IndexLocation>
<StreamLocation>^Demo.ComplexMap.SemFix.RecordS</StreamLocation>
<ExtentSize>2000000</ExtentSize>
<Data name="RecordDefaultData">
<Structure>listnode</Structure>
<Subscript/>
<Value name="1">
<Value>%%CLASSNAME</Value>
</Value>
<Value name="2">
<Value>ClassID</Value>
</Value>
<Value name="3">
<Value>%Source</Value>
</Value>
<Value name="4">
<Value>Title</Value>
</Value>
<Value name="5">
<Value>Grade</Value>
</Value>
<Value name="6">
<Value>StudentCount</Value>
</Value>
<Value name="7">
<Value>SectionID</Value>
</Value>
</Data>
</Storage>
</Class>
</Export>