<?xml version="1.0" encoding="UTF-8"?>
<Export generator="Cache" version="25" zv="Cache for Windows (x86-32) 2012.1 (Build 504U)" ts="2011-11-07 17:04:13">
<Class name="Expenses.ExpensesProd">
<ProcedureBlock>1</ProcedureBlock>
<Super>Ens.Production</Super>
<TimeChanged>62402,61422.517729</TimeChanged>
<TimeCreated>62402,49846.885204</TimeCreated>

<XData name="ProductionDefinition">
<Data><![CDATA[
<Production Name="Expenses.ExpensesProd" TestingEnabled="true" LogGeneralTraceEvents="false">
  <Description></Description>
  <ActorPoolSize>2</ActorPoolSize>
  <Item Name="Expenses.GetRates" Category="" ClassName="Expenses.GetRates" PoolSize="2" Enabled="true" Foreground="false" DisableErrorTraps="false" Comment="" LogTraceEvents="false" Schedule="">
    <Setting Target="Host" Name="InactivityTimeout">0</Setting>
    <Setting Target="Host" Name="RetryInterval">5</Setting>
    <Setting Target="Host" Name="FailureTimeout">15</Setting>
    <Setting Target="Adapter" Name="DSN">Rates</Setting>
    <Setting Target="Adapter" Name="StayConnected">-1</Setting>
    <Setting Target="Adapter" Name="ConnectTimeout">5</Setting>
  </Item>
  <Item Name="Expenses.EmployeeDBOperations" Category="" ClassName="Expenses.EmployeeDBOperations" PoolSize="1" Enabled="true" Foreground="false" DisableErrorTraps="false" Comment="" LogTraceEvents="false" Schedule="">
    <Setting Target="Host" Name="InactivityTimeout">0</Setting>
    <Setting Target="Host" Name="RetryInterval">5</Setting>
    <Setting Target="Host" Name="FailureTimeout">15</Setting>
    <Setting Target="Adapter" Name="DSN">Access</Setting>
    <Setting Target="Adapter" Name="StayConnected">-1</Setting>
    <Setting Target="Adapter" Name="ConnectTimeout">5</Setting>
  </Item>
</Production>
]]></Data>
</XData>
</Class>
</Export>
