<?xml version="1.0" encoding="UTF-8"?>
<Export generator="Cache" version="25" zv="Cache for Windows (x86-32) 2012.1 (Build 504U)" ts="2011-11-07 13:51:05">
<Class name="Expenses.ExpensesProd">
<ProcedureBlock>1</ProcedureBlock>
<Super>Ens.Production</Super>
<TimeChanged>62402,49846.885204</TimeChanged>
<TimeCreated>62402,49846.885204</TimeCreated>

<XData name="ProductionDefinition">
<Data><![CDATA[<Production Name="Expenses.ExpensesProd">
 <ActorPoolSize>2</ActorPoolSize>
</Production>
]]></Data>
</XData>
</Class>
</Export>
