<?xml version="1.0" encoding="UTF-8"?>
<Export generator="Cache" version="9" zv="Cache for Windows NT (Intel) 5.0.5 (Build 916U)" ts="2004-03-17 13:50:50">
<Class name="Expenses.EnterExpenseRequest">
<ClassType>persistent</ClassType>
<ProcedureBlock>1</ProcedureBlock>
<Super>Ens.Request</Super>
<TimeChanged>59591,51561.717445</TimeChanged>
<TimeCreated>59598,39814.346431</TimeCreated>
<ClassDefinitionError>0</ClassDefinitionError>

<Property name="AmountDue">
<Type>%Currency</Type>
</Property>

<Property name="Exchange">
<Type>%Numeric</Type>
</Property>

<Property name="ID">
<Type>%Integer</Type>
</Property>

<Storage name="Default">
<Type>%Library.CacheStorage</Type>
<DefaultData>EnterExpenseRequestDefaultData</DefaultData>
<Data name="EnterExpenseRequestDefaultData">
<Structure>listnode</Structure>
<Subscript>"EnterExpenseRequest"</Subscript>
<Value name="1">
<Value>AmountDue</Value>
</Value>
<Value name="2">
<Value>Exchange</Value>
</Value>
<Value name="3">
<Value>ID</Value>
</Value>
</Data>
</Storage>
</Class>
<Checksum value="1873793394"/>
</Export>
