<?xml version="1.0" encoding="UTF-8"?>
<Export generator="Cache" version="9" zv="Cache for Windows NT (Intel) 5.0.5 (Build 916U)" ts="2004-03-17 13:52:46">
<Class name="Expenses.GetExchangeRateRequest">
<Description>
</Description>
<ClassType>persistent</ClassType>
<ProcedureBlock>1</ProcedureBlock>
<Super>Ens.Request</Super>
<TimeChanged>59590,50348.456203</TimeChanged>
<TimeCreated>59598,39814.364094</TimeCreated>

<Property name="Currency">
<Type>%String</Type>
</Property>

<Property name="Date">
<Type>%Date</Type>
</Property>

<Storage name="Default">
<Type>%Library.CacheStorage</Type>
<DefaultData>GetExchangeRateRequestDefaultData</DefaultData>
<Data name="GetExchangeRateRequestDefaultData">
<Structure>listnode</Structure>
<Subscript>"GetExchangeRateRequest"</Subscript>
<Value name="1">
<Value>Currency</Value>
</Value>
<Value name="2">
<Value>Date</Value>
</Value>
</Data>
</Storage>
</Class>
<Class name="Expenses.GetExchangeRateResponse">
<ClassType>persistent</ClassType>
<ProcedureBlock>1</ProcedureBlock>
<Super>Ens.Response</Super>
<TimeChanged>59592,58486.856661</TimeChanged>
<TimeCreated>59598,39814.370459</TimeCreated>
<ClassDefinitionError>0</ClassDefinitionError>

<Property name="ExchangeRate">
<Type>%Numeric</Type>
<Parameter name="SCALE" value="2"/>
</Property>

<Storage name="Default">
<Type>%Library.CacheStorage</Type>
<DefaultData>GetExchangeRateResponseDefaultData</DefaultData>
<Data name="GetExchangeRateResponseDefaultData">
<Structure>listnode</Structure>
<Subscript>"GetExchangeRateResponse"</Subscript>
<Value name="1">
<Value>ExchangeRate</Value>
</Value>
</Data>
</Storage>
</Class>
<Checksum value="3393075648"/>
</Export>
