<?xml version="1.0" encoding="UTF-8"?>
<Export generator="Cache" version="9" zv="Cache for Windows NT (Intel) 5.0.5 (Build 916U)" ts="2004-03-17 13:50:12">
<Class name="Expenses.DetermineAmountDueRequest">
<ClassType>persistent</ClassType>
<ProcedureBlock>1</ProcedureBlock>
<Super>Ens.Request</Super>
<TimeChanged>59592,36178.186045</TimeChanged>
<TimeCreated>59598,39814.33236</TimeCreated>
<ClassDefinitionError>0</ClassDefinitionError>

<Property name="Name">
<Type>%String</Type>
</Property>

<Property name="ID">
<Type>%Integer</Type>
</Property>

<Property name="Currency">
<Type>%String</Type>
</Property>

<Property name="Amount">
<Type>%Numeric</Type>
</Property>

<Property name="StartDate">
<Type>%Date</Type>
</Property>

<Property name="EndDate">
<Type>%Date</Type>
</Property>

<Storage name="Default">
<Type>%Library.CacheStorage</Type>
<DefaultData>DetermineAmountDueRequestDefaultData</DefaultData>
<Data name="DetermineAmountDueRequestDefaultData">
<Structure>listnode</Structure>
<Subscript>"DetermineAmountDueRequest"</Subscript>
<Value name="1">
<Value>Amount</Value>
</Value>
<Value name="2">
<Value>Currency</Value>
</Value>
<Value name="3">
<Value>EndDate</Value>
</Value>
<Value name="4">
<Value>ID</Value>
</Value>
<Value name="5">
<Value>Name</Value>
</Value>
<Value name="6">
<Value>StartDate</Value>
</Value>
</Data>
</Storage>
</Class>
<Checksum value="3070348631"/>
</Export>
