<?xml version="1.0" encoding="UTF-8"?>
<Export generator="Cache" version="25" zv="Cache for Windows (x86-64) 2017.2.1 (Build 801)" ts="2018-05-08 19:25:27">
<Class name="User.ExchangeRates">
<Super>%Persistent,%XML.Adaptor</Super>
<TimeChanged>64776,69822.265096</TimeChanged>
<TimeCreated>64776,69796.632261</TimeCreated>

<Property name="ID">
<Type>%Integer</Type>
</Property>

<Property name="Currency">
<Type>%String</Type>
</Property>

<Property name="ExchangeDate">
<Type>%String</Type>
</Property>

<Property name="ExchangeRate">
<Type>%Numeric</Type>
</Property>

<Method name="ImportFromXML">
<ClassMethod>1</ClassMethod>
<FormalSpec>filename:%String="C:\Ensemble\AccessXML\ExchangeRates.xml"</FormalSpec>
<ReturnType>%Status</ReturnType>
<Implementation><![CDATA[
	
	Set reader=##class(%XML.Reader).%New()
	Set status=reader.OpenFile(filename)
	quit:$$$ISERR(status) status
	
	Do reader.Correlate("ExchangeRates","User.ExchangeRates")
	
	While (reader.Next(.object,.status)){
	 	set status=object.%Save()
	 	quit:$$$ISERR(status) 
	}
	
	Quit status
]]></Implementation>
</Method>

<Storage name="Default">
<Type>%Library.CacheStorage</Type>
<DataLocation>^User.ExchangeRatesD</DataLocation>
<DefaultData>ExchangeRatesDefaultData</DefaultData>
<IdLocation>^User.ExchangeRatesD</IdLocation>
<IndexLocation>^User.ExchangeRatesI</IndexLocation>
<StreamLocation>^User.ExchangeRatesS</StreamLocation>
<Data name="ExchangeRatesDefaultData">
<Value name="1">
<Value>%%CLASSNAME</Value>
</Value>
<Value name="2">
<Value>ID</Value>
</Value>
<Value name="3">
<Value>Currency</Value>
</Value>
<Value name="4">
<Value>ExchangeDate</Value>
</Value>
<Value name="5">
<Value>ExchangeRate</Value>
</Value>
</Data>
</Storage>
</Class>
</Export>
