<?xml version="1.0" encoding="UTF-8"?>
<Export generator="Cache" version="25" zv="Cache for Windows (x86-64) 2017.2.1 (Build 801)" ts="2018-05-08 19:25:12">
<Class name="User.InterestRates">
<Super>%Persistent,%XML.Adaptor</Super>
<TimeChanged>64776,67602.203386</TimeChanged>
<TimeCreated>64776,67200.069229</TimeCreated>

<Property name="ID">
<Type>%Integer</Type>
</Property>

<Property name="InterestRate">
<Type>%Numeric</Type>
</Property>

<Property name="InterestDate">
<Type>%String</Type>
</Property>

<Method name="ImportFromXML">
<ClassMethod>1</ClassMethod>
<FormalSpec>filename:%String="C:\Ensemble\AccessXML\InterestRates.xml"</FormalSpec>
<ReturnType>%Status</ReturnType>
<Implementation><![CDATA[
	
	Set reader=##class(%XML.Reader).%New()
	Set status=reader.OpenFile(filename)
	quit:$$$ISERR(status) status
	
	Do reader.Correlate("InterestRates","User.InterestRates")
	
	While (reader.Next(.object,.status)){
	 	set status=object.%Save()
	 	quit:$$$ISERR(status) 
	}
	
	Quit status
]]></Implementation>
</Method>

<Storage name="Default">
<Type>%Library.CacheStorage</Type>
<DataLocation>^User.InterestRatesD</DataLocation>
<DefaultData>InterestRatesDefaultData</DefaultData>
<IdLocation>^User.InterestRatesD</IdLocation>
<IndexLocation>^User.InterestRatesI</IndexLocation>
<StreamLocation>^User.InterestRatesS</StreamLocation>
<Data name="InterestRatesDefaultData">
<Structure>listnode</Structure>
<Subscript/>
<Value name="1">
<Value>%%CLASSNAME</Value>
</Value>
<Value name="2">
<Value>ID</Value>
</Value>
<Value name="3">
<Value>InterestRate</Value>
</Value>
<Value name="4">
<Value>InterestDate</Value>
</Value>
</Data>
</Storage>
</Class>
</Export>
