<?xml version="1.0" encoding="UTF-8"?>
<Export generator="Cache" version="25" zv="Cache for Windows (x86-64) 2013.1 (Build 385)" ts="2013-01-13 16:25:18">
<Class name="User.Operations">
<Super>%Persistent,%Populate,%XML.Adaptor,%ZEN.DataModel.Adaptor</Super>
<TimeChanged>62835,58492.850424</TimeChanged>
<TimeCreated>62835,58088.762569</TimeCreated>

<Property name="ID">
<Type>%Integer</Type>
</Property>

<Property name="OperationName">
<Type>%String</Type>
</Property>

<Property name="ORNum">
<Type>%Integer</Type>
</Property>

<Method name="ImportFromXML">
<ClassMethod>1</ClassMethod>
<FormalSpec>filename:%String="C:\Integration\AccessXML\Operations.xml"</FormalSpec>
<ReturnType>%Status</ReturnType>
<Implementation><![CDATA[
	
	Set reader=##class(%XML.Reader).%New()
	Set status=reader.OpenFile(filename)
	quit:$$$ISERR(status) status
	
	Do reader.Correlate("Operations","User.Operations")
	
	While (reader.Next(.object,.status)){
	 	set status=object.%Save()
	 	quit:$$$ISERR(status) 
	}
	
	Quit status
]]></Implementation>
</Method>

<Storage name="Default">
<Type>%Library.CacheStorage</Type>
<DataLocation>^User.OperationsD</DataLocation>
<DefaultData>OperationsDefaultData</DefaultData>
<IdLocation>^User.OperationsD</IdLocation>
<IndexLocation>^User.OperationsI</IndexLocation>
<StreamLocation>^User.OperationsS</StreamLocation>
<ExtentSize>100000</ExtentSize>
<Data name="OperationsDefaultData">
<Value name="1">
<Value>%%CLASSNAME</Value>
</Value>
<Value name="2">
<Value>ID</Value>
</Value>
<Value name="3">
<Value>OperationName</Value>
</Value>
<Value name="4">
<Value>ORNum</Value>
</Value>
</Data>
</Storage>
</Class>
</Export>
