<?xml version="1.0" encoding="UTF-8"?>
<Export generator="Cache" version="24" zv="Cache for Windows (x86-64) 2010.2.4 (Build 802U)" ts="2011-06-15 15:11:31">
<Class name="User.Address">
<Super>%SerialObject,%XML.Adaptor</Super>
<TimeChanged>62257,51011.409538</TimeChanged>
<TimeCreated>62257,51011.207602</TimeCreated>

<Property name="Street">
<Type>%String</Type>
</Property>

<Property name="City">
<Type>%String</Type>
</Property>

<Property name="State">
<Type>%String</Type>
</Property>

<Property name="Zip">
<Type>%String</Type>
</Property>

<Storage name="Default">
<Type>%Library.CacheSerialState</Type>
<State>AddressState</State>
<StreamLocation>^User.AddressS</StreamLocation>
<Data name="AddressState">
<Structure>listnode</Structure>
<Subscript/>
<Value name="1">
<Value>Street</Value>
</Value>
<Value name="2">
<Value>City</Value>
</Value>
<Value name="3">
<Value>State</Value>
</Value>
<Value name="4">
<Value>Zip</Value>
</Value>
</Data>
</Storage>
</Class>


<Class name="User.PatientData">
<Super>%Persistent,%XML.Adaptor</Super>
<TimeChanged>62257,54446.904037</TimeChanged>
<TimeCreated>62257,51011.066389</TimeCreated>

<Property name="PatientID">
<Type>%Integer</Type>
</Property>

<Property name="Name">
<Type>%String</Type>
</Property>

<Property name="InsuranceCompany">
<Type>%String</Type>
</Property>

<Property name="PrimaryPhysician">
<Type>%String</Type>
</Property>

<Property name="CreditRating">
<Type>%Numeric</Type>
</Property>

<Property name="HomePhone">
<Type>%String</Type>
</Property>

<Property name="WorkPhone">
<Type>%String</Type>
</Property>

<Property name="MobilePhone">
<Type>%String</Type>
</Property>

<Property name="HomeAdd">
<Type>User.Address</Type>
</Property>

<Property name="WorkAdd">
<Type>User.Address</Type>
</Property>

<Method name="ImportFromXML">
<ClassMethod>1</ClassMethod>
<FormalSpec>filename:%String="C:\Integration\AccessXML\PatientData.xml"</FormalSpec>
<ReturnType>%Status</ReturnType>
<Implementation><![CDATA[
	
	Set reader=##class(%XML.Reader).%New()
	Set status=reader.OpenFile(filename)
	quit:$$$ISERR(status) status
	
	Do reader.Correlate("Patient","User.PatientData")
	
	While (reader.Next(.object,.status)){
	 	set status=object.%Save()
	 	quit:$$$ISERR(status) 
	}
	
	Quit status
]]></Implementation>
</Method>

<Storage name="Default">
<Type>%Library.CacheStorage</Type>
<DataLocation>^User.PatientDataD</DataLocation>
<DefaultData>PatientDataDefaultData</DefaultData>
<IdLocation>^User.PatientDataD</IdLocation>
<IndexLocation>^User.PatientDataI</IndexLocation>
<StreamLocation>^User.PatientDataS</StreamLocation>
<Data name="PatientDataDefaultData">
<Structure>listnode</Structure>
<Subscript/>
<Value name="1">
<Value>%%CLASSNAME</Value>
</Value>
<Value name="2">
<Value>PatientID</Value>
</Value>
<Value name="3">
<Value>Name</Value>
</Value>
<Value name="4">
<Value>InsuranceCompany</Value>
</Value>
<Value name="5">
<Value>PrimaryPhysician</Value>
</Value>
<Value name="6">
<Value>CreditRating</Value>
</Value>
<Value name="7">
<Value>HomePhone</Value>
</Value>
<Value name="8">
<Value>WorkPhone</Value>
</Value>
<Value name="9">
<Value>MobilePhone</Value>
</Value>
<Value name="10">
<Value>HomeAdd</Value>
</Value>
<Value name="11">
<Value>WorkAdd</Value>
</Value>
</Data>
</Storage>
</Class>
</Export>
