<?xml version="1.0" encoding="UTF-8"?>
<Export generator="Cache" version="25" zv="Cache for Windows (x86-64) 2017.2 (Build 691U)" ts="2017-07-05 11:47:55">
<Class name="Sample.ListOfPersonIdentification">
<Super>%Library.ListOfObjects</Super>
<TimeChanged>64441,73928</TimeChanged>
<TimeCreated>59493,42644.128277</TimeCreated>

<Parameter name="ELEMENTTYPE">
<Description>
The type (class name) of the elements stored in the collection.</Description>
<Default>Sample.PersonIdentification</Default>
</Parameter>

<Storage name="Custom">
<Type>%Library.CompleteCustomStorage</Type>
</Storage>
</Class>
</Export>
