<?xml version="1.0" encoding="UTF-8"?>
<Export generator="Cache" version="25" zv="Cache for Windows (x86-64) 2012.1 (Build 531U)" ts="2012-01-09 20:02:03">
<Class name="Hospital.ERORMO01ToPharmORMO01DTL">
<Description>
</Description>
<ProcedureBlock>1</ProcedureBlock>
<Super>Ens.DataTransformDTL</Super>
<TimeChanged>62353,60971.047184</TimeChanged>
<TimeCreated>62350,58063.090417</TimeCreated>

<Parameter name="REPORTERRORS">
<Default>1</Default>
</Parameter>

<Parameter name="IGNOREMISSINGSOURCE">
<Default>1</Default>
</Parameter>

<XData name="DTL">
<XMLNamespace>http://www.intersystems.com/dtl</XMLNamespace>
<Data><![CDATA[
<transform sourceClass='EnsLib.HL7.Message' targetClass='EnsLib.HL7.Message' sourceDocType='2.3.1:ORM_O01' targetDocType='2.3.1:ORM_O01' create='new' language='objectscript' >
<assign value='source.{MSH}' property='target.{MSH}' action='set' />
<assign value='source.{NTE()}' property='target.{NTE()}' action='set' />
<assign value='source.{PIDgrp}' property='target.{PIDgrp}' action='set' />
<assign value='source.{ORCgrp()}' property='target.{ORCgrp()}' action='set' />
</transform>
]]></Data>
</XData>
</Class>


<Class name="Hospital.FromERRouterRoutingRule">
<Description>
</Description>
<ProcedureBlock>1</ProcedureBlock>
<Super>Ens.Rule.Definition</Super>
<TimeChanged>62353,59436.720822</TimeChanged>
<TimeCreated>62350,47885.758259</TimeCreated>

<Parameter name="RuleAssistClass">
<Default>EnsLib.HL7.MsgRouter.RuleAssist</Default>
</Parameter>

<XData name="RuleDefinition">
<XMLNamespace>http://www.intersystems.com/rule</XMLNamespace>
<Data><![CDATA[
<ruleDefinition alias="" context="EnsLib.HL7.MsgRouter.RoutingEngine" production="Hospital.HospitalProd">
<ruleSet name="From_ER_Router Rules" effectiveBegin="" effectiveEnd="">
<rule name="Checking ORM_O01" disabled="false">
<constraint name="source" value="From_ER"></constraint>
<constraint name="docCategory" value="2.3.1"></constraint>
<constraint name="docName" value="ORM_O01"></constraint>
<when condition="(HL7.{MSH:ReceivingApplication.namespaceID} = &quot;PHARMACY&quot;)&amp;&amp;(HL7.{MSH:11.1}=&quot;T&quot;)">
<send transform="Hospital.ERORMO01ToPharmORMO01DTL" target="To_Pharmacy"></send>
<return></return>
</when>
</rule>
</ruleSet>
</ruleDefinition>
]]></Data>
</XData>
</Class>
</Export>
