<?xml version="1.0" encoding="UTF-8"?>
<Export generator="Cache" version="25" zv="Cache for UNIX (Apple Mac OS X for x86-64) 2018.1 (Build 184U)" ts="2020-09-30 16:05:00">
<Class name="Hospital.ERADTA06ToTransferADTA02DTL">
<Description>
</Description>
<ProcedureBlock>1</ProcedureBlock>
<Super>Ens.DataTransformDTL</Super>
<TimeChanged>65652,57828.323667</TimeChanged>
<TimeCreated>62354,50061.567907</TimeCreated>
<DependsOn>EnsLib.HL7.Message</DependsOn>

<Parameter name="REPORTERRORS">
<Default>1</Default>
</Parameter>

<Parameter name="IGNOREMISSINGSOURCE">
<Default>1</Default>
</Parameter>

<Parameter name="TREATEMPTYREPEATINGFIELDASNULL">
<Default>0</Default>
</Parameter>

<XData name="DTL">
<XMLNamespace>http://www.intersystems.com/dtl</XMLNamespace>
<Data><![CDATA[
<transform sourceClass='EnsLib.HL7.Message' targetClass='EnsLib.HL7.Message' sourceDocType='2.3.1:ADT_A06' targetDocType='2.3.1:ADT_A02' create='new' language='objectscript' >
<assign value='source.{MSH}' property='target.{MSH}' action='set' />
<assign value='source.{EVN}' property='target.{EVN}' action='set' />
<assign value='source.{PID}' property='target.{PID}' action='set' />
<assign value='source.{PD1}' property='target.{PD1}' action='set' />
<assign value='source.{PV1}' property='target.{PV1}' action='set' />
<assign value='source.{PV2}' property='target.{PV2}' action='set' />
<assign value='source.{DB1()}' property='target.{DB1()}' action='set' />
<assign value='source.{OBX()}' property='target.{OBX()}' action='set' />
<assign value='"A02"' property='target.{MSH:MessageType.triggerevent}' action='set' />
<assign value='"A02"' property='target.{EVN:EventTypeCode}' action='set' />
<assign value='"Num of names = "_source.{NK1(2):Name("*")}_" Num of fields = "_source.{NK1(2):*}' property='target.{MSH:Security}' action='set' />
<assign value='source.{PID:PatientIdentifierList(1).ID}' property='target.{PID:AlternatePatientIDPID(1).ID}' action='set' />
<if condition='source.{PID:PrimaryLanguage}=""' >
<true>
<assign value='"UNKNOWN"' property='target.{PID:PrimaryLanguage}' action='set' />
</true>
</if>
<assign value='..Pad(source.{PID:PatientIdentifierList(1).ID},-10,0)' property='target.{PID:PatientID}' action='set' />
<assign value='..Strip(source.{PID:PhoneNumberHome(1)},"*P")' property='target.{PID:PhoneNumberHome(1)}' action='set' />
<assign value='..Lookup("ClinicNames",source.{PV2:ClinicOrganizationName(1)},source.{PV2:ClinicOrganizationName(1)})' property='target.{PV2:ClinicOrganizationName(1)}' action='set' />
<assign value='..ReplaceStr(source.{PID:PatientName(1)},".","")' property='target.{PID:PatientName(1)}' action='set' />
</transform>
]]></Data>
</XData>
</Class>
</Export>
