<?xml version="1.0" encoding="UTF-8"?>
<Export generator="Cache" version="25">
<Class name="HoleFoods.DashboardsEtc">
<Description>
This class defines the dashboards and pivot tables for the HoleFoods sample.</Description>
<Super>%DeepSee.UserLibrary.Container</Super>
<TimeCreated>61895,36924</TimeCreated>

<XData name="Contents">
<Description>
Pivots and dashboards are listed here in the same order 
in which Studio lists these folder items.</Description>
<XMLNamespace>http://www.intersystems.com/deepsee/library</XMLNamespace>
<Data><![CDATA[
<items>

<!-- Chart Demos/Area Chart.pivot -->
<pivot xmlns="http://www.intersystems.com/deepsee/library" name="Area Chart" folderName="Chart Demos" title="" description="" keywords="HoleFoods" owner="" shared="true" public="false" locked="false" resource="" timeCreated="2012-11-27T15:55:49.228Z" createdBy="" category="" bookCover="" mdx="" cellWidth="120" columnHeaderStyle="" rowHeaderStyle="" cellStyle="" rowLabelSpan="true" columnLabelSpan="true" cellHeight="22" showEmptyRows="false" showEmptyColumns="false" cubeName="HoleFoods" caption="" listing="" listingRows="" showStatus="true" pageSize="100" colorScale="" rowTotals="false" columnTotals="false" rowTotalAgg="sum" columnTotalAgg="sum" rowTotalSource="page" showZebra="false" showRowCaption="true" printTitle="" printSubtitle="" printPageSize="" printOrientation="" printMarginTop="" printMarginLeft="" printMarginRight="" printMarginBottom="" printLabelWidth="" printCellWidth="" autoExecute="true" manualMode="false" userMDX="" chartMarginTop="" chartMarginLeft="" chartMarginRight="" chartMarginBottom="">
  <rowAxisOptions spec="" key="" value="" text="" headEnabled="false" headCount="" filterEnabled="false" filterExpression="" orderEnabled="false" orderExpression="" orderDirection="BDESC" aggEnabled="false" aggFunction="" aggFunctionParm="" levelCaption="" levelFormat="" levelSummary="" levelType="" drillLevel="0" advanced="false" levelStyle="" levelHeaderStyle="" suppress8020="false">
  </rowAxisOptions>
  <columnAxisOptions spec="" key="" value="" text="" headEnabled="false" headCount="" filterEnabled="false" filterExpression="" orderEnabled="false" orderExpression="" orderDirection="BDESC" aggEnabled="false" aggFunction="" aggFunctionParm="" levelCaption="" levelFormat="" levelSummary="" levelType="" drillLevel="0" advanced="false" levelStyle="" levelHeaderStyle="" suppress8020="false">
  </columnAxisOptions>
  <rowLevel spec="[Discount].[H1].[Discount Type].Members" key="" value="" text="Discount Type" headEnabled="false" headCount="" filterEnabled="false" filterExpression="" orderEnabled="false" orderExpression="" orderDirection="BDESC" aggEnabled="false" aggFunction="" aggFunctionParm="" levelCaption="" levelFormat="" levelSummary="" levelType="" drillLevel="0" advanced="false" levelStyle="" levelHeaderStyle="" suppress8020="false">
  </rowLevel>
  <columnLevel spec="[Measures].[Amount Sold]" key="" value="" text="Revenue" headEnabled="false" headCount="" filterEnabled="false" filterExpression="" orderEnabled="false" orderExpression="" orderDirection="BDESC" aggEnabled="false" aggFunction="" aggFunctionParm="" levelCaption="" levelFormat="" levelSummary="" levelType="" drillLevel="0" advanced="false" levelStyle="" levelHeaderStyle="" suppress8020="false">
  </columnLevel>
</pivot>

<!-- Chart Demos/Bar Chart.pivot -->
<pivot xmlns="http://www.intersystems.com/deepsee/library" name="Bar Chart" folderName="Chart Demos" title="" description="" keywords="HoleFoods" owner="" shared="true" public="false" locked="false" resource="" timeCreated="2012-11-27T15:53:48.365Z" createdBy="" category="" bookCover="{background: {style:&apos;background:white;&apos;,src:&apos;covers/pareto_chart.png&apos;},header: {text:&apos;$type&apos;},title: {text:&apos;$title&apos;,style:&apos;text-align: right;font-variant: small-caps;color:rgb(240, 0, 0);padding:3.5px;border-radius:7.5px 7.5px 7.5px 7.5px;&apos;},image: {style:&apos;display: none;&apos;},footer: {text:&apos;$owner&apos;}}" mdx="" cellWidth="120" columnHeaderStyle="" rowHeaderStyle="" cellStyle="" rowLabelSpan="true" columnLabelSpan="true" cellHeight="22" showEmptyRows="false" showEmptyColumns="false" cubeName="HoleFoods" caption="" listing="" listingRows="" showStatus="true" pageSize="100" colorScale="" rowTotals="false" columnTotals="false" rowTotalAgg="sum" columnTotalAgg="sum" rowTotalSource="page" showZebra="false" showRowCaption="true" printTitle="" printSubtitle="" printPageSize="" printOrientation="" printMarginTop="" printMarginLeft="" printMarginRight="" printMarginBottom="" printLabelWidth="" printCellWidth="" autoExecute="true" manualMode="false" userMDX="" chartMarginTop="" chartMarginLeft="" chartMarginRight="" chartMarginBottom="">
  <rowAxisOptions spec="" key="" value="" text="" headEnabled="false" headCount="" filterEnabled="false" filterExpression="" orderEnabled="false" orderExpression="" orderDirection="BDESC" aggEnabled="false" aggFunction="" aggFunctionParm="" levelCaption="" levelFormat="" levelSummary="" levelType="" drillLevel="0" advanced="false" levelStyle="" levelHeaderStyle="" suppress8020="false">
  </rowAxisOptions>
  <columnAxisOptions spec="" key="" value="" text="" headEnabled="false" headCount="" filterEnabled="false" filterExpression="" orderEnabled="false" orderExpression="" orderDirection="BDESC" aggEnabled="false" aggFunction="" aggFunctionParm="" levelCaption="" levelFormat="" levelSummary="" levelType="" drillLevel="0" advanced="false" levelStyle="" levelHeaderStyle="" suppress8020="false">
  </columnAxisOptions>
  <rowLevel spec="[DateOfSale].[Actual].[YearSold].Members" key="" value="" text="YearSold" headEnabled="false" headCount="" filterEnabled="false" filterExpression="" orderEnabled="false" orderExpression="" orderDirection="BDESC" aggEnabled="false" aggFunction="" aggFunctionParm="" levelCaption="" levelFormat="" levelSummary="" levelType="" drillLevel="0" advanced="false" levelStyle="" levelHeaderStyle="" suppress8020="false">
  </rowLevel>
  <columnLevel spec="[Measures].[Amount Sold]" key="" value="" text="Revenue" headEnabled="false" headCount="" filterEnabled="false" filterExpression="" orderEnabled="false" orderExpression="" orderDirection="BDESC" aggEnabled="false" aggFunction="" aggFunctionParm="" levelCaption="" levelFormat="" levelSummary="" levelType="" drillLevel="0" advanced="false" levelStyle="" levelHeaderStyle="" suppress8020="false">
  </columnLevel>
</pivot>

<!-- Chart Demos/Bubble Chart.pivot -->
<pivot xmlns="http://www.intersystems.com/deepsee/library" name="Bubble Chart" folderName="Chart Demos" title="" description="" keywords="HoleFoods" owner="" shared="true" public="false" locked="false" resource="" timeCreated="2013-01-08T20:05:42.812Z" createdBy="" category="" bookCover="" mdx="" cellWidth="120" columnHeaderStyle="" rowHeaderStyle="" cellStyle="" rowLabelSpan="true" columnLabelSpan="true" cellHeight="22" showEmptyRows="false" showEmptyColumns="false" cubeName="HoleFoods" caption="" listing="" listingRows="" showStatus="true" pageSize="100" colorScale="" rowTotals="false" columnTotals="false" rowTotalAgg="sum" columnTotalAgg="sum" rowTotalSource="page" showZebra="false" showRowCaption="true" printTitle="" printSubtitle="" printPageSize="" printOrientation="" printMarginTop="" printMarginLeft="" printMarginRight="" printMarginBottom="" printLabelWidth="" printCellWidth="" autoExecute="true" manualMode="false" userMDX="" chartMarginTop="" chartMarginLeft="" chartMarginRight="" chartMarginBottom="">
  <rowAxisOptions spec="" key="" value="" text="" headEnabled="false" headCount="" filterEnabled="false" filterExpression="" orderEnabled="false" orderExpression="" orderDirection="BDESC" aggEnabled="false" aggFunction="" aggFunctionParm="" levelCaption="" levelFormat="" levelSummary="" levelType="" drillLevel="0" advanced="false" levelStyle="" levelHeaderStyle="" suppress8020="false">
  </rowAxisOptions>
  <columnAxisOptions spec="" key="" value="" text="" headEnabled="false" headCount="" filterEnabled="false" filterExpression="" orderEnabled="false" orderExpression="" orderDirection="BDESC" aggEnabled="false" aggFunction="" aggFunctionParm="" levelCaption="" levelFormat="" levelSummary="" levelType="" drillLevel="0" advanced="false" levelStyle="" levelHeaderStyle="" suppress8020="false">
  </columnAxisOptions>
  <rowLevel spec="[Product].[P1].[Product Name].Members" key="" value="" text="Product Name" headEnabled="false" headCount="" filterEnabled="false" filterExpression="" orderEnabled="false" orderExpression="" orderDirection="BDESC" aggEnabled="false" aggFunction="" aggFunctionParm="" levelCaption="" levelFormat="" levelSummary="" levelType="" drillLevel="0" advanced="false" levelStyle="" levelHeaderStyle="" suppress8020="false">
  </rowLevel>
  <columnLevel spec="[Measures].[Units Sold]" key="" value="" text="Units Sold" headEnabled="false" headCount="" filterEnabled="false" filterExpression="Measures.[%COUNT]=0" orderEnabled="false" orderExpression="Measures.[%COUNT]" orderDirection="BDESC" aggEnabled="false" aggFunction="AVG" aggFunctionParm="" levelCaption="Avg Units Sold" levelFormat="" levelSummary="" levelType="" drillLevel="0" advanced="false" levelStyle="" levelHeaderStyle="" suppress8020="false">
  </columnLevel>
  <columnLevel spec="[Measures].[Amount Sold]" key="" value="" text="Revenue" headEnabled="false" headCount="" filterEnabled="false" filterExpression="Measures.[%COUNT]=0" orderEnabled="false" orderExpression="Measures.[%COUNT]" orderDirection="BDESC" aggEnabled="false" aggFunction="AVG" aggFunctionParm="" levelCaption="Avg Revenue" levelFormat="" levelSummary="" levelType="" drillLevel="0" advanced="false" levelStyle="" levelHeaderStyle="" suppress8020="false">
  </columnLevel>
</pivot>

<!-- Chart Demos/Bullseye Chart.pivot -->
<pivot xmlns="http://www.intersystems.com/deepsee/library" name="Bullseye Chart" folderName="Chart Demos" title="" description="" keywords="HoleFoods" owner="" shared="true" public="false" locked="false" resource="" timeCreated="2012-11-27T15:58:50.932Z" createdBy="" category="" bookCover="" mdx="" cellWidth="120" columnHeaderStyle="" rowHeaderStyle="" cellStyle="" rowLabelSpan="true" columnLabelSpan="true" cellHeight="22" showEmptyRows="false" showEmptyColumns="false" cubeName="HoleFoods" caption="" listing="" listingRows="" showStatus="true" pageSize="100" colorScale="" rowTotals="false" columnTotals="false" rowTotalAgg="sum" columnTotalAgg="sum" rowTotalSource="page" showZebra="false" showRowCaption="true" printTitle="" printSubtitle="" printPageSize="" printOrientation="" printMarginTop="" printMarginLeft="" printMarginRight="" printMarginBottom="" printLabelWidth="" printCellWidth="" autoExecute="true" manualMode="false" userMDX="" chartMarginTop="" chartMarginLeft="" chartMarginRight="" chartMarginBottom="">
  <rowAxisOptions spec="" key="" value="" text="" headEnabled="false" headCount="" filterEnabled="false" filterExpression="" orderEnabled="false" orderExpression="" orderDirection="BDESC" aggEnabled="false" aggFunction="" aggFunctionParm="" levelCaption="" levelFormat="" levelSummary="" levelType="" drillLevel="0" advanced="false" levelStyle="" levelHeaderStyle="" suppress8020="false">
  </rowAxisOptions>
  <columnAxisOptions spec="" key="" value="" text="" headEnabled="false" headCount="" filterEnabled="false" filterExpression="" orderEnabled="false" orderExpression="" orderDirection="BDESC" aggEnabled="false" aggFunction="" aggFunctionParm="" levelCaption="" levelFormat="" levelSummary="" levelType="" drillLevel="0" advanced="false" levelStyle="" levelHeaderStyle="" suppress8020="false">
  </columnAxisOptions>
  <rowLevel spec="[Product].[All Product]" key="" value="" text="All Product" headEnabled="false" headCount="" filterEnabled="false" filterExpression="Measures.[%COUNT]=0" orderEnabled="false" orderExpression="Measures.[%COUNT]" orderDirection="BDESC" aggEnabled="false" aggFunction="SUM" aggFunctionParm="" levelCaption="All Products" levelFormat="" levelSummary="" levelType="" drillLevel="0" advanced="false" levelStyle="" levelHeaderStyle="" suppress8020="false">
  </rowLevel>
  <rowLevel spec="[Product].[P1].[Product Name].&amp;[SKU-203]" key="" value="" text="Pretzels (bag)" headEnabled="false" headCount="" filterEnabled="false" filterExpression="" orderEnabled="false" orderExpression="" orderDirection="BDESC" aggEnabled="false" aggFunction="" aggFunctionParm="" levelCaption="" levelFormat="" levelSummary="" levelType="" drillLevel="0" advanced="false" levelStyle="" levelHeaderStyle="" suppress8020="false">
  </rowLevel>
  <columnLevel spec="[Measures].[Amount Sold]" key="" value="" text="Revenue" headEnabled="false" headCount="" filterEnabled="false" filterExpression="" orderEnabled="false" orderExpression="" orderDirection="BDESC" aggEnabled="false" aggFunction="" aggFunctionParm="" levelCaption="" levelFormat="" levelSummary="" levelType="" drillLevel="0" advanced="false" levelStyle="" levelHeaderStyle="" suppress8020="false">
  </columnLevel>
</pivot>

<!-- Chart Demos/Combo Chart.pivot -->
<pivot xmlns="http://www.intersystems.com/deepsee/library" name="Combo Chart" folderName="Chart Demos" title="" description="" keywords="HoleFoods" owner="" shared="true" public="false" locked="false" resource="" timeCreated="2013-01-08T20:05:42.818Z" createdBy="" category="" bookCover="" mdx="" cellWidth="120" columnHeaderStyle="" rowHeaderStyle="" cellStyle="" rowLabelSpan="true" columnLabelSpan="true" cellHeight="22" showEmptyRows="false" showEmptyColumns="false" cubeName="HoleFoods" caption="" listing="" listingRows="" showStatus="true" pageSize="100" colorScale="" rowTotals="false" columnTotals="false" rowTotalAgg="sum" columnTotalAgg="sum" rowTotalSource="page" showZebra="false" showRowCaption="true" printTitle="" printSubtitle="" printPageSize="" printOrientation="" printMarginTop="" printMarginLeft="" printMarginRight="" printMarginBottom="" printLabelWidth="" printCellWidth="" autoExecute="true" manualMode="false" userMDX="" chartMarginTop="" chartMarginLeft="" chartMarginRight="" chartMarginBottom="">
  <rowAxisOptions spec="" key="" value="" text="" headEnabled="false" headCount="" filterEnabled="false" filterExpression="" orderEnabled="false" orderExpression="" orderDirection="BDESC" aggEnabled="false" aggFunction="" aggFunctionParm="" levelCaption="" levelFormat="" levelSummary="" levelType="" drillLevel="0" advanced="false" levelStyle="" levelHeaderStyle="" suppress8020="false">
  </rowAxisOptions>
  <columnAxisOptions spec="" key="" value="" text="" headEnabled="false" headCount="" filterEnabled="false" filterExpression="" orderEnabled="false" orderExpression="" orderDirection="BDESC" aggEnabled="false" aggFunction="" aggFunctionParm="" levelCaption="" levelFormat="" levelSummary="" levelType="" drillLevel="0" advanced="false" levelStyle="" levelHeaderStyle="" suppress8020="false">
  </columnAxisOptions>
  <rowLevel spec="[DateOfSale].[Actual].[YearSold].Members" key="" value="" text="YearSold" headEnabled="false" headCount="" filterEnabled="false" filterExpression="" orderEnabled="false" orderExpression="" orderDirection="BDESC" aggEnabled="false" aggFunction="" aggFunctionParm="" levelCaption="" levelFormat="" levelSummary="" levelType="" drillLevel="0" advanced="false" levelStyle="" levelHeaderStyle="" suppress8020="false">
  </rowLevel>
  <columnLevel spec="[Measures].[Amount Sold]" key="" value="" text="Revenue" headEnabled="false" headCount="" filterEnabled="false" filterExpression="" orderEnabled="false" orderExpression="" orderDirection="BDESC" aggEnabled="false" aggFunction="" aggFunctionParm="" levelCaption="" levelFormat="" levelSummary="" levelType="" drillLevel="0" advanced="false" levelStyle="" levelHeaderStyle="" suppress8020="false">
  </columnLevel>
  <columnLevel spec="[Measures].[Units Sold]" key="" value="" text="Units Sold" headEnabled="false" headCount="" filterEnabled="false" filterExpression="" orderEnabled="false" orderExpression="" orderDirection="BDESC" aggEnabled="false" aggFunction="" aggFunctionParm="" levelCaption="" levelFormat="" levelSummary="" levelType="" drillLevel="0" advanced="false" levelStyle="" levelHeaderStyle="" suppress8020="false">
  </columnLevel>
</pivot>

<!-- Chart Demos/High Low Chart.pivot -->
<pivot xmlns="http://www.intersystems.com/deepsee/library" name="High Low Chart" folderName="Chart Demos" title="" description="" keywords="HoleFoods" owner="" shared="true" public="false" locked="false" resource="" timeCreated="2013-01-08T20:05:42.824Z" createdBy="" category="" bookCover="" mdx="" cellWidth="120" columnHeaderStyle="" rowHeaderStyle="" cellStyle="" rowLabelSpan="true" columnLabelSpan="true" cellHeight="22" showEmptyRows="false" showEmptyColumns="false" cubeName="HoleFoods" caption="" listing="" listingRows="" showStatus="true" pageSize="100" colorScale="" rowTotals="false" columnTotals="false" rowTotalAgg="sum" columnTotalAgg="sum" rowTotalSource="page" showZebra="false" showRowCaption="true" printTitle="" printSubtitle="" printPageSize="" printOrientation="" printMarginTop="" printMarginLeft="" printMarginRight="" printMarginBottom="" printLabelWidth="" printCellWidth="" autoExecute="true" manualMode="false" userMDX="" chartMarginTop="" chartMarginLeft="" chartMarginRight="" chartMarginBottom="">
  <rowAxisOptions spec="" key="" value="" text="" headEnabled="false" headCount="" filterEnabled="false" filterExpression="" orderEnabled="false" orderExpression="" orderDirection="BDESC" aggEnabled="false" aggFunction="" aggFunctionParm="" levelCaption="" levelFormat="" levelSummary="" levelType="" drillLevel="0" advanced="false" levelStyle="" levelHeaderStyle="" suppress8020="false">
  </rowAxisOptions>
  <columnAxisOptions spec="" key="" value="" text="" headEnabled="false" headCount="" filterEnabled="false" filterExpression="" orderEnabled="false" orderExpression="" orderDirection="BDESC" aggEnabled="false" aggFunction="" aggFunctionParm="" levelCaption="" levelFormat="" levelSummary="" levelType="" drillLevel="0" advanced="false" levelStyle="" levelHeaderStyle="" suppress8020="false">
  </columnAxisOptions>
  <rowLevel spec="[Product].[P1].[Product Category].Members" key="" value="" text="Product Category" headEnabled="false" headCount="" filterEnabled="false" filterExpression="" orderEnabled="false" orderExpression="" orderDirection="BDESC" aggEnabled="false" aggFunction="" aggFunctionParm="" levelCaption="" levelFormat="" levelSummary="" levelType="" drillLevel="0" advanced="false" levelStyle="" levelHeaderStyle="" suppress8020="false">
  </rowLevel>
  <columnLevel spec="[Measures].[Amount Sold]" key="" value="" text="Revenue" headEnabled="false" headCount="" filterEnabled="false" filterExpression="Measures.[%COUNT]=0" orderEnabled="false" orderExpression="Measures.[%COUNT]" orderDirection="BDESC" aggEnabled="false" aggFunction="MIN" aggFunctionParm="" levelCaption="Min Revenue" levelFormat="" levelSummary="" levelType="" drillLevel="0" advanced="false" levelStyle="" levelHeaderStyle="" suppress8020="false">
  </columnLevel>
  <columnLevel spec="[Measures].[Amount Sold]" key="" value="" text="Revenue" headEnabled="false" headCount="" filterEnabled="false" filterExpression="Measures.[%COUNT]=0" orderEnabled="false" orderExpression="Measures.[%COUNT]" orderDirection="BDESC" aggEnabled="false" aggFunction="MAX" aggFunctionParm="" levelCaption="Max Revenue" levelFormat="" levelSummary="" levelType="" drillLevel="0" advanced="false" levelStyle="" levelHeaderStyle="" suppress8020="false">
  </columnLevel>
</pivot>

<!-- Chart Demos/Line Chart.pivot -->
<pivot xmlns="http://www.intersystems.com/deepsee/library" name="Line Chart" folderName="Chart Demos" title="" description="" keywords="HoleFoods" owner="" shared="true" public="false" locked="false" resource="" timeCreated="2012-11-27T15:55:49.228Z" createdBy="" category="" bookCover="" mdx="" cellWidth="120" columnHeaderStyle="" rowHeaderStyle="" cellStyle="" rowLabelSpan="true" columnLabelSpan="true" cellHeight="22" showEmptyRows="false" showEmptyColumns="false" cubeName="HoleFoods" caption="" listing="" listingRows="" showStatus="true" pageSize="100" colorScale="" rowTotals="false" columnTotals="false" rowTotalAgg="sum" columnTotalAgg="sum" rowTotalSource="page" showZebra="false" showRowCaption="true" printTitle="" printSubtitle="" printPageSize="" printOrientation="" printMarginTop="" printMarginLeft="" printMarginRight="" printMarginBottom="" printLabelWidth="" printCellWidth="" autoExecute="true" manualMode="false" userMDX="" chartMarginTop="" chartMarginLeft="" chartMarginRight="" chartMarginBottom="">
  <rowAxisOptions spec="" key="" value="" text="" headEnabled="false" headCount="" filterEnabled="false" filterExpression="" orderEnabled="false" orderExpression="" orderDirection="BDESC" aggEnabled="false" aggFunction="" aggFunctionParm="" levelCaption="" levelFormat="" levelSummary="" levelType="" drillLevel="0" advanced="false" levelStyle="" levelHeaderStyle="" suppress8020="false">
  </rowAxisOptions>
  <columnAxisOptions spec="" key="" value="" text="" headEnabled="false" headCount="" filterEnabled="false" filterExpression="" orderEnabled="false" orderExpression="" orderDirection="BDESC" aggEnabled="false" aggFunction="" aggFunctionParm="" levelCaption="" levelFormat="" levelSummary="" levelType="" drillLevel="0" advanced="false" levelStyle="" levelHeaderStyle="" suppress8020="false">
  </columnAxisOptions>
  <rowLevel spec="[Discount].[H1].[Discount Type].Members" key="" value="" text="Discount Type" headEnabled="false" headCount="" filterEnabled="false" filterExpression="" orderEnabled="false" orderExpression="" orderDirection="BDESC" aggEnabled="false" aggFunction="" aggFunctionParm="" levelCaption="" levelFormat="" levelSummary="" levelType="" drillLevel="0" advanced="false" levelStyle="" levelHeaderStyle="" suppress8020="false">
  </rowLevel>
  <columnLevel spec="[Measures].[Amount Sold]" key="" value="" text="Revenue" headEnabled="false" headCount="" filterEnabled="false" filterExpression="" orderEnabled="false" orderExpression="" orderDirection="BDESC" aggEnabled="false" aggFunction="" aggFunctionParm="" levelCaption="" levelFormat="" levelSummary="" levelType="" drillLevel="0" advanced="false" levelStyle="" levelHeaderStyle="" suppress8020="false">
  </columnLevel>
</pivot>

<!-- Chart Demos/Pie Chart.pivot -->
<pivot xmlns="http://www.intersystems.com/deepsee/library" name="Pie Chart" folderName="Chart Demos" category="Charts" title="" description="" keywords="HoleFoods" owner="" shared="true" public="false" locked="false" resource="" timeCreated="2012-11-27T15:58:50.932Z" createdBy="" bookCover="{background: {style:&apos;background:white;&apos;,src:&apos;covers/pareto_chart.png&apos;},header: {text:&apos;$type&apos;},title: {text:&apos;$title&apos;,style:&apos;text-align: right;font-variant: small-caps;color:rgb(240, 0, 0);padding:3.5px;border-radius:7.5px 7.5px 7.5px 7.5px;&apos;},image: {style:&apos;display: none;&apos;},footer: {text:&apos;$owner&apos;}}" mdx="" cellWidth="120" columnHeaderStyle="" rowHeaderStyle="" cellStyle="" rowLabelSpan="true" columnLabelSpan="true" cellHeight="22" showEmptyRows="false" showEmptyColumns="false" cubeName="HoleFoods" caption="" listing="" listingRows="" showStatus="true" pageSize="100" colorScale="" rowTotals="false" columnTotals="false" rowTotalAgg="sum" columnTotalAgg="sum" rowTotalSource="page" showZebra="false" showRowCaption="true" printTitle="" printSubtitle="" printPageSize="" printOrientation="" printMarginTop="" printMarginLeft="" printMarginRight="" printMarginBottom="" printLabelWidth="" printCellWidth="" autoExecute="true" manualMode="false" userMDX="" chartMarginTop="" chartMarginLeft="" chartMarginRight="" chartMarginBottom="">
  <rowAxisOptions spec="" key="" value="" text="" headEnabled="false" headCount="" filterEnabled="false" filterExpression="" orderEnabled="false" orderExpression="" orderDirection="BDESC" aggEnabled="false" aggFunction="" aggFunctionParm="" levelCaption="" levelFormat="" levelSummary="" levelType="" drillLevel="0" advanced="false" levelStyle="" levelHeaderStyle="" suppress8020="false">
  </rowAxisOptions>
  <columnAxisOptions spec="" key="" value="" text="" headEnabled="false" headCount="" filterEnabled="false" filterExpression="" orderEnabled="false" orderExpression="" orderDirection="BDESC" aggEnabled="false" aggFunction="" aggFunctionParm="" levelCaption="" levelFormat="" levelSummary="" levelType="" drillLevel="0" advanced="false" levelStyle="" levelHeaderStyle="" suppress8020="false">
  </columnAxisOptions>
  <rowLevel spec="[Product].[P1].[Product Category].Members" key="" value="" text="Product Category" headEnabled="false" headCount="" filterEnabled="false" filterExpression="" orderEnabled="false" orderExpression="" orderDirection="BDESC" aggEnabled="false" aggFunction="" aggFunctionParm="" levelCaption="" levelFormat="" levelSummary="" levelType="" drillLevel="0" advanced="false" levelStyle="" levelHeaderStyle="" suppress8020="false">
  </rowLevel>
  <columnLevel spec="[Measures].[Amount Sold]" key="" value="" text="Revenue" headEnabled="false" headCount="" filterEnabled="false" filterExpression="" orderEnabled="false" orderExpression="" orderDirection="BDESC" aggEnabled="false" aggFunction="" aggFunctionParm="" levelCaption="" levelFormat="" levelSummary="" levelType="" drillLevel="0" advanced="false" levelStyle="" levelHeaderStyle="" suppress8020="false">
  </columnLevel>
</pivot>

<!-- Chart Demos/Time Chart.pivot -->
<pivot xmlns="http://www.intersystems.com/deepsee/library" name="Time Chart" folderName="Chart Demos" title="" description="" keywords="HoleFoods" owner="" shared="true" public="false" locked="false" resource="" timeCreated="2013-01-08T21:08:18.275Z" createdBy="" category="" bookCover="" mdx="" cellWidth="120" columnHeaderStyle="" rowHeaderStyle="" cellStyle="" rowLabelSpan="true" columnLabelSpan="true" cellHeight="22" showEmptyRows="false" showEmptyColumns="false" cubeName="HoleFoods" caption="" listing="" listingRows="" showStatus="true" pageSize="100" colorScale="" rowTotals="false" columnTotals="false" rowTotalAgg="sum" columnTotalAgg="sum" rowTotalSource="page" showZebra="false" showRowCaption="true" printTitle="" printSubtitle="" printPageSize="" printOrientation="" printMarginTop="" printMarginLeft="" printMarginRight="" printMarginBottom="" printLabelWidth="" printCellWidth="" autoExecute="true" manualMode="false" userMDX="" chartMarginTop="" chartMarginLeft="" chartMarginRight="" chartMarginBottom="">
  <rowAxisOptions spec="" key="" value="" text="" headEnabled="false" headCount="" filterEnabled="false" filterExpression="" orderEnabled="false" orderExpression="" orderDirection="BDESC" aggEnabled="false" aggFunction="" aggFunctionParm="" levelCaption="" levelFormat="" levelSummary="" levelType="" drillLevel="0" advanced="false" levelStyle="" levelHeaderStyle="" suppress8020="false">
  </rowAxisOptions>
  <columnAxisOptions spec="" key="" value="" text="" headEnabled="false" headCount="" filterEnabled="false" filterExpression="" orderEnabled="false" orderExpression="" orderDirection="BDESC" aggEnabled="false" aggFunction="" aggFunctionParm="" levelCaption="" levelFormat="" levelSummary="" levelType="" drillLevel="0" advanced="false" levelStyle="" levelHeaderStyle="" suppress8020="false">
  </columnAxisOptions>
  <rowLevel spec="[DateOfSale].[Actual].[DaySold].Members" key="" value="" text="DaySold" headEnabled="false" headCount="" filterEnabled="false" filterExpression="" orderEnabled="false" orderExpression="" orderDirection="BDESC" aggEnabled="false" aggFunction="" aggFunctionParm="" levelCaption="" levelFormat="" levelSummary="" levelType="" drillLevel="0" advanced="false" levelStyle="" levelHeaderStyle="" suppress8020="false">
  </rowLevel>
  <measure spec="[Measures].[Amount Sold]" key="" value="" text="Revenue" headEnabled="false" headCount="" filterEnabled="false" filterExpression="" orderEnabled="false" orderExpression="" orderDirection="BDESC" aggEnabled="false" aggFunction="" aggFunctionParm="" levelCaption="" levelFormat="" levelSummary="" levelType="" drillLevel="0" advanced="false" levelStyle="" levelHeaderStyle="" suppress8020="false">
  </measure>
</pivot>

<!-- Chart Demos/Tree Map Chart.pivot -->
<pivot xmlns="http://www.intersystems.com/deepsee/library" name="Tree Map Chart" folderName="Chart Demos" category="Charts" title="" description="" keywords="HoleFoods" owner="" shared="true" public="false" locked="false" resource="" timeCreated="2012-11-27T15:58:50.932Z" createdBy="" bookCover="{background: {style:&apos;background:white;&apos;,src:&apos;covers/pareto_chart.png&apos;},header: {text:&apos;$type&apos;},title: {text:&apos;$title&apos;,style:&apos;text-align: right;font-variant: small-caps;color:rgb(240, 0, 0);padding:3.5px;border-radius:7.5px 7.5px 7.5px 7.5px;&apos;},image: {style:&apos;display: none;&apos;},footer: {text:&apos;$owner&apos;}}" mdx="" cellWidth="120" columnHeaderStyle="" rowHeaderStyle="" cellStyle="" rowLabelSpan="true" columnLabelSpan="true" cellHeight="22" showEmptyRows="false" showEmptyColumns="false" cubeName="HoleFoods" caption="" listing="" listingRows="" showStatus="true" pageSize="100" colorScale="" rowTotals="false" columnTotals="false" rowTotalAgg="sum" columnTotalAgg="sum" rowTotalSource="page" showZebra="false" showRowCaption="true" printTitle="" printSubtitle="" printPageSize="" printOrientation="" printMarginTop="" printMarginLeft="" printMarginRight="" printMarginBottom="" printLabelWidth="" printCellWidth="" autoExecute="true" manualMode="false" userMDX="" chartMarginTop="" chartMarginLeft="" chartMarginRight="" chartMarginBottom="">
  <rowAxisOptions spec="" key="" value="" text="" headEnabled="false" headCount="" filterEnabled="false" filterExpression="" orderEnabled="false" orderExpression="" orderDirection="BDESC" aggEnabled="false" aggFunction="" aggFunctionParm="" levelCaption="" levelFormat="" levelSummary="" levelType="" drillLevel="0" advanced="false" levelStyle="" levelHeaderStyle="" suppress8020="false">
  </rowAxisOptions>
  <columnAxisOptions spec="" key="" value="" text="" headEnabled="false" headCount="" filterEnabled="false" filterExpression="" orderEnabled="false" orderExpression="" orderDirection="BDESC" aggEnabled="false" aggFunction="" aggFunctionParm="" levelCaption="" levelFormat="" levelSummary="" levelType="" drillLevel="0" advanced="false" levelStyle="" levelHeaderStyle="" suppress8020="false">
  </columnAxisOptions>
  <rowLevel spec="[Product].[P1].[Product Category].Members" key="" value="" text="Product Category" headEnabled="false" headCount="" filterEnabled="false" filterExpression="" orderEnabled="false" orderExpression="" orderDirection="BDESC" aggEnabled="false" aggFunction="" aggFunctionParm="" levelCaption="" levelFormat="" levelSummary="" levelType="" drillLevel="0" advanced="false" levelStyle="" levelHeaderStyle="" suppress8020="false">
  </rowLevel>
  <columnLevel spec="[Measures].[Amount Sold]" key="" value="" text="Revenue" headEnabled="false" headCount="" filterEnabled="false" filterExpression="" orderEnabled="false" orderExpression="" orderDirection="BDESC" aggEnabled="false" aggFunction="" aggFunctionParm="" levelCaption="" levelFormat="" levelSummary="" levelType="" drillLevel="0" advanced="false" levelStyle="" levelHeaderStyle="" suppress8020="false">
  </columnLevel>
</pivot>

<!-- Chart Demos/XY Chart.pivot -->
<pivot xmlns="http://www.intersystems.com/deepsee/library" name="XY Chart" folderName="Chart Demos" title="" description="" keywords="HoleFoods" owner="" shared="true" public="false" locked="false" resource="" timeCreated="2013-01-08T20:05:42.812Z" createdBy="" category="" bookCover="" mdx="" cellWidth="120" columnHeaderStyle="" rowHeaderStyle="" cellStyle="" rowLabelSpan="true" columnLabelSpan="true" cellHeight="22" showEmptyRows="false" showEmptyColumns="false" cubeName="HoleFoods" caption="" listing="" listingRows="" showStatus="true" pageSize="100" colorScale="" rowTotals="false" columnTotals="false" rowTotalAgg="sum" columnTotalAgg="sum" rowTotalSource="page" showZebra="false" showRowCaption="true" printTitle="" printSubtitle="" printPageSize="" printOrientation="" printMarginTop="" printMarginLeft="" printMarginRight="" printMarginBottom="" printLabelWidth="" printCellWidth="" autoExecute="true" manualMode="false" userMDX="" chartMarginTop="" chartMarginLeft="" chartMarginRight="" chartMarginBottom="">
  <rowAxisOptions spec="" key="" value="" text="" headEnabled="false" headCount="" filterEnabled="false" filterExpression="" orderEnabled="false" orderExpression="" orderDirection="BDESC" aggEnabled="false" aggFunction="" aggFunctionParm="" levelCaption="" levelFormat="" levelSummary="" levelType="" drillLevel="0" advanced="false" levelStyle="" levelHeaderStyle="" suppress8020="false">
  </rowAxisOptions>
  <columnAxisOptions spec="" key="" value="" text="" headEnabled="false" headCount="" filterEnabled="false" filterExpression="" orderEnabled="false" orderExpression="" orderDirection="BDESC" aggEnabled="false" aggFunction="" aggFunctionParm="" levelCaption="" levelFormat="" levelSummary="" levelType="" drillLevel="0" advanced="false" levelStyle="" levelHeaderStyle="" suppress8020="false">
  </columnAxisOptions>
  <rowLevel spec="[Product].[P1].[Product Name].Members" key="" value="" text="Product Name" headEnabled="false" headCount="" filterEnabled="false" filterExpression="Measures.[%COUNT]=0" orderEnabled="true" orderExpression="Measures.[Units Sold]" orderDirection="BASC" aggEnabled="false" aggFunction="SUM" aggFunctionParm="" levelCaption="" levelFormat="" levelSummary="" levelType="" drillLevel="0" advanced="false" levelStyle="" levelHeaderStyle="" suppress8020="false">
  </rowLevel>
  <columnLevel spec="[Measures].[Units Sold]" key="" value="" text="Units Sold" headEnabled="false" headCount="" filterEnabled="false" filterExpression="" orderEnabled="false" orderExpression="" orderDirection="BDESC" aggEnabled="false" aggFunction="" aggFunctionParm="" levelCaption="" levelFormat="" levelSummary="" levelType="" drillLevel="0" advanced="false" levelStyle="" levelHeaderStyle="" suppress8020="false">
  </columnLevel>
  <columnLevel spec="[Measures].[Amount Sold]" key="" value="" text="Revenue" headEnabled="false" headCount="" filterEnabled="false" filterExpression="" orderEnabled="false" orderExpression="" orderDirection="BDESC" aggEnabled="false" aggFunction="" aggFunctionParm="" levelCaption="" levelFormat="" levelSummary="" levelType="" drillLevel="0" advanced="false" levelStyle="" levelHeaderStyle="" suppress8020="false">
  </columnLevel>
</pivot>

<!-- KPIs & Plugins/Sales Against Targets.dashboard -->
<dashboard xmlns="http://www.intersystems.com/deepsee/library" name="Sales Against Targets" folderName="KPIs &amp; Plugins" title="" description="" keywords="HoleFoods,KPIs,trendlines" owner="" shared="true" public="true" locked="false" resource="" timeCreated="2012-07-06T06:07:08.172Z" createdBy="" category="How To" bookCover="{background: {},header: {text:&apos;$type&apos;,style:&apos;font-family:helvetica;&apos;},title: {text:&apos;$title&apos;,style:&apos;text-align: center;font-variant: small-caps;color:rgb(0, 80, 35);font-family:georgia;margin:0px;&apos;},image: {style:&apos;width:132.5px;height:105px;&apos;,src:&apos;covers/14170040_s.jpg&apos;,imageStyle:&apos;width:132.5px;height:105px;&apos;},subtitle: {},footer: {text:&apos;KPIs&apos;,style:&apos;background-color:teal;&apos;}}" scheme="" worklistCount="0" snapTo="true" snapGrid="true" gridRows="2" gridCols="2" canResize="true" canModify="true" showTitleBar="true" companyName="" companyLogo="covers/holefoods_logo.png" companyStyle="">
  <widget name="Widget1" type="scoreCardWidget" subtype="regular" subtypeClass="" title="Products and History" dataSource="Holefoods/SalesAgainstTargets.kpi" dataLink="" drillDownDataSource="" top="16" left="15" width="709" height="682" sidebarContent="" showSidebar="false" sidebarWidth="" maximized="false" homeRowL="0" homeColL="0" colSpanL="2" rowSpanL="2" showToolbar="true" theme="">
    <control name="" action="applyFilter" target="" targetProperty="Year" location="widget" type="auto" controlClass="" label="Year" title="" value="" text="" readOnly="false" valueList="" displayList="" activeWhen=""></control>
    <control name="" action="applyFilter" target="" targetProperty="Product" location="widget" type="auto" controlClass="" label="Product" title="" value="" text="" readOnly="false" valueList="" displayList="" activeWhen=""></control>
    <control name="" action="applyFilter" target="" targetProperty="Country" location="widget" type="auto" controlClass="" label="Country" title="" value="" text="" readOnly="false" valueList="" displayList="" activeWhen=""></control>
    <dataProperty name="" label="" width="" align="" subtype="" style="" display="label" format="" showAs="" valueColumn="false" summary="" summaryValue="" dataValue="" targetValue="" thresholdLower="" thresholdUpper="" rangeLower="" rangeUpper="" baseValue="" override=""></dataProperty>
    <dataProperty name="" label="Amount of Sale" width="" align="" subtype="" style="" display="value" format="$#.##" showAs="value" valueColumn="false" summary="" summaryValue="" dataValue="AmountOfSale" targetValue="" thresholdLower="" thresholdUpper="" rangeLower="" rangeUpper="" baseValue="" override=""></dataProperty>
    <dataProperty name="" label="Target" width="" align="" subtype="" style="" display="value" format="$#.##" showAs="value" valueColumn="false" summary="" summaryValue="" dataValue="Target" targetValue="" thresholdLower="" thresholdUpper="" rangeLower="" rangeUpper="" baseValue="" override=""></dataProperty>
    <dataProperty name="" label="History" width="" align="" subtype="" style="" display="trendLine" format="" showAs="value" valueColumn="false" summary="" summaryValue="" dataValue="History" targetValue="" thresholdLower="" thresholdUpper="" rangeLower="" rangeUpper="" baseValue="" override=""></dataProperty>
  </widget>
</dashboard>

<!-- Pareto Charts/Category Pareto Data.pivot -->
<pivot xmlns="http://www.intersystems.com/deepsee/library" name="Category Pareto Data" folderName="Pareto Charts" title="" description="" keywords="HoleFoods" owner="" shared="true" public="false" locked="false" resource="" timeCreated="2012-12-18T20:41:51.753Z" createdBy="" category="" bookCover="{background: {style:&apos;background-color:white;opacity:0.45;&apos;,src:&apos;covers/pareto_chart.png&apos;,imageStyle:&apos;width:134px;height:190px;&apos;},header: {text:&apos;$type&apos;},title: {text:&apos;$title&apos;},image: {src:&apos;deepsee/ds2_dashboard_44.png&apos;,imageStyle:&apos;width:64px;height:64px;&apos;},footer: {text:&apos;$owner&apos;}}" mdx="" cellWidth="120" columnHeaderStyle="" rowHeaderStyle="" cellStyle="" rowLabelSpan="true" columnLabelSpan="true" cellHeight="22" showEmptyRows="false" showEmptyColumns="false" cubeName="HoleFoods" caption="" listing="" listingRows="" showStatus="true" pageSize="100" colorScale="" rowTotals="false" columnTotals="false" rowTotalAgg="sum" columnTotalAgg="pct" rowTotalSource="page" showZebra="false" showRowCaption="true" printTitle="" printSubtitle="" printPageSize="" printOrientation="" printMarginTop="" printMarginLeft="" printMarginRight="" printMarginBottom="" printLabelWidth="" printCellWidth="" autoExecute="true" manualMode="false" userMDX="" chartMarginTop="" chartMarginLeft="" chartMarginRight="" chartMarginBottom="">
  <rowAxisOptions spec="" key="" value="" text="" headEnabled="false" headCount="" filterEnabled="false" filterExpression="" orderEnabled="false" orderExpression="" orderDirection="BDESC" aggEnabled="false" aggFunction="" aggFunctionParm="" levelCaption="" levelFormat="" levelSummary="" levelType="" drillLevel="0" advanced="false" levelStyle="" levelHeaderStyle="" suppress8020="false">
  </rowAxisOptions>
  <columnAxisOptions spec="" key="" value="" text="" headEnabled="false" headCount="" filterEnabled="false" filterExpression="" orderEnabled="false" orderExpression="" orderDirection="BDESC" aggEnabled="false" aggFunction="" aggFunctionParm="" levelCaption="" levelFormat="" levelSummary="" levelType="" drillLevel="0" advanced="false" levelStyle="" levelHeaderStyle="" suppress8020="false">
  </columnAxisOptions>
  <rowLevel spec="[Product].[P1].[Product Category].Members" key="" value="" text="Product Category" headEnabled="false" headCount="" filterEnabled="false" filterExpression="Measures.[%COUNT]=0" orderEnabled="true" orderExpression="Measures.[Amount Sold]" orderDirection="BDESC" aggEnabled="false" aggFunction="SUM" aggFunctionParm="" levelCaption="" levelFormat="" levelSummary="" levelType="" drillLevel="0" advanced="false" levelStyle="" levelHeaderStyle="" suppress8020="false">
  </rowLevel>
  <measure spec="[Measures].[Amount Sold]" key="" value="" text="Revenue" headEnabled="false" headCount="" filterEnabled="false" filterExpression="" orderEnabled="false" orderExpression="" orderDirection="BDESC" aggEnabled="false" aggFunction="" aggFunctionParm="" levelCaption="" levelFormat="" levelSummary="" levelType="" drillLevel="0" advanced="false" levelStyle="" levelHeaderStyle="" suppress8020="false">
  </measure>
  <measure spec="[MEASURES].[REVENUE PERCENT CUMULATIVE]" key="" value="" text="Revenue Percent Cumulative" headEnabled="false" headCount="" filterEnabled="false" filterExpression="" orderEnabled="false" orderExpression="" orderDirection="BDESC" aggEnabled="false" aggFunction="" aggFunctionParm="" levelCaption="" levelFormat="" levelSummary="" levelType="" drillLevel="0" advanced="false" levelStyle="" levelHeaderStyle="" suppress8020="false">
  </measure>
  <calculatedMember dimension="MEASURES" memberName="Revenue as Percent of Total" valueExpression="Measures.[Amount Sold] / %MDX(&quot;select Measures.[Amount sold]on 1 from holefoods&quot;,&quot;%CONTEXT&quot;,&quot;filters|columns&quot;)" formatString="##.##%;;;;" solveOrder="0"></calculatedMember>
  <calculatedMember dimension="MEASURES" memberName="Revenue Percent Cumulative" valueExpression="Measures.[Revenue as Percent of Total] + %CELL(0,-1)" formatString="##.##%;;;;" solveOrder="0"></calculatedMember>
</pivot>

<!-- Pivot Variables/Commission Calculator.pivot -->
<pivot xmlns="http://www.intersystems.com/deepsee/library" name="Commission Calculator" folderName="Pivot Variables" title="" description="" keywords="HoleFoods" owner="" shared="true" public="false" locked="false" resource="" timeCreated="2013-12-16T22:10:28.537Z" createdBy="" category="How To" bookCover="" mdx="" cellWidth="120" columnHeaderStyle="" rowHeaderStyle="" cellStyle="" rowLabelSpan="true" columnLabelSpan="true" cellHeight="22" showEmptyRows="false" showEmptyColumns="false" cubeName="HoleFoods" caption="" listing="" listingRows="" showStatus="true" pageSize="100" colorScale="" rowTotals="false" columnTotals="false" rowTotalAgg="sum" columnTotalAgg="sum" rowTotalSource="page" showZebra="false" showRowCaption="true" printTitle="" printSubtitle="" printSubtitleOn="" showUser="" printPageSize="" printOrientation="" printMarginTop="" printMarginLeft="" printMarginRight="" printMarginBottom="" printLabelWidth="" printCellWidth="" autoExecute="true" manualMode="false" userMDX="" chartMarginTop="" chartMarginLeft="" chartMarginRight="" chartMarginBottom="" maxRows="" borderLeftCell="" borderRightCell="" borderTopCell="" borderBottomCell="" borderLeftCol="" borderRightCol="" borderTopCol="" borderBottomCol="" borderLeftRow="" borderRightRow="" borderTopRow="" borderBottomRow="" showFilters="" showListingFilters="" showDate="" listingFontSize="" showZebraStripes="" filterTableStyle="" filterTableCaptionStyle="" filterTableItemStyle="" nowDisplayFormat="">
  <rowAxisOptions spec="" key="" value="" text="" headEnabled="false" headCount="" filterEnabled="false" filterExpression="" orderEnabled="false" orderExpression="" orderDirection="BDESC" aggEnabled="false" aggFunction="" aggFunctionParm="" levelCaption="" levelFormat="" levelSummary="" levelType="" drillLevel="0" advanced="false" levelStyle="" levelHeaderStyle="" suppress8020="false" drilldownSpec="">
  </rowAxisOptions>
  <columnAxisOptions spec="" key="" value="" text="" headEnabled="false" headCount="" filterEnabled="false" filterExpression="" orderEnabled="false" orderExpression="" orderDirection="BDESC" aggEnabled="false" aggFunction="" aggFunctionParm="" levelCaption="" levelFormat="" levelSummary="" levelType="" drillLevel="0" advanced="false" levelStyle="" levelHeaderStyle="" suppress8020="false" drilldownSpec="">
  </columnAxisOptions>
  <rowLevel spec="[Product].[P1].[Product Name].Members" key="" value="" text="Product Name" headEnabled="false" headCount="" filterEnabled="false" filterExpression="" orderEnabled="false" orderExpression="" orderDirection="BDESC" aggEnabled="false" aggFunction="" aggFunctionParm="" levelCaption="" levelFormat="" levelSummary="" levelType="" drillLevel="0" advanced="false" levelStyle="" levelHeaderStyle="" suppress8020="false" drilldownSpec="">
  </rowLevel>
  <rowLevel spec="[Product].[All Product]" key="" value="" text="All Product" headEnabled="false" headCount="" filterEnabled="false" filterExpression="" orderEnabled="false" orderExpression="" orderDirection="BDESC" aggEnabled="false" aggFunction="" aggFunctionParm="" levelCaption="" levelFormat="" levelSummary="" levelType="" drillLevel="0" advanced="false" levelStyle="" levelHeaderStyle="" suppress8020="false" drilldownSpec="">
  </rowLevel>
  <columnLevel spec="[Measures].[Amount Sold]" key="" value="" text="Revenue" headEnabled="false" headCount="" filterEnabled="false" filterExpression="" orderEnabled="false" orderExpression="" orderDirection="BDESC" aggEnabled="false" aggFunction="" aggFunctionParm="" levelCaption="" levelFormat="" levelSummary="" levelType="" drillLevel="0" advanced="false" levelStyle="" levelHeaderStyle="" suppress8020="false" drilldownSpec="">
  </columnLevel>
  <columnLevel spec="[MEASURES].[COMMISSION]" key="" value="" text="Commission" headEnabled="false" headCount="" filterEnabled="false" filterExpression="" orderEnabled="false" orderExpression="" orderDirection="BDESC" aggEnabled="false" aggFunction="" aggFunctionParm="" levelCaption="" levelFormat="" levelSummary="" levelType="" drillLevel="0" advanced="false" levelStyle="" levelHeaderStyle="" suppress8020="false" drilldownSpec="">
  </columnLevel>
  <calculatedMember dimension="MEASURES" memberName="Commission" valueExpression="[Measures].[Amount Sold]*($variable.CommissionPercentage/100)" formatString="$#,#.##" solveOrder="0"></calculatedMember>
</pivot>

<!-- Pivot Variables/Year Variable In HoleFoods.pivot -->
<pivot xmlns="http://www.intersystems.com/deepsee/library" name="Year Variable In HoleFoods" folderName="Pivot Variables" title="" description="" keywords="HoleFoods" owner="" shared="true" public="true" locked="false" resource="" timeCreated="2013-12-16T22:28:04.038Z" createdBy="" category="How To" bookCover="{background: {style:&apos;background:white;&apos;},header: {text:&apos;$type&apos;},title: {text:&apos;$title&apos;,style:&apos;color:rgb(0, 75, 152);&apos;},image: {src:&apos;covers/10302135_s.jpg&apos;,imageStyle:&apos;width:64px;height:64px;&apos;},subtitle: {text:&apos;pivot variables&apos;,style:&apos;color:rgb(0, 75, 152);&apos;},footer: {text:&apos;$owner&apos;}}" mdx="" cellWidth="120" columnHeaderStyle="" rowHeaderStyle="" cellStyle="" rowLabelSpan="true" columnLabelSpan="true" cellHeight="22" showEmptyRows="false" showEmptyColumns="false" cubeName="HoleFoods" caption="" listing="" listingRows="" showStatus="true" pageSize="100" colorScale="" rowTotals="false" columnTotals="false" rowTotalAgg="sum" columnTotalAgg="sum" rowTotalSource="page" showZebra="false" showRowCaption="true" printTitle="" printSubtitle="" printSubtitleOn="" showUser="" printPageSize="" printOrientation="1" printMarginTop="" printMarginLeft="" printMarginRight="" printMarginBottom="" printLabelWidth="" printCellWidth="" autoExecute="true" manualMode="false" userMDX="" chartMarginTop="" chartMarginLeft="" chartMarginRight="" chartMarginBottom="" maxRows="" borderLeftCell="" borderRightCell="" borderTopCell="" borderBottomCell="" borderLeftCol="" borderRightCol="" borderTopCol="" borderBottomCol="" borderLeftRow="" borderRightRow="" borderTopRow="" borderBottomRow="" showFilters="" showListingFilters="" showDate="" listingFontSize="" showZebraStripes="" filterTableStyle="" filterTableCaptionStyle="" filterTableItemStyle="" nowDisplayFormat="">
  <rowAxisOptions spec="" key="" value="" text="" headEnabled="false" headCount="" filterEnabled="false" filterExpression="" orderEnabled="false" orderExpression="" orderDirection="BDESC" aggEnabled="false" aggFunction="" aggFunctionParm="" levelCaption="" levelFormat="" levelSummary="" levelType="" drillLevel="0" advanced="false" levelStyle="" levelHeaderStyle="" suppress8020="false" drilldownSpec="">
  </rowAxisOptions>
  <columnAxisOptions spec="" key="" value="" text="" headEnabled="false" headCount="" filterEnabled="false" filterExpression="" orderEnabled="false" orderExpression="" orderDirection="BDESC" aggEnabled="false" aggFunction="" aggFunctionParm="" levelCaption="" levelFormat="" levelSummary="" levelType="" drillLevel="0" advanced="false" levelStyle="" levelHeaderStyle="" suppress8020="false" drilldownSpec="">
  </columnAxisOptions>
  <rowLevel spec="[DateOfSale].[Actual].[YearSold].Members" key="" value="" text="YearSold" headEnabled="false" headCount="" filterEnabled="false" filterExpression="" orderEnabled="false" orderExpression="" orderDirection="BDESC" aggEnabled="false" aggFunction="" aggFunctionParm="" levelCaption="" levelFormat="" levelSummary="" levelType="" drillLevel="0" advanced="false" levelStyle="" levelHeaderStyle="" suppress8020="false" drilldownSpec="">
  </rowLevel>
  <columnLevel spec="[Channel].[H1].[Channel Name].Members" key="" value="" text="Channel" headEnabled="false" headCount="" filterEnabled="false" filterExpression="" orderEnabled="false" orderExpression="" orderDirection="BDESC" aggEnabled="false" aggFunction="" aggFunctionParm="" levelCaption="" levelFormat="" levelSummary="" levelType="" drillLevel="0" advanced="false" levelStyle="" levelHeaderStyle="" suppress8020="false" drilldownSpec="">
  </columnLevel>
  <filter spec="[DATEOFSALE].[SELECTEDYEAR]" key="SELECTEDYEAR" value="" text="SelectedYear" headEnabled="false" headCount="" filterEnabled="false" filterExpression="" orderEnabled="false" orderExpression="" orderDirection="BDESC" aggEnabled="false" aggFunction="" aggFunctionParm="" levelCaption="" levelFormat="" levelSummary="" levelType="" drillLevel="0" advanced="false" levelStyle="" levelHeaderStyle="" suppress8020="false" drilldownSpec="">
  </filter>
  <calculatedMember dimension="DateOfSale" memberName="SelectedYear" valueExpression="[DateOfSale].[Actual].[YearSold].$VARIABLE.Year" formatString="" solveOrder="0"></calculatedMember>
</pivot>

<!-- Use in Dashboards/Custom Drilldown Spec.pivot -->
<pivot xmlns="http://www.intersystems.com/deepsee/library" name="Custom Drilldown Spec" folderName="Use in Dashboards" title="" description="" keywords="HoleFoods" owner="" shared="true" public="false" locked="false" resource="" timeCreated="2013-12-16T19:47:57.211Z" createdBy="" category="How To" bookCover="" mdx="" cellWidth="120" columnHeaderStyle="" rowHeaderStyle="" cellStyle="" rowLabelSpan="true" columnLabelSpan="true" cellHeight="22" showEmptyRows="false" showEmptyColumns="false" cubeName="HoleFoods" caption="" listing="" listingRows="" showStatus="true" pageSize="100" colorScale="" rowTotals="false" columnTotals="false" rowTotalAgg="sum" columnTotalAgg="sum" rowTotalSource="page" showZebra="false" showRowCaption="true" printTitle="" printSubtitle="" printSubtitleOn="" showUser="" printPageSize="" printOrientation="1" printMarginTop="" printMarginLeft="" printMarginRight="" printMarginBottom="" printLabelWidth="" printCellWidth="" autoExecute="true" manualMode="false" userMDX="" chartMarginTop="" chartMarginLeft="" chartMarginRight="" chartMarginBottom="" maxRows="" borderLeftCell="" borderRightCell="" borderTopCell="" borderBottomCell="" borderLeftCol="" borderRightCol="" borderTopCol="" borderBottomCol="" borderLeftRow="" borderRightRow="" borderTopRow="" borderBottomRow="" showFilters="" showListingFilters="" showDate="" listingFontSize="" showZebraStripes="" filterTableStyle="" filterTableCaptionStyle="" filterTableItemStyle="" nowDisplayFormat="">
  <rowAxisOptions spec="" key="" value="" text="" headEnabled="false" headCount="" filterEnabled="false" filterExpression="" orderEnabled="false" orderExpression="" orderDirection="BDESC" aggEnabled="false" aggFunction="SUM" aggFunctionParm="" levelCaption="" levelFormat="" levelSummary="" levelType="" drillLevel="0" advanced="false" levelStyle="" levelHeaderStyle="" suppress8020="false" drilldownSpec="[Channel].[H1].[Channel Name].&amp;[1]^[Outlet].[H1].[Country].MEMBERS^[Discount].[H1].[Discount Type].MEMBERS">
  </rowAxisOptions>
  <columnAxisOptions spec="" key="" value="" text="" headEnabled="false" headCount="" filterEnabled="false" filterExpression="" orderEnabled="false" orderExpression="" orderDirection="BDESC" aggEnabled="false" aggFunction="" aggFunctionParm="" levelCaption="" levelFormat="" levelSummary="" levelType="" drillLevel="0" advanced="false" levelStyle="" levelHeaderStyle="" suppress8020="false" drilldownSpec="">
  </columnAxisOptions>
  <rowLevel spec="[Product].[P1].[Product Name].Members" key="" value="" text="Product Name" headEnabled="false" headCount="" filterEnabled="false" filterExpression="" orderEnabled="false" orderExpression="" orderDirection="BDESC" aggEnabled="false" aggFunction="" aggFunctionParm="" levelCaption="" levelFormat="" levelSummary="" levelType="" drillLevel="0" advanced="false" levelStyle="" levelHeaderStyle="" suppress8020="false" drilldownSpec="">
  </rowLevel>
  <columnLevel spec="[Measures].[Units Sold]" key="" value="" text="Units Sold" headEnabled="false" headCount="" filterEnabled="false" filterExpression="" orderEnabled="false" orderExpression="" orderDirection="BDESC" aggEnabled="false" aggFunction="" aggFunctionParm="" levelCaption="" levelFormat="" levelSummary="" levelType="" drillLevel="0" advanced="false" levelStyle="" levelHeaderStyle="" suppress8020="false" drilldownSpec="">
  </columnLevel>
  <columnLevel spec="[Measures].[Amount Sold]" key="" value="" text="Revenue" headEnabled="false" headCount="" filterEnabled="false" filterExpression="" orderEnabled="false" orderExpression="" orderDirection="BDESC" aggEnabled="false" aggFunction="" aggFunctionParm="" levelCaption="" levelFormat="" levelSummary="" levelType="" drillLevel="0" advanced="false" levelStyle="" levelHeaderStyle="" suppress8020="false" drilldownSpec="">
  </columnLevel>
</pivot>

<!-- Use in Dashboards/Data Driven Colors.pivot -->
<pivot xmlns="http://www.intersystems.com/deepsee/library" name="Data-Driven Colors" folderName="Use in Dashboards" title="" description="" keywords="HoleFoods" owner="" shared="true" public="false" locked="false" resource="" timeCreated="2013-12-17T20:18:21.191Z" createdBy="" category="" bookCover="" mdx="" cellWidth="120" columnHeaderStyle="" rowHeaderStyle="" cellStyle="" rowLabelSpan="true" columnLabelSpan="true" cellHeight="22" showEmptyRows="false" showEmptyColumns="false" cubeName="HoleFoods" caption="" listing="" listingRows="" showStatus="true" pageSize="100" colorScale="" rowTotals="false" columnTotals="false" rowTotalAgg="sum" columnTotalAgg="sum" rowTotalSource="page" showZebra="false" showRowCaption="true" printTitle="" printSubtitle="" printSubtitleOn="" showUser="" printPageSize="" printOrientation="1" printMarginTop="" printMarginLeft="" printMarginRight="" printMarginBottom="" printLabelWidth="" printCellWidth="" autoExecute="true" manualMode="false" userMDX="" chartMarginTop="" chartMarginLeft="" chartMarginRight="" chartMarginBottom="" maxRows="" borderLeftCell="" borderRightCell="" borderTopCell="" borderBottomCell="" borderLeftCol="" borderRightCol="" borderTopCol="" borderBottomCol="" borderLeftRow="" borderRightRow="" borderTopRow="" borderBottomRow="" showFilters="" showListingFilters="" showDate="" listingFontSize="" showZebraStripes="" filterTableStyle="" filterTableCaptionStyle="" filterTableItemStyle="" nowDisplayFormat="">
  <rowAxisOptions spec="" key="" value="" text="" headEnabled="false" headCount="" filterEnabled="false" filterExpression="" orderEnabled="false" orderExpression="" orderDirection="BDESC" aggEnabled="false" aggFunction="" aggFunctionParm="" levelCaption="" levelFormat="" levelSummary="" levelType="" drillLevel="0" advanced="false" levelStyle="" levelHeaderStyle="" suppress8020="false" drilldownSpec="">
  </rowAxisOptions>
  <columnAxisOptions spec="" key="" value="" text="" headEnabled="false" headCount="" filterEnabled="false" filterExpression="" orderEnabled="false" orderExpression="" orderDirection="BDESC" aggEnabled="false" aggFunction="" aggFunctionParm="" levelCaption="" levelFormat="" levelSummary="" levelType="" drillLevel="0" advanced="false" levelStyle="" levelHeaderStyle="" suppress8020="false" drilldownSpec="">
  </columnAxisOptions>
  <rowLevel spec="[Measures].[Amount Sold]" key="" value="" text="Revenue" headEnabled="false" headCount="" filterEnabled="false" filterExpression="" orderEnabled="false" orderExpression="" orderDirection="BDESC" aggEnabled="false" aggFunction="" aggFunctionParm="" levelCaption="" levelFormat="" levelSummary="" levelType="" drillLevel="0" advanced="false" levelStyle="" levelHeaderStyle="" suppress8020="false" drilldownSpec="">
  </rowLevel>
  <columnLevel spec="[Outlet].[H1].[Region].Members" key="" value="" text="Region" headEnabled="false" headCount="" filterEnabled="false" filterExpression="" orderEnabled="false" orderExpression="" orderDirection="BDESC" aggEnabled="false" aggFunction="" aggFunctionParm="" levelCaption="" levelFormat="" levelSummary="" levelType="" drillLevel="0" advanced="false" levelStyle="" levelHeaderStyle="" suppress8020="false" drilldownSpec="">
  </columnLevel>
</pivot>

<!-- Use in Dashboards/Drill Options.pivot -->
<pivot xmlns="http://www.intersystems.com/deepsee/library" name="Drill Options" folderName="Use in Dashboards" title="" description="" keywords="HoleFoods" owner="" shared="true" public="false" locked="false" resource="" timeCreated="2013-01-25T21:01:52.824Z" createdBy="" category="" bookCover="" mdx="" cellWidth="120" columnHeaderStyle="" rowHeaderStyle="" cellStyle="" rowLabelSpan="true" columnLabelSpan="true" cellHeight="22" showEmptyRows="false" showEmptyColumns="false" cubeName="HoleFoods" caption="" listing="" listingRows="" showStatus="true" pageSize="100" colorScale="" rowTotals="false" columnTotals="false" rowTotalAgg="sum" columnTotalAgg="sum" rowTotalSource="page" showZebra="false" showRowCaption="true" printTitle="" printSubtitle="" printPageSize="" printOrientation="" printMarginTop="" printMarginLeft="" printMarginRight="" printMarginBottom="" printLabelWidth="" printCellWidth="" autoExecute="true" manualMode="false" userMDX="" chartMarginTop="" chartMarginLeft="" chartMarginRight="" chartMarginBottom="">
  <rowAxisOptions spec="" key="" value="" text="" headEnabled="false" headCount="" filterEnabled="false" filterExpression="" orderEnabled="false" orderExpression="" orderDirection="BDESC" aggEnabled="false" aggFunction="" aggFunctionParm="" levelCaption="" levelFormat="" levelSummary="" levelType="" drillLevel="0" advanced="false" levelStyle="" levelHeaderStyle="" suppress8020="false">
  </rowAxisOptions>
  <columnAxisOptions spec="" key="" value="" text="" headEnabled="false" headCount="" filterEnabled="false" filterExpression="" orderEnabled="false" orderExpression="" orderDirection="BDESC" aggEnabled="false" aggFunction="" aggFunctionParm="" levelCaption="" levelFormat="" levelSummary="" levelType="" drillLevel="0" advanced="false" levelStyle="" levelHeaderStyle="" suppress8020="false">
  </columnAxisOptions>
  <rowLevel spec="[Product].[P1].[Product Category].Members" key="" value="" text="Product Category" headEnabled="false" headCount="" filterEnabled="false" filterExpression="" orderEnabled="false" orderExpression="" orderDirection="BDESC" aggEnabled="false" aggFunction="" aggFunctionParm="" levelCaption="" levelFormat="" levelSummary="" levelType="" drillLevel="0" advanced="false" levelStyle="" levelHeaderStyle="" suppress8020="false">
  </rowLevel>
  <columnLevel spec="[Measures].[Amount Sold]" key="" value="" text="Revenue" headEnabled="false" headCount="" filterEnabled="false" filterExpression="" orderEnabled="false" orderExpression="" orderDirection="BDESC" aggEnabled="false" aggFunction="" aggFunctionParm="" levelCaption="" levelFormat="" levelSummary="" levelType="" drillLevel="0" advanced="false" levelStyle="" levelHeaderStyle="" suppress8020="false">
  </columnLevel>
  <columnLevel spec="[Measures].[Units Sold]" key="" value="" text="Units Sold" headEnabled="false" headCount="" filterEnabled="false" filterExpression="" orderEnabled="false" orderExpression="" orderDirection="BDESC" aggEnabled="false" aggFunction="" aggFunctionParm="" levelCaption="" levelFormat="" levelSummary="" levelType="" drillLevel="0" advanced="false" levelStyle="" levelHeaderStyle="" suppress8020="false">
  </columnLevel>
  <columnLevel spec="[Measures].[Units Sold]" key="" value="" text="Units Sold" headEnabled="false" headCount="" filterEnabled="false" filterExpression="Measures.[%COUNT]=0" orderEnabled="false" orderExpression="Measures.[%COUNT]" orderDirection="BDESC" aggEnabled="false" aggFunction="AVG" aggFunctionParm="" levelCaption="Avg Units Sold" levelFormat="#.##" levelSummary="" levelType="" drillLevel="0" advanced="false" levelStyle="" levelHeaderStyle="" suppress8020="false">
  </columnLevel>
</pivot>

<!-- Use in Dashboards/For Time Chart.pivot -->
<pivot xmlns="http://www.intersystems.com/deepsee/library" name="For Time Chart" folderName="Use in Dashboards" title="" description="" keywords="HoleFoods" owner="" shared="true" public="false" locked="false" resource="" timeCreated="2012-12-19T23:07:55.797Z" createdBy="" category="Time Charts" bookCover="{background: {style:&apos;background:white;&apos;,src:&apos;covers/time_chart.png&apos;},header: {text:&apos;$type&apos;},title: {text:&apos;$title&apos;,style:&apos;background-color:rgb(208, 255, 255);padding:3.5px;border-radius:7.5px 7.5px 7.5px 7.5px;left:18.75px;left:18.75px;width:87.5px;&apos;},image: {style:&apos;display: none;&apos;},footer: {text:&apos;$owner&apos;}}" mdx="" cellWidth="120" columnHeaderStyle="" rowHeaderStyle="" cellStyle="" rowLabelSpan="true" columnLabelSpan="true" cellHeight="22" showEmptyRows="false" showEmptyColumns="false" cubeName="HoleFoods" caption="" listing="" listingRows="" showStatus="true" pageSize="100" colorScale="" rowTotals="false" columnTotals="false" rowTotalAgg="sum" columnTotalAgg="sum" rowTotalSource="page" showZebra="false" showRowCaption="true" printTitle="" printSubtitle="" printPageSize="" printOrientation="" printMarginTop="" printMarginLeft="" printMarginRight="" printMarginBottom="" printLabelWidth="" printCellWidth="" autoExecute="true" manualMode="false" userMDX="" chartMarginTop="" chartMarginLeft="" chartMarginRight="" chartMarginBottom="">
  <rowAxisOptions spec="" key="" value="" text="" headEnabled="false" headCount="" filterEnabled="false" filterExpression="" orderEnabled="false" orderExpression="" orderDirection="BDESC" aggEnabled="false" aggFunction="" aggFunctionParm="" levelCaption="" levelFormat="" levelSummary="" levelType="" drillLevel="0" advanced="false" levelStyle="" levelHeaderStyle="" suppress8020="false">
  </rowAxisOptions>
  <columnAxisOptions spec="" key="" value="" text="" headEnabled="false" headCount="" filterEnabled="false" filterExpression="" orderEnabled="false" orderExpression="" orderDirection="BDESC" aggEnabled="false" aggFunction="" aggFunctionParm="" levelCaption="" levelFormat="" levelSummary="" levelType="" drillLevel="0" advanced="false" levelStyle="" levelHeaderStyle="" suppress8020="false">
  </columnAxisOptions>
  <rowLevel spec="[DateOfSale].[Actual].[DaySold].Members" key="" value="" text="DaySold" headEnabled="false" headCount="" filterEnabled="false" filterExpression="" orderEnabled="false" orderExpression="" orderDirection="BDESC" aggEnabled="false" aggFunction="" aggFunctionParm="" levelCaption="" levelFormat="" levelSummary="" levelType="" drillLevel="0" advanced="false" levelStyle="" levelHeaderStyle="" suppress8020="false">
  </rowLevel>
  <measure spec="[Measures].[Units Sold]" key="" value="" text="Units Sold" headEnabled="false" headCount="" filterEnabled="false" filterExpression="" orderEnabled="false" orderExpression="" orderDirection="BDESC" aggEnabled="false" aggFunction="" aggFunctionParm="" levelCaption="" levelFormat="" levelSummary="" levelType="" drillLevel="0" advanced="false" levelStyle="" levelHeaderStyle="" suppress8020="false">
  </measure>
  <measure spec="[Measures].[Amount Sold]" key="" value="" text="Revenue" headEnabled="false" headCount="" filterEnabled="false" filterExpression="" orderEnabled="false" orderExpression="" orderDirection="BDESC" aggEnabled="false" aggFunction="" aggFunctionParm="" levelCaption="" levelFormat="" levelSummary="" levelType="" drillLevel="0" advanced="false" levelStyle="" levelHeaderStyle="" suppress8020="false">
  </measure>
</pivot>

<!-- Use in Dashboards/HoleFoods Map Widget.pivot -->
<pivot xmlns="http://www.intersystems.com/deepsee/library" name="HoleFoods Map Widget" folderName="Use in Dashboards" title="" description="" keywords="HoleFoods" owner="" shared="true" public="false" locked="false" resource="" timeCreated="2013-01-08T21:08:18.223Z" createdBy="" category="" bookCover="" mdx="" cellWidth="120" columnHeaderStyle="" rowHeaderStyle="" cellStyle="" rowLabelSpan="true" columnLabelSpan="true" cellHeight="22" showEmptyRows="false" showEmptyColumns="false" cubeName="HoleFoods" caption="" listing="" listingRows="" showStatus="true" pageSize="100" colorScale="" rowTotals="false" columnTotals="false" rowTotalAgg="sum" columnTotalAgg="sum" rowTotalSource="page" showZebra="false" showRowCaption="true" printTitle="" printSubtitle="" printPageSize="" printOrientation="" printMarginTop="" printMarginLeft="" printMarginRight="" printMarginBottom="" printLabelWidth="" printCellWidth="" autoExecute="true" manualMode="false" userMDX="" chartMarginTop="" chartMarginLeft="" chartMarginRight="" chartMarginBottom="">
  <rowAxisOptions spec="" key="" value="" text="" headEnabled="false" headCount="" filterEnabled="false" filterExpression="" orderEnabled="false" orderExpression="" orderDirection="BDESC" aggEnabled="false" aggFunction="" aggFunctionParm="" levelCaption="" levelFormat="" levelSummary="" levelType="" drillLevel="0" advanced="false" levelStyle="" levelHeaderStyle="" suppress8020="false">
  </rowAxisOptions>
  <columnAxisOptions spec="" key="" value="" text="" headEnabled="false" headCount="" filterEnabled="false" filterExpression="" orderEnabled="false" orderExpression="" orderDirection="BDESC" aggEnabled="false" aggFunction="" aggFunctionParm="" levelCaption="" levelFormat="" levelSummary="" levelType="" drillLevel="0" advanced="false" levelStyle="" levelHeaderStyle="" suppress8020="false">
  </columnAxisOptions>
  <rowLevel spec="[Outlet].[H1].[City].Members" key="" value="" text="City" headEnabled="false" headCount="" filterEnabled="false" filterExpression="" orderEnabled="false" orderExpression="" orderDirection="BDESC" aggEnabled="false" aggFunction="" aggFunctionParm="" levelCaption="" levelFormat="" levelSummary="" levelType="" drillLevel="0" advanced="false" levelStyle="" levelHeaderStyle="" suppress8020="false">
  </rowLevel>
  <columnLevel spec="[Outlet].[H1].[City].CurrentMember.Properties(&quot;Latitude&quot;)" key="" value="" text="Latitude" headEnabled="false" headCount="" filterEnabled="false" filterExpression="" orderEnabled="false" orderExpression="" orderDirection="BDESC" aggEnabled="false" aggFunction="" aggFunctionParm="" levelCaption="" levelFormat="" levelSummary="" levelType="" drillLevel="0" advanced="false" levelStyle="" levelHeaderStyle="" suppress8020="false">
  </columnLevel>
  <columnLevel spec="[Outlet].[H1].[City].CurrentMember.Properties(&quot;Longitude&quot;)" key="" value="" text="Longitude" headEnabled="false" headCount="" filterEnabled="false" filterExpression="" orderEnabled="false" orderExpression="" orderDirection="BDESC" aggEnabled="false" aggFunction="" aggFunctionParm="" levelCaption="" levelFormat="" levelSummary="" levelType="" drillLevel="0" advanced="false" levelStyle="" levelHeaderStyle="" suppress8020="false">
  </columnLevel>
  <columnLevel spec="[Measures].[Amount Sold]" key="" value="" text="Amount Sold" headEnabled="false" headCount="" filterEnabled="false" filterExpression="" orderEnabled="false" orderExpression="" orderDirection="BDESC" aggEnabled="false" aggFunction="" aggFunctionParm="" levelCaption="" levelFormat="" levelSummary="" levelType="" drillLevel="0" advanced="false" levelStyle="" levelHeaderStyle="" suppress8020="false">
  </columnLevel>
  <columnLevel spec="[Measures].[Units Sold]" key="" value="" text="Units Sold" headEnabled="false" headCount="" filterEnabled="false" filterExpression="" orderEnabled="false" orderExpression="" orderDirection="BDESC" aggEnabled="false" aggFunction="" aggFunctionParm="" levelCaption="" levelFormat="" levelSummary="" levelType="" drillLevel="0" advanced="false" levelStyle="" levelHeaderStyle="" suppress8020="false">
  </columnLevel>
</pivot>

<!-- Use in Dashboards/HoleFoods Combined Cube.pivot -->
<pivot xmlns="http://www.intersystems.com/deepsee/library" name="HoleFoods Combined Cube" folderName="Use in Dashboards" title="" description="" keywords="HoleFoods" owner="" shared="true" public="false" locked="false" resource="" timeCreated="2013-01-08T21:08:18.24Z" createdBy="" category="" bookCover="" mdx="" cellWidth="120" columnHeaderStyle="" rowHeaderStyle="" cellStyle="" rowLabelSpan="true" columnLabelSpan="true" cellHeight="22" showEmptyRows="false" showEmptyColumns="false" cubeName="HoleFoodsCombined" caption="" listing="" listingRows="" showStatus="true" pageSize="100" colorScale="" rowTotals="false" columnTotals="false" rowTotalAgg="sum" columnTotalAgg="sum" rowTotalSource="page" showZebra="false" showRowCaption="true" printTitle="" printSubtitle="" printPageSize="" printOrientation="" printMarginTop="" printMarginLeft="" printMarginRight="" printMarginBottom="" printLabelWidth="" printCellWidth="" autoExecute="true" manualMode="false" userMDX="" chartMarginTop="" chartMarginLeft="" chartMarginRight="" chartMarginBottom="">
  <rowAxisOptions spec="" key="" value="" text="" headEnabled="false" headCount="" filterEnabled="false" filterExpression="" orderEnabled="false" orderExpression="" orderDirection="BDESC" aggEnabled="false" aggFunction="" aggFunctionParm="" levelCaption="" levelFormat="" levelSummary="" levelType="" drillLevel="0" advanced="false" levelStyle="" levelHeaderStyle="" suppress8020="false">
  </rowAxisOptions>
  <columnAxisOptions spec="" key="" value="" text="" headEnabled="false" headCount="" filterEnabled="false" filterExpression="" orderEnabled="false" orderExpression="" orderDirection="BDESC" aggEnabled="false" aggFunction="" aggFunctionParm="" levelCaption="" levelFormat="" levelSummary="" levelType="" drillLevel="0" advanced="false" levelStyle="" levelHeaderStyle="" suppress8020="false">
  </columnAxisOptions>
  <rowLevel spec="[Product].[P1].[Product Name].Members" key="" value="" text="Product Name" headEnabled="false" headCount="" filterEnabled="false" filterExpression="" orderEnabled="false" orderExpression="" orderDirection="BDESC" aggEnabled="false" aggFunction="" aggFunctionParm="" levelCaption="" levelFormat="" levelSummary="" levelType="" drillLevel="0" advanced="false" levelStyle="" levelHeaderStyle="" suppress8020="false">
  </rowLevel>
  <measure spec="[Measures].[Amount Sold]" key="" value="" text="Amount Sold" headEnabled="false" headCount="" filterEnabled="false" filterExpression="" orderEnabled="false" orderExpression="" orderDirection="BDESC" aggEnabled="false" aggFunction="" aggFunctionParm="" levelCaption="" levelFormat="" levelSummary="" levelType="" drillLevel="0" advanced="false" levelStyle="" levelHeaderStyle="" suppress8020="false">
  </measure>
  <measure spec="[Measures].[Target]" key="" value="" text="Target" headEnabled="false" headCount="" filterEnabled="false" filterExpression="" orderEnabled="false" orderExpression="" orderDirection="BDESC" aggEnabled="false" aggFunction="" aggFunctionParm="" levelCaption="" levelFormat="" levelSummary="" levelType="" drillLevel="0" advanced="false" levelStyle="" levelHeaderStyle="" suppress8020="false">
  </measure>
</pivot>

<!-- Use in Dashboards/HoleFoods Sales by Product.pivot -->
<pivot xmlns="http://www.intersystems.com/deepsee/library" name="HoleFoods Sales by Product" folderName="Use in Dashboards" title="" description="" keywords="HoleFoods" owner="" shared="true" public="false" locked="false" resource="" timeCreated="2015-03-06T15:38:17.251Z" createdBy="" category="" bookCover="" mdx="" cellWidth="120" columnHeaderStyle="" rowHeaderStyle="" cellStyle="" rowLabelSpan="true" columnLabelSpan="true" cellHeight="22" showEmptyRows="false" showEmptyColumns="false" cubeName="HoleFoods" caption="" listing="" listingRows="" showStatus="true" pageSize="100" colorScale="" rowTotals="false" columnTotals="false" rowTotalAgg="sum" columnTotalAgg="sum" rowTotalSource="page" showZebra="false" showRowCaption="true" printTitle="" printSubtitle="" printSubtitleOn="" showUser="" printPageSize="" printOrientation="1" printMarginTop="" printMarginLeft="" printMarginRight="" printMarginBottom="" printLabelWidth="" printCellWidth="" autoExecute="true" manualMode="false" userMDX="" chartMarginTop="" chartMarginLeft="" chartMarginRight="" chartMarginBottom="" maxRows="" borderLeftCell="" borderRightCell="" borderTopCell="" borderBottomCell="" borderLeftCol="" borderRightCol="" borderTopCol="" borderBottomCol="" borderLeftRow="" borderRightRow="" borderTopRow="" borderBottomRow="" showFilters="" showListingFilters="" showDate="" listingFontSize="" showZebraStripes="" filterTableStyle="" filterTableCaptionStyle="" filterTableItemStyle="" nowDisplayFormat="" measureLocation="columns" backgroundImage="" backgroundOpacity=".12">
  <rowAxisOptions spec="" key="" value="" text="" headEnabled="false" headCount="" filterEnabled="false" filterExpression="" orderEnabled="false" orderExpression="" orderDirection="BDESC" aggEnabled="false" aggFunction="" aggFunctionParm="" levelCaption="" levelFormat="" levelSummary="" levelType="" drillLevel="0" advanced="false" levelStyle="" levelHeaderStyle="" suppress8020="false" drilldownSpec="" enabled="true">
  </rowAxisOptions>
  <columnAxisOptions spec="" key="" value="" text="" headEnabled="false" headCount="" filterEnabled="false" filterExpression="" orderEnabled="false" orderExpression="" orderDirection="BDESC" aggEnabled="false" aggFunction="" aggFunctionParm="" levelCaption="" levelFormat="" levelSummary="" levelType="" drillLevel="0" advanced="false" levelStyle="" levelHeaderStyle="" suppress8020="false" drilldownSpec="" enabled="true">
  </columnAxisOptions>
  <rowLevel spec="[Product].[P1].[Product Category].Members" key="" value="" text="Product Category" headEnabled="false" headCount="" filterEnabled="false" filterExpression="" orderEnabled="false" orderExpression="" orderDirection="BDESC" aggEnabled="false" aggFunction="" aggFunctionParm="" levelCaption="" levelFormat="" levelSummary="" levelType="" drillLevel="0" advanced="false" levelStyle="" levelHeaderStyle="" suppress8020="false" drilldownSpec="" enabled="true">
  </rowLevel>
  <rowLevel spec="[Product].[All Product]" key="" value="" text="All Product" headEnabled="false" headCount="" filterEnabled="false" filterExpression="" orderEnabled="false" orderExpression="" orderDirection="BDESC" aggEnabled="false" aggFunction="SUM" aggFunctionParm="" levelCaption="All Products" levelFormat="" levelSummary="" levelType="" drillLevel="0" advanced="false" levelStyle="" levelHeaderStyle="" suppress8020="false" drilldownSpec="" enabled="true">
  </rowLevel>
  <measure spec="[Measures].[Units Sold]" key="" value="" text="Units Sold" headEnabled="false" headCount="" filterEnabled="false" filterExpression="" orderEnabled="false" orderExpression="" orderDirection="BDESC" aggEnabled="false" aggFunction="" aggFunctionParm="" levelCaption="" levelFormat="" levelSummary="" levelType="" drillLevel="0" advanced="false" levelStyle="" levelHeaderStyle="" suppress8020="false" drilldownSpec="" enabled="true">
  </measure>
  <measure spec="[Measures].[Amount Sold]" key="" value="" text="Revenue" headEnabled="false" headCount="" filterEnabled="false" filterExpression="" orderEnabled="false" orderExpression="" orderDirection="BDESC" aggEnabled="false" aggFunction="" aggFunctionParm="" levelCaption="" levelFormat="" levelSummary="" levelType="" drillLevel="0" advanced="false" levelStyle="" levelHeaderStyle="" suppress8020="false" drilldownSpec="" enabled="true">
  </measure>
</pivot>

<!-- Use in Dashboards/HoleFoods Sales Listing.pivot -->
<pivot xmlns="http://www.intersystems.com/deepsee/library" name="HoleFoods Sales Listing" folderName="Use in Dashboards" title="" description="" keywords="HoleFoods,listings" owner="" shared="true" public="false" locked="false" resource="" timeCreated="2013-01-08T21:08:18.235Z" createdBy="" category="" bookCover="" mdx="DRILLTHROUGH SELECT FROM [HoleFoods]" cellWidth="120" columnHeaderStyle="" rowHeaderStyle="" cellStyle="" rowLabelSpan="true" columnLabelSpan="true" cellHeight="22" showEmptyRows="false" showEmptyColumns="false" cubeName="HoleFoods" caption="" listing="" listingRows="" showStatus="true" pageSize="100" colorScale="" rowTotals="false" columnTotals="false" rowTotalAgg="sum" columnTotalAgg="sum" rowTotalSource="page" showZebra="false" showRowCaption="true" printTitle="" printSubtitle="" printPageSize="" printOrientation="" printMarginTop="" printMarginLeft="" printMarginRight="" printMarginBottom="" printLabelWidth="" printCellWidth="" autoExecute="true" manualMode="false" userMDX="" chartMarginTop="" chartMarginLeft="" chartMarginRight="" chartMarginBottom="">
  <rowAxisOptions spec="" key="" value="" text="" headEnabled="false" headCount="" filterEnabled="false" filterExpression="" orderEnabled="false" orderExpression="" orderDirection="BDESC" aggEnabled="false" aggFunction="" aggFunctionParm="" levelCaption="" levelFormat="" levelSummary="" levelType="" drillLevel="0" advanced="false" levelStyle="" levelHeaderStyle="" suppress8020="false">
  </rowAxisOptions>
  <columnAxisOptions spec="" key="" value="" text="" headEnabled="false" headCount="" filterEnabled="false" filterExpression="" orderEnabled="false" orderExpression="" orderDirection="BDESC" aggEnabled="false" aggFunction="" aggFunctionParm="" levelCaption="" levelFormat="" levelSummary="" levelType="" drillLevel="0" advanced="false" levelStyle="" levelHeaderStyle="" suppress8020="false">
  </columnAxisOptions>
</pivot>

<!-- Use in Dashboards/Linked Widgets Demo.pivot -->
<pivot xmlns="http://www.intersystems.com/deepsee/library" name="Linked Widgets Demo" folderName="Use in Dashboards" title="" description="" keywords="HoleFoods" owner="" shared="true" public="false" locked="false" resource="" timeCreated="2013-01-08T21:08:18.207Z" createdBy="" category="" bookCover="" mdx="" cellWidth="120" columnHeaderStyle="" rowHeaderStyle="" cellStyle="" rowLabelSpan="true" columnLabelSpan="true" cellHeight="22" showEmptyRows="false" showEmptyColumns="false" cubeName="HoleFoods" caption="" listing="" listingRows="" showStatus="true" pageSize="100" colorScale="" rowTotals="false" columnTotals="false" rowTotalAgg="sum" columnTotalAgg="sum" rowTotalSource="page" showZebra="false" showRowCaption="true" printTitle="" printSubtitle="" printPageSize="" printOrientation="" printMarginTop="" printMarginLeft="" printMarginRight="" printMarginBottom="" printLabelWidth="" printCellWidth="" autoExecute="true" manualMode="false" userMDX="" chartMarginTop="" chartMarginLeft="" chartMarginRight="" chartMarginBottom="">
  <rowAxisOptions spec="" key="" value="" text="" headEnabled="false" headCount="" filterEnabled="false" filterExpression="" orderEnabled="false" orderExpression="" orderDirection="BDESC" aggEnabled="false" aggFunction="" aggFunctionParm="" levelCaption="" levelFormat="" levelSummary="" levelType="" drillLevel="0" advanced="false" levelStyle="" levelHeaderStyle="" suppress8020="false">
  </rowAxisOptions>
  <columnAxisOptions spec="" key="" value="" text="" headEnabled="false" headCount="" filterEnabled="false" filterExpression="" orderEnabled="false" orderExpression="" orderDirection="BDESC" aggEnabled="false" aggFunction="" aggFunctionParm="" levelCaption="" levelFormat="" levelSummary="" levelType="" drillLevel="0" advanced="false" levelStyle="" levelHeaderStyle="" suppress8020="false">
  </columnAxisOptions>
  <rowLevel spec="[Outlet].[H1].[Region].Members" key="" value="" text="Region" headEnabled="false" headCount="" filterEnabled="false" filterExpression="" orderEnabled="false" orderExpression="" orderDirection="BDESC" aggEnabled="false" aggFunction="" aggFunctionParm="" levelCaption="" levelFormat="" levelSummary="" levelType="" drillLevel="0" advanced="false" levelStyle="" levelHeaderStyle="" suppress8020="false">
  </rowLevel>
  <measure spec="[Measures].[Amount Sold]" key="" value="" text="Amount Sold" headEnabled="false" headCount="" filterEnabled="false" filterExpression="" orderEnabled="false" orderExpression="" orderDirection="BDESC" aggEnabled="false" aggFunction="" aggFunctionParm="" levelCaption="" levelFormat="" levelSummary="" levelType="" drillLevel="0" advanced="false" levelStyle="" levelHeaderStyle="" suppress8020="false">
  </measure>
  <measure spec="[Measures].[Units Sold]" key="" value="" text="Units Sold" headEnabled="false" headCount="" filterEnabled="false" filterExpression="" orderEnabled="false" orderExpression="" orderDirection="BDESC" aggEnabled="false" aggFunction="" aggFunctionParm="" levelCaption="" levelFormat="" levelSummary="" levelType="" drillLevel="0" advanced="false" levelStyle="" levelHeaderStyle="" suppress8020="false">
  </measure>
</pivot>

<!-- Use in Dashboards/Product Info.pivot -->
<pivot xmlns="http://www.intersystems.com/deepsee/library" name="Product Info" folderName="Use in Dashboards" title="" description="" keywords="HoleFoods" owner="" shared="true" public="false" locked="false" resource="" timeCreated="2013-01-08T21:08:18.228Z" createdBy="" category="" bookCover="" mdx="" cellWidth="120" columnHeaderStyle="" rowHeaderStyle="" cellStyle="" rowLabelSpan="true" columnLabelSpan="true" cellHeight="22" showEmptyRows="false" showEmptyColumns="false" cubeName="HoleFoods" caption="" listing="" listingRows="" showStatus="true" pageSize="100" colorScale="" rowTotals="false" columnTotals="false" rowTotalAgg="sum" columnTotalAgg="sum" rowTotalSource="page" showZebra="false" showRowCaption="true" printTitle="" printSubtitle="" printPageSize="" printOrientation="" printMarginTop="" printMarginLeft="" printMarginRight="" printMarginBottom="" printLabelWidth="" printCellWidth="" autoExecute="true" manualMode="false" userMDX="" chartMarginTop="" chartMarginLeft="" chartMarginRight="" chartMarginBottom="">
  <rowAxisOptions spec="" key="" value="" text="" headEnabled="false" headCount="" filterEnabled="false" filterExpression="" orderEnabled="false" orderExpression="" orderDirection="BDESC" aggEnabled="false" aggFunction="" aggFunctionParm="" levelCaption="" levelFormat="" levelSummary="" levelType="" drillLevel="0" advanced="false" levelStyle="" levelHeaderStyle="" suppress8020="false">
  </rowAxisOptions>
  <columnAxisOptions spec="" key="" value="" text="" headEnabled="false" headCount="" filterEnabled="false" filterExpression="" orderEnabled="false" orderExpression="" orderDirection="BDESC" aggEnabled="false" aggFunction="" aggFunctionParm="" levelCaption="" levelFormat="" levelSummary="" levelType="" drillLevel="0" advanced="false" levelStyle="" levelHeaderStyle="" suppress8020="false">
  </columnAxisOptions>
  <rowLevel spec="[Product].[P1].[Product Category].Members" key="" value="" text="Product Category" headEnabled="false" headCount="" filterEnabled="false" filterExpression="" orderEnabled="false" orderExpression="" orderDirection="BDESC" aggEnabled="false" aggFunction="" aggFunctionParm="" levelCaption="" levelFormat="" levelSummary="" levelType="" drillLevel="0" advanced="false" levelStyle="" levelHeaderStyle="" suppress8020="false">
  </rowLevel>
  <columnLevel spec="[Measures].[Units Sold]" key="" value="" text="Units Sold" headEnabled="false" headCount="" filterEnabled="false" filterExpression="" orderEnabled="false" orderExpression="" orderDirection="BDESC" aggEnabled="false" aggFunction="" aggFunctionParm="" levelCaption="" levelFormat="" levelSummary="" levelType="" drillLevel="0" advanced="false" levelStyle="" levelHeaderStyle="" suppress8020="false">
  </columnLevel>
</pivot>

<!-- Widget Examples/All Charts.dashboard -->
<dashboard xmlns="http://www.intersystems.com/deepsee/library" name="All Charts" folderName="Widget Examples" title="" description="All charts except for SwirlChart, the newest. There is just no room!" keywords="HoleFoods" owner="" shared="true" public="true" locked="false" resource="" timeCreated="2012-11-27T16:05:14.765Z" createdBy="" category="Widgets" bookCover="{background: {style:&apos;background:white;&apos;},header: {text:&apos;$type&apos;},title: {text:&apos;$title&apos;,style:&apos;font-weight: bold;color:rgb(0, 0, 240);font-family:helvetica;font-size:24px;&apos;},image: {style:&apos;top:71.875px;width:137.5px;height:120px;&apos;,src:&apos;covers/8945757_s.jpg&apos;,imageStyle:&apos;width:137.5px;height:120px;&apos;},footer: {text:&apos;$owner&apos;,style:&apos;display: none;&apos;}}" scheme="" worklistCount="0" snapTo="true" snapGrid="true" gridRows="3" gridCols="4" canResize="true" canModify="true" showTitleBar="true" companyName="" companyLogo="covers/holefoods_logo.png" companyStyle="">
  <widget name="widget1" type="pivot" subtype="areaChart" subtypeClass="lineChart" title="Area Chart" dataSource="Chart Demos/Area Chart.pivot" dataLink="" drillDownDataSource="" width="200" height="200" sidebarContent="" showSidebar="false" sidebarWidth="" maximized="false" homeRowL="0" homeColL="0" colSpanL="1" rowSpanL="1" showToolbar="true" theme="">
    <property name="analyzer">0</property>
    <property name="legendPos">none</property>
  </widget>
  <widget name="widget2" type="pivot" subtype="barChart" subtypeClass="barChart" title="Bar Chart" dataSource="Chart Demos/Bar Chart.pivot" dataLink="" drillDownDataSource="" width="200" height="200" sidebarContent="" showSidebar="false" sidebarWidth="" maximized="false" homeRowL="0" homeColL="1" colSpanL="1" rowSpanL="1" showToolbar="true" theme="">
    <property name="analyzer">0</property>
    <property name="legendPos">none</property>
  </widget>
  <widget name="widget3" type="pivot" subtype="bubbleChart" subtypeClass="bubbleChart" title="Bubble Chart" dataSource="Chart Demos/Bubble Chart.pivot" dataLink="" drillDownDataSource="" width="200" height="200" sidebarContent="" showSidebar="false" sidebarWidth="" maximized="false" homeRowL="0" homeColL="2" colSpanL="1" rowSpanL="1" showToolbar="true" theme="">
    <property name="analyzer">0</property>
    <property name="legendPos">none</property>
  </widget>
  <widget name="widget4" type="pivot" subtype="bullseyeChart" subtypeClass="bullseyeChart" title="Bullseye Chart" dataSource="Chart Demos/Bullseye Chart.pivot" dataLink="" drillDownDataSource="" width="200" height="200" sidebarContent="" showSidebar="false" sidebarWidth="" maximized="false" homeRowL="0" homeColL="3" colSpanL="1" rowSpanL="1" showToolbar="true" theme="">
    <property name="analyzer">0</property>
    <property name="legendPos">none</property>
    <override name="bullseyeChart">{backgroundStyle:'fill: white; stroke: none;',legendVisible:'false',markerStyle:'fill: white;',plotAreaStyle:'fill: white; stroke: none;',title:'Revenue',titleStyle:'font-weight:bold;',xAxis:{majorGridLines:false,_type:'axis'},yAxisList:[{_type:'axis'}],_type:'bullseyeChart'}</override>
    <override name="legend">{hidden:true,orientation:'horizontal',_type:'chartLegend'}</override>
  </widget>
  <widget name="widget5" type="pivot" subtype="comboChart" subtypeClass="comboChart" title="Combo Chart" dataSource="Chart Demos/Combo Chart.pivot" dataLink="" drillDownDataSource="" width="200" height="200" sidebarContent="" showSidebar="false" sidebarWidth="" maximized="false" homeRowL="1" homeColL="0" colSpanL="1" rowSpanL="1" showToolbar="true" theme="">
    <property name="analyzer">0</property>
    <property name="legendPos">none</property>
    <dataSeries type="area" markerShape="" color="" yAxisIndex="0" hasLegend="true"></dataSeries>
    <dataSeries type="line" markerShape="" color="" yAxisIndex="0" hasLegend="true"></dataSeries>
    <override name="comboChart">{legendVisible:'false',seriesColorsOverride:',',xAxis:{_type:'axis'},yAxisList:[{title:'Revenue',_type:'axis'},{labelPosition:'right',title:'Units Sold',_type:'axis'}],seriesTypes:'area,line',_type:'comboChart'}</override>
    <override name="legend">{hidden:true,_type:'chartLegend'}</override>
  </widget>
  <widget name="widget6" type="pivot" subtype="hilowChart" subtypeClass="hilowChart" title="High Low Chart" dataSource="Chart Demos/High Low Chart.pivot" dataLink="" drillDownDataSource="" width="200" height="200" sidebarContent="" showSidebar="false" sidebarWidth="" maximized="false" homeRowL="1" homeColL="1" colSpanL="1" rowSpanL="1" showToolbar="true" theme="">
    <property name="analyzer">0</property>
    <property name="legendPos">none</property>
    <override name="hilowChart">{legendVisible:'false',maxLabelLen:6,selectedItemStyle:'fill: none;stroke: red;stroke-width:0.1;',xAxis:{_type:'axis'},yAxisList:[{title:'Revenue',_type:'axis'}],_type:'hilowChart'}</override>
  </widget>
  <widget name="widget7" type="pivot" subtype="lineChart" subtypeClass="lineChart" title="Line Chart" dataSource="Chart Demos/Line Chart.pivot" dataLink="" drillDownDataSource="" width="200" height="200" sidebarContent="" showSidebar="false" sidebarWidth="" maximized="false" homeRowL="1" homeColL="2" colSpanL="1" rowSpanL="1" showToolbar="true" theme="">
    <property name="legendPos">none</property>
  </widget>
  <widget name="widget8" type="pivot" subtype="pieChart" subtypeClass="pieChart" title="Pie Chart" dataSource="Chart Demos/Pie Chart.pivot" dataLink="" drillDownDataSource="" width="200" height="200" sidebarContent="" showSidebar="false" sidebarWidth="" maximized="false" homeRowL="1" homeColL="3" colSpanL="1" rowSpanL="1" showToolbar="true" theme="">
    <property name="analyzer">0</property>
  </widget>
  <widget name="widget9" type="pivot" subtype="timeChart" subtypeClass="lineChart" title="Time Chart" dataSource="Chart Demos/Time Chart.pivot" dataLink="" drillDownDataSource="" width="200" height="200" sidebarContent="" showSidebar="false" sidebarWidth="" maximized="false" homeRowL="2" homeColL="0" colSpanL="2" rowSpanL="1" showToolbar="true" theme="">
    <property name="analyzer">0</property>
    <property name="legendPos">none</property>
    <override name="legend">{hidden:true,orientation:'horizontal',_type:'chartLegend'}</override>
    <override name="lineChart">{timeBased:true,_type:'lineChart'}</override>
  </widget>
  <widget name="widget10" type="pivot" subtype="treeMapChart" subtypeClass="treeMapChart" title="Tree Map Chart" dataSource="Chart Demos/Tree Map Chart.pivot" dataLink="" drillDownDataSource="" width="200" height="200" sidebarContent="" showSidebar="false" sidebarWidth="" maximized="false" homeRowL="2" homeColL="2" colSpanL="1" rowSpanL="1" showToolbar="true" theme="">
    <property name="analyzer">0</property>
    <property name="legendPos">none</property>
  </widget>
  <widget name="widget11" type="pivot" subtype="xyChart" subtypeClass="xyChart" title="X/Y Chart" dataSource="Chart Demos/XY Chart.pivot" dataLink="" drillDownDataSource="" width="200" height="200" sidebarContent="" showSidebar="false" sidebarWidth="" maximized="false" homeRowL="2" homeColL="3" colSpanL="1" rowSpanL="1" showToolbar="true" theme="">
    <property name="analyzer">0</property>
    <property name="legendPos">none</property>
    <override name="xyChart">{legendVisible:'false',selectedItemStyle:'fill: none;stroke: red;stroke-width:0.1;',xAxis:{title:'Units Sold',_type:'axis'},yAxisList:[{title:'Revenue',_type:'axis'}],_type:'xyChart'}</override>
  </widget>
</dashboard>

<!-- Widget Examples/Time Chart.dashboard -->
<dashboard xmlns="http://www.intersystems.com/deepsee/library" name="Time Chart" folderName="Widget Examples" title="" description="" keywords="HoleFoods" owner="" shared="true" public="true" locked="false" resource="" timeCreated="2012-11-27T16:05:14.765Z" createdBy="" category="Widgets" bookCover="{header: {text:&apos;$type&apos;},title: {text:&apos;$title&apos;,style:&apos;font-weight: bold;color:rgb(0, 80, 35);font-size:24px;padding:3.5px;border-radius:7.5px 7.5px 7.5px 7.5px;&apos;},image: {style:&apos;width:137.5px;height:122.5px;&apos;,src:&apos;covers/time_chart.png&apos;,imageStyle:&apos;width:137.5px;height:122.5px;&apos;},footer: {text:&apos;$owner&apos;,style:&apos;display: none;&apos;}}" scheme="" worklistCount="0" snapTo="true" snapGrid="true" gridRows="2" gridCols="5" canResize="true" canModify="true" showTitleBar="true" companyName="" companyLogo="covers/holefoods_logo.png" companyStyle="">
  <widget name="Table" type="pivot" subtype="timeChart" subtypeClass="lineChart" title="Revenue and Units Sold Over Time" dataSource="Use in Dashboards/For Time Chart.pivot" dataLink="" drillDownDataSource="" width="200" height="200" sidebarContent="" showSidebar="false" sidebarWidth="" maximized="false" homeRowL="0" homeColL="0" colSpanL="5" rowSpanL="1" showToolbar="true" theme="">
    <control name="" action="applyFilter" target="" targetProperty="[Product].[P1].[Product Category]" location="widget" type="auto" controlClass="" label="Product Category" title="" value="" text="" readOnly="false" valueList="" displayList="" activeWhen=""></control>
    <control name="" action="applyFilter" target="" targetProperty="[Outlet].[H1].[Country]" location="widget" type="auto" controlClass="" label="Country" title="" value="" text="" readOnly="false" valueList="" displayList="" activeWhen=""></control>
    <property name="analyzer">0</property>
    <property name="legendPos">none</property>
    <override name="legend">{hidden:true,_type:'chartLegend'}</override>
    <override name="lineChart">{legendVisible:'false',showMultiples:true,timeBased:true,xAxis:{_type:'axis'},yAxisList:[{_type:'axis'}],_type:'lineChart'}</override>
  </widget>
</dashboard>

</items>
]]></Data>
</XData>
</Class>
</Export>
