<?xml version="1.0" encoding="UTF-8"?>
<Export generator="Cache" version="25">
<Class name="HoleFoods.Region">
<Description>
This specifies a geographic region within the HoleFoods demo.</Description>
<Super>%Persistent</Super>
<TimeCreated>61079,51385.591906</TimeCreated>

<Property name="Name">
<Description>
Name of this region.</Description>
<Type>%String</Type>
<Parameter name="MAXLEN" value="80"/>
</Property>

<Storage name="Default">
<Type>%Library.CacheStorage</Type>
<DataLocation>^HoleFoods.RegionD</DataLocation>
<DefaultData>RegionDefaultData</DefaultData>
<IdLocation>^HoleFoods.RegionD</IdLocation>
<IndexLocation>^HoleFoods.RegionI</IndexLocation>
<StreamLocation>^HoleFoods.RegionS</StreamLocation>
<Data name="RegionDefaultData">
<Structure>listnode</Structure>
<Subscript/>
<Value name="1">
<Value>%%CLASSNAME</Value>
</Value>
<Value name="2">
<Value>Name</Value>
</Value>
</Data>
</Storage>
</Class>
</Export>
