<?xml version="1.0" encoding="UTF-8"?>
<Export generator="Cache" version="25">
<Class name="Demo.ComplexMap.Semester.ClassInfo.Record">
<Description>
RECORDMAP: Generated from RecordMap 'Demo.ComplexMap.Semester.ClassInfo'
on 2012-12-05 at 17:47:29.005 [2012-12-05 22:47:29.005 UTC]
by user DemoUser</Description>
<ProcedureBlock>1</ProcedureBlock>
<Super>EnsLib.RecordMap.ComplexChild,%XML.Adaptor,Ens.Request,EnsLib.RecordMap.Base</Super>
<TimeCreated>62796,64049.005461</TimeCreated>
<Inheritance>right</Inheritance>

<Index name="ClassIDIdx">
<Properties>ClassID</Properties>
</Index>

<Parameter name="RECORDMAPGENERATED">
<Default>1</Default>
</Parameter>

<Parameter name="INCLUDETOPFIELDS">
<Default>1</Default>
</Parameter>

<Property name="ClassID">
<Type>%String</Type>
</Property>

<Property name="SectionID">
<Type>%String</Type>
</Property>

<Property name="Title">
<Type>%String</Type>
</Property>

<Property name="Grade">
<Type>%Integer</Type>
</Property>

<Trigger name="OnDelete">
<Code>	Set %ok = ##class(Demo.ComplexMap.Semester.ClassInfo.Record).%OnDelete($$$oidForm({ID})) If $$$ISERR(%ok) Quit
</Code>
<Event>DELETE</Event>
</Trigger>

<Storage name="Default">
<Type>%Library.CacheStorage</Type>
<DataLocation>^Demo.ComplexMap.SemClsI.RecordD</DataLocation>
<DefaultData>RecordDefaultData</DefaultData>
<IdLocation>^Demo.ComplexMap.SemClsI.RecordD</IdLocation>
<IndexLocation>^Demo.ComplexMap.SemClsI.RecordI</IndexLocation>
<StreamLocation>^Demo.ComplexMap.SemClsI.RecordS</StreamLocation>
<ExtentSize>2000000</ExtentSize>
<Data name="RecordDefaultData">
<Structure>listnode</Structure>
<Subscript/>
<Value name="1">
<Value>%%CLASSNAME</Value>
</Value>
<Value name="2">
<Value>ClassID</Value>
</Value>
<Value name="3">
<Value>%Source</Value>
</Value>
<Value name="4">
<Value>Title</Value>
</Value>
<Value name="5">
<Value>Grade</Value>
</Value>
<Value name="6">
<Value>SectionID</Value>
</Value>
</Data>
</Storage>
</Class>
</Export>
