<?xml version="1.0" encoding="UTF-8"?>
<Export generator="Cache" version="25">
<Class name="Demo.ComplexMap.Summary.SemesterSummary">
<Super>EnsLib.RecordMap.ComplexMap</Super>
<TimeCreated>62770,55982.689547</TimeCreated>

<Parameter name="RECORDMAPGENERATED">
<Default>1</Default>
</Parameter>

<Parameter name="BATCHCLASS">
<Default>Demo.ComplexMap.Summary.SummaryBatch</Default>
</Parameter>

<XData name="ComplexBatch">
<XMLNamespace>http://www.intersystems.com/Ensemble/RecordMap</XMLNamespace>
<Data><![CDATA[
<ComplexBatch xmlns="http://www.intersystems.com/Ensemble/RecordMap" name="Demo.ComplexMap.Summary.SemesterSummary" char_encoding="UTF-8" targetClassname="Demo.ComplexMap.Summary.SummaryBatch">
  <Header name="Semester" recordMap="Demo.ComplexMap.Summary.SemesterHeader"></Header>
  <RecordSequence name="Students" required="1" repeating="1" minRepeats="1">
    <RecordReference name="Student" required="1" repeating="0" recordMap="Demo.ComplexMap.Summary.Student"></RecordReference>
    <RecordReference name="ClassInfo" required="1" repeating="1" minRepeats="1" recordMap="Demo.ComplexMap.Semester.ClassInfo"></RecordReference>
  </RecordSequence>
</ComplexBatch>
]]></Data>
</XData>

<Method name="PutBatch">
<ClassMethod>1</ClassMethod>
<FormalSpec>pIOStream:%IO.DeviceStream,pBatch:EnsLib.RecordMap.ComplexBatch</FormalSpec>
<ReturnType>%Status</ReturnType>
<Implementation><![CDATA[
	Set tStatus = $$$OK
	Try {
		If '$IsObject($get(pBatch)) Set tStatus = $$$ERROR($$$ObjectInstanceRequired) Quit
		If '$IsObject(pIOStream) {
			Set tFilename = pIOStream
			Set pIOStream = ##class(%IO.FileStream).%New()
			Do pIOStream.Open(tFilename,"WAE",,"UTF-8",.tStatus)
			If $$$ISERR(tStatus) Quit
		}
		Set tStatus = ##class(Demo.ComplexMap.Summary.SemesterHeader).PutObject(pIOStream,pBatch.Semester,0)
		If $$$ISERR(tStatus) Quit
		For i=1:1:pBatch.Students.Count() {
			Set tElement = pBatch.Students.GetAt(i)
			If $IsObject(tElement) {
				Set tStatus = tElement.PutSequence(pIOStream)
				If $$$ISERR(tStatus) Quit
			}
		}
		If $$$ISERR(tStatus) Quit
		Do pIOStream.Flush(.tStatus)
		If $$$ISERR(tStatus) Quit
	} Catch ex {
		Set tStatus = $$$SystemError
	}
	Quit tStatus
]]></Implementation>
</Method>

<Method name="GetBatch">
<ClassMethod>1</ClassMethod>
<FormalSpec>pIOStream:%IO.DeviceStream,pTimeout:%Numeric=-1,*pBatch:EnsLib.RecordMap.ComplexBatch</FormalSpec>
<ReturnType>%Status</ReturnType>
<Implementation><![CDATA[
	Set tStatus = $$$OK
	Try {
		If '$IsObject(pIOStream) {
			Set tFilename = pIOStream
			Set pIOStream = ##class(%IO.FileStream).%New()
			Do pIOStream.Open(tFilename,,pTimeout,"UTF-8",.tStatus)
			If $$$ISERR(tStatus) Quit
		}
		Set pIOStream.CharEncoding = "UTF-8"
		Set pBatch = ##class(Demo.ComplexMap.Summary.SummaryBatch).%New()
		Set pBatch.%Source = pIOStream.Name
		Set tStatus = ##class(Demo.ComplexMap.Summary.SemesterHeader).GetObject(pIOStream,.tHeader,pTimeout)
		If $$$ISERR(tStatus) Set tStatus = $system.Status.AppendStatus($$$ERROR($$$EnsRecordMapErrComplexBasic,"Semester","Demo.ComplexMap.Summary.SemesterHeader",$classname()),tStatus) Quit
		Set pBatch.Semester = tHeader
		Set tLookAhead = ""
		If (4 > $length(tLookAhead)) {
			Set tLookAhead = tLookAhead _ pIOStream.Read(4-$length(tLookAhead),pTimeout,.tStatus)
			If $$$ISERR(tStatus) Set tStatus = $system.Status.AppendStatus($$$ERROR($$$EnsRecordMapErrComplexBasic,"Students","Demo.ComplexMap.Summary.Students",$classname()),tStatus) Quit
		}
		Set tCount = 0
		While ($extract(tLookAhead,1,4)="STS|") {
			Set tStatus = ..getSeqStudents(pIOStream,.tSequence,.tLookAhead,pBatch,pTimeout)
			Set tCount = tCount + 1
			If $$$ISERR(tStatus) Quit
			Set tStatus = pBatch.Students.SetAt(tSequence,tCount)
			If $$$ISERR(tStatus) Quit
			If (4 > $length(tLookAhead)) {
				Set tLookAhead = tLookAhead _ pIOStream.Read(4-$length(tLookAhead),pTimeout,.tStatus)
				If $$$ISERR(tStatus) Quit
			}
		}
		If $$$ISERR(tStatus) Set tStatus = $system.Status.AppendStatus($$$ERROR($$$EnsRecordMapErrComplexRepeating,"Students","Demo.ComplexMap.Summary.Students",$classname(),tCount),tStatus) Quit
		If (1 > tCount) {
			Set tStatus = $$$ERROR($$$EnsRecordMapErrRepeatMin,1,"Students")
			Quit
		}
	} Catch {
		Set tStatus = $$$SystemError
	}
	Quit tStatus
]]></Implementation>
</Method>

<Method name="getSeqStudents">
<ClassMethod>1</ClassMethod>
<FormalSpec><![CDATA[pIOStream:%IO.DeviceStream,*pSequence:EnsLib.RecordMap.ComplexSequence,&pLookAhead:%String="",pBatch:EnsLib.RecordMap.ComplexBatch,pTimeout:%Numeric=-1]]></FormalSpec>
<Private>1</Private>
<ReturnType>%Status</ReturnType>
<Implementation><![CDATA[
	Set tStatus = $$$OK
	Try {
		Set pSequence = ##class(Demo.ComplexMap.Summary.Students).%New()
		Set tStatus = ##class(Demo.ComplexMap.Summary.Student).GetObject(pIOStream,.tObject,pTimeout,.pLookAhead)
		If $$$ISERR(tStatus) Set tStatus = $system.Status.AppendStatus($$$ERROR($$$EnsRecordMapErrComplexBasic,"Student","Demo.ComplexMap.Summary.Student",$classname()),tStatus) Quit
		Set pSequence.Student = tObject
		If (4 > $length(pLookAhead)) {
			Set pLookAhead = pIOStream.Read(4-$length(pLookAhead),pTimeout,.tStatus)
			If $$$ISERR(tStatus) Quit
		}
		Set tCount = 0
		While ($extract(pLookAhead,1,4) = "CLS|") {
			Set tStatus = ##class(Demo.ComplexMap.Semester.ClassInfo).GetObject(pIOStream,.tObject,pTimeout,.pLookAhead)
			Set tCount = tCount + 1
			If $$$ISERR(tStatus) Quit
			Set tStatus = pSequence.ClassInfo.SetAt(tObject,tCount)
			If $$$ISERR(tStatus) Quit
			Set pLookAhead = pIOStream.Read(4-$length(pLookAhead),pTimeout,.tStatus)
			If $$$ISERR(tStatus) Quit
		}
		If $$$ISERR(tStatus) Set tStatus = $system.Status.AppendStatus($$$ERROR($$$EnsRecordMapErrComplexRepeating,"ClassInfo","Demo.ComplexMap.Semester.ClassInfo",$classname(),tCount),tStatus) Quit
		If (1 > tCount) {
			Set tStatus = $$$ERROR($$$EnsRecordMapErrRepeatMin,1,"ClassInfo")
			Quit
		}
	}
	Catch {
		Set tStatus = $$$SystemError
	}
	Quit tStatus
]]></Implementation>
</Method>
</Class>
</Export>
