<?xml version="1.0" encoding="UTF-8"?>
<Export generator="Cache" version="25">
<Class name="Demo.ComplexMap.Summary.SummaryBatch">
<Description>
RECORDMAP: Modified during compilation of Complex RecordMap 'Demo.ComplexMap.Summary.SemesterSummary'
on 2012-12-05 at 17:47:28.204 [2012-12-05 22:47:28.204 UTC]
by user DemoUser</Description>
<ProcedureBlock>1</ProcedureBlock>
<Super>EnsLib.RecordMap.ComplexBatch,Ens.Request</Super>
<TimeCreated>62796,64048.204214</TimeCreated>
<Inheritance>right</Inheritance>

<Parameter name="RECORDMAPGENERATED">
<Default>1</Default>
</Parameter>

<Property name="Semester">
<Type>Demo.ComplexMap.Summary.SemesterHeader.Record</Type>
<Required>1</Required>
</Property>

<Property name="Students">
<Type>Demo.ComplexMap.Summary.Students</Type>
<Collection>array</Collection>
<Required>1</Required>
</Property>

<Storage name="Default">
<Type>%Library.CacheStorage</Type>
<DataLocation>^Demo.ComplexMpSum.SummaryBatchD</DataLocation>
<DefaultData>SummaryBatchDefaultData</DefaultData>
<IdLocation>^Demo.ComplexMpSum.SummaryBatchD</IdLocation>
<IndexLocation>^Demo.ComplexMpSum.SummaryBatchI</IndexLocation>
<StreamLocation>^Demo.ComplexMpSum.SummaryBatchS</StreamLocation>
<ExtentSize>2000000</ExtentSize>
<Data name="Students">
<Attribute>Students</Attribute>
<Structure>subnode</Structure>
<Subscript>"Students"</Subscript>
</Data>
<Data name="SummaryBatchDefaultData">
<Structure>listnode</Structure>
<Subscript/>
<Value name="1">
<Value>%%CLASSNAME</Value>
</Value>
<Value name="2">
<Value>Semester</Value>
</Value>
<Value name="3">
<Value>%Source</Value>
</Value>
</Data>
</Storage>
</Class>
</Export>