<?xml version="1.0" encoding="UTF-8"?>
<Export generator="Cache" version="25">
<Class name="Demo.Workflow.ProblemReport">
<Description>
This is a ProblemReport message.
It is used by the Workflow demo to represent a technical
problem submitted by a customer.</Description>
<ClassType>persistent</ClassType>
<ProcedureBlock>1</ProcedureBlock>
<Super>Ens.Request</Super>
<TimeCreated>60423,56777</TimeCreated>

<Property name="ReportedBy">
<Description>
Name of customer reporting the problem.</Description>
<Type>%String</Type>
<Parameter name="MAXLEN" value="60"/>
</Property>

<Property name="Problem">
<Description>
Description of the problem.</Description>
<Type>%String</Type>
<Parameter name="MAXLEN" value="200"/>
</Property>

<Storage name="Default">
<Type>%Library.CacheStorage</Type>
<DefaultData>ProblemReportDefaultData</DefaultData>
<Data name="ProblemReportDefaultData">
<Structure>listnode</Structure>
<Subscript>"ProblemReport"</Subscript>
<Value name="1">
<Value>Problem</Value>
</Value>
<Value name="2">
<Value>ReportedBy</Value>
</Value>
</Data>
</Storage>
</Class>
</Export>
