<?xml version="1.0" encoding="UTF-8"?>
<Export generator="Cache" version="9" zv="Cache for Windows NT (Intel) 5.0.5 (Build 913U)" ts="2004-01-25 14:58:35">
<Class name="Scan.CheckEmployeeRequest">
<ClassType>persistent</ClassType>
<Language>cache</Language>
<ProcedureBlock>1</ProcedureBlock>
<Super>Ens.Request</Super>
<TimeChanged>59559,50730</TimeChanged>
<TimeCreated>59494,48419.519899</TimeCreated>
<ClassDefinitionError>0</ClassDefinitionError>

<Property name="Name">
<Type>%String</Type>
</Property>

<Property name="ID">
<Type>%Integer</Type>
</Property>

<Property name="ToAddress">
<Type>%String</Type>
</Property>

<Property name="EmailText">
<Type>%String</Type>
</Property>

<Storage name="Default">
<Type>%Library.CacheStorage</Type>
<DefaultData>CheckEmployeeRequestDefaultData</DefaultData>
<Data name="CheckEmployeeRequestDefaultData">
<Structure>listnode</Structure>
<Subscript>"CheckEmployeeRequest"</Subscript>
<Value name="1">
<Value>EmailText</Value>
</Value>
<Value name="2">
<Value>ID</Value>
</Value>
<Value name="3">
<Value>Name</Value>
</Value>
<Value name="4">
<Value>ToAddress</Value>
</Value>
</Data>
</Storage>
</Class>
<Class name="Scan.CheckEmployeeResponse">
<ClassType>persistent</ClassType>
<ProcedureBlock>1</ProcedureBlock>
<Super>Ens.Response</Super>
<TimeChanged>59559,50730</TimeChanged>
<TimeCreated>59494,48419.527427</TimeCreated>
<ClassDefinitionError>0</ClassDefinitionError>

<Property name="IsRelated">
<Type>%Boolean</Type>
</Property>

<Property name="IsExternal">
<Type>%Boolean</Type>
</Property>

<Storage name="Default">
<Type>%Library.CacheStorage</Type>
<DefaultData>CheckEmployeeResponseDefaultData</DefaultData>
<Data name="CheckEmployeeResponseDefaultData">
<Structure>listnode</Structure>
<Subscript>"CheckEmployeeResponse"</Subscript>
<Value name="1">
<Value>IsExternal</Value>
</Value>
<Value name="2">
<Value>IsRelated</Value>
</Value>
</Data>
</Storage>
</Class>
<Checksum value="580532186"/>
</Export>
