<?xml version="1.0" encoding="UTF-8"?>
<Export generator="Cache" version="22" zv="Cache for Windows (x86-32) 2008.1.1 (Build 579U)" ts="2008-09-16 14:02:04">
<Class name="Hospital.OperationMetrics">
<Description>
Business Metric Class for Hospital.PermissionToOperateProcess</Description>
<ClassType/>
<ProcedureBlock>1</ProcedureBlock>
<Super>Ens.BusinessMetric</Super>
<TimeCreated>60423,56776</TimeCreated>

<Property name="OperationsRequested">
<Description>
Total number of loan requests to date.</Description>
<Type>Ens.DataType.Metric</Type>
<Parameter name="RANGELOWER" value="0"/>
<Parameter name="RANGEUPPER" value="10000"/>
<Parameter name="UNITS" value="Operation Requests"/>
</Property>

<Property name="PermissionToOperateStatus">
<Type>Ens.DataType.Metric</Type>
<Parameter name="RANGELOWER" value="0"/>
<Parameter name="RANGEUPPER" value="10000"/>
<Parameter name="UNITS" value="Requests Accepted"/>
</Property>

<Method name="OnCalculateMetrics">
<Description>
Calculate and update the set of metrics for this class</Description>
<ReturnType>%Status</ReturnType>
<Implementation><![CDATA[
	// Note: these calculations are not accurate, they 
	// are demonstrative.
	
	// set the values of our metrics
	&sql(SELECT COUNT(*) INTO :count
		 FROM Hospital.OperateRequest)

	//Determine how many messages were sent from Hospital.PermissionToOperateProces
	//to Hospital.GetPatientInfoProcess on the current day
	&sql(SELECT COUNT(*) into :count FROM Ens.MessageHeader WHERE
	SourceConfigName='Hospital.PermissionToOperateProcess' AND 
	TargetConfigName='Hospital.GetPatientInfoProcess' AND
	DATEDIFF('dd',CURRENT_TIMESTAMP,TimeProcessed)=0)
	
	//Set the metric to the current count of messages
	Set ..OperationsRequested=count
	
	//Determine if the current status of Hospital.PermissionToOperateProcess is OK
	If (^CacheTemp.EnsHostMonitor($Namespace,"Hospital.PermissionToOperateProcess","%Status") '= "OK")
	{
		//The status is not OK
		Set status=-1	
	}
	Else
	{
		//The status is OK
		Set status=1	
	
	
	//Set the metric to reflect the status
	Set ..PermissionToOperateStatus=status
	}
	Quit $$$OK
]]></Implementation>
</Method>
</Class>
</Export>
