<?xml version="1.0" encoding="UTF-8"?>
<Export generator="Cache" version="25">
<Class name="Cinema.Duration">
<Description>
Stores information about time durations.</Description>
<Super>%Library.Integer</Super>
<TimeCreated>58752,45905</TimeCreated>

<Method name="LogicalToDisplay">
<Description><![CDATA[
Converts the value of <var>%val</var>, which is in logical integer format, into a display string. 
The formatting is based on the value of the FORMAT parameter.
<p>Returns the formatted value of <var>%val</var>.]]></Description>
<ClassMethod>1</ClassMethod>
<FormalSpec>%val:%Integer</FormalSpec>
<ReturnType>%String</ReturnType>
<Implementation><![CDATA[ Quit (%val \ 60) _ "h" _ (%val# 60) _ "m"
]]></Implementation>
</Method>
</Class>
</Export>
