<?xml version="1.0" encoding="UTF-8"?>
<Export generator="Cache" version="21" zv="Cache for Windows (x86-32) 2007.1.2 (Build 517U)" ts="2007-10-10 09:42:20">
<Class name="Hospital.GetPatientInfoProcess">
<ClassType>persistent</ClassType>
<Super>Ens.BusinessProcessBPL</Super>
<TimeCreated>60856,38645.900416</TimeCreated>

<XData name="BPL">
<Description>
BPL Definition</Description>
<XMLNamespace>http://www.intersystems.com/bpl</XMLNamespace>
<Data><![CDATA[
<process language='objectscript' request='Hospital.OperateRequest' response='Hospital.OperateResponse' height='2000' width='2000' >
<context>
<property name='PatientName' type='%String' />
<property name='PatientHomePhone' type='%String' />
</context>
<sequence xend='546' yend='540' >
<call name='Get Patient Info' target='Hospital.PatientDatabaseOperation' async='1' xpos='550' ypos='200' >
<request type='Hospital.PatientInfoRequest' >
<assign property='callrequest.PatientID' value='request.PatientID' action='set' />
</request>
<response type='Hospital.PatientInfoResponse' >
<assign property='response.CreditRating' value='callresponse.CreditRating' action='set' />
<assign property='response.InsuranceCompany' value='callresponse.InsuranceCompany' action='set' />
<assign property='response.IsInsured' value='callresponse.IsInsured' action='set' />
<assign property='context.PatientName' value='callresponse.PatientName' action='set' />
<assign property='context.PatientHomePhone' value='callresponse.PatientHomePhone' action='set' />
</response>
</call>
<sync name='Wait for Patient Status' calls='Get Patient Info' type='all' xpos='550' ypos='300' />
<call name='MakeFileOperation' target='Hospital.MakeFileOperation' async='1' xpos='558' ypos='422' >
<annotation>Hospital.MakeFileOperation</annotation>
<request type='Hospital.SendNotifyRequest' >
<assign property='callrequest.FileName' value='"Notify.txt"' action='set' />
<assign property='callrequest.LikelyOutcome' value='request.LikelyOutcome' action='set' />
<assign property='callrequest.PatientHomePhone' value='context.PatientHomePhone' action='set' />
<assign property='callrequest.PatientID' value='request.PatientID' action='set' />
<assign property='callrequest.PatientName' value='context.PatientName' action='set' />
<assign property='callrequest.RequestedOperation' value='request.RequestedOperation' action='set' />
</request>
<response type='Ens.Response' />
</call>
</sequence>
</process>
]]></Data>
</XData>

<Storage name="Default">
<Type>%Library.CacheStorage</Type>
</Storage>
</Class>
</Export>
