<?xml version="1.0" encoding="UTF-8"?>
<Export generator="Cache" version="21" zv="Cache for Windows (x86-32) 2007.1.2 (Build 517U)" ts="2007-10-10 09:42:01">
<Class name="Hospital.HospitalProd">
<Super>Ens.Production</Super>
<TimeCreated>60865,51346.85715</TimeCreated>

<XData name="ProductionDefinition">
<Data><![CDATA[
<Production Name="Hospital.HospitalProd" TestingEnabled="true" LogGeneralTraceEvents="false">
  <Description>Managing various functions for a hospital.</Description>
  <ActorPoolSize>2</ActorPoolSize>
  <Item Name="Ens.Alert" Category="" ClassName="EnsLib.MsgRouter.RoutingEngine" PoolSize="0" Enabled="true" Foreground="false" DisableErrorTraps="false" InactivityTimeout="0" Comment="This handles Alert routing logic." LogTraceEvents="false" Schedule="">
    <Setting Target="Host" Name="BusinessRuleName">Hospital.AlertRule</Setting>
  </Item>
  <Item Name="EMailAlert" Category="" ClassName="EnsLib.EMail.AlertOperation" PoolSize="1" Enabled="false" Foreground="false" DisableErrorTraps="false" InactivityTimeout="0" Comment="This sends alerts via e-mail." LogTraceEvents="false" Schedule="">
  </Item>
  <Item Name="PagerAlert" Category="" ClassName="EnsLib.EMail.AlertOperation" PoolSize="1" Enabled="false" Foreground="false" DisableErrorTraps="false" InactivityTimeout="0" Comment="This sends alerts to a pager via e-mail." LogTraceEvents="false" Schedule="">
  </Item>
  <Item Name="BadMessageHandler" Category="" ClassName="EnsLib.HL7.Operation.FileOperation" PoolSize="1" Enabled="false" Foreground="false" DisableErrorTraps="false" InactivityTimeout="0" Comment="Bad messages are sent to this operation." LogTraceEvents="false" Schedule="">
  </Item>
  <Item Name="Hospital.PatientDatabaseOperation" Category="Insurance" ClassName="Hospital.PatientDatabaseOperation" PoolSize="1" Enabled="true" Foreground="false" DisableErrorTraps="false" InactivityTimeout="0" Comment="" LogTraceEvents="false" Schedule="">
    <Setting Target="Host" Name="AlertRetryGracePeriod">0</Setting>
    <Setting Target="Host" Name="RetryInterval">5</Setting>
    <Setting Target="Host" Name="FailureTimeout">15</Setting>
    <Setting Target="Host" Name="AlertOnError">0</Setting>
    <Setting Target="Host" Name="ArchiveIO">0</Setting>
    <Setting Target="Adapter" Name="DSN">PatientData</Setting>
    <Setting Target="Adapter" Name="Credentials"></Setting>
    <Setting Target="Adapter" Name="StayConnected">-1</Setting>
    <Setting Target="Adapter" Name="ConnectTimeout">5</Setting>
  </Item>
  <Item Name="Hospital.MakeFileOperation" Category="Insurance" ClassName="Hospital.MakeFileOperation" PoolSize="1" Enabled="true" Foreground="false" DisableErrorTraps="false" InactivityTimeout="0" Comment="" LogTraceEvents="false" Schedule="">
    <Setting Target="Host" Name="AlertRetryGracePeriod">0</Setting>
    <Setting Target="Host" Name="RetryInterval">5</Setting>
    <Setting Target="Host" Name="FailureTimeout">15</Setting>
    <Setting Target="Host" Name="AlertOnError">0</Setting>
    <Setting Target="Host" Name="ArchiveIO">0</Setting>
    <Setting Target="Adapter" Name="FilePath">c:\Integration\hospital</Setting>
    <Setting Target="Adapter" Name="Overwrite">0</Setting>
    <Setting Target="Adapter" Name="Charset">Default</Setting>
    <Setting Target="Adapter" Name="OpenTimeout">5</Setting>
  </Item>
  <Item Name="Hospital.GetPatientInfoProcess" Category="Insurance" ClassName="Hospital.GetPatientInfoProcess" PoolSize="0" Enabled="true" Foreground="false" DisableErrorTraps="false" InactivityTimeout="0" Comment="" LogTraceEvents="false" Schedule="">
  </Item>
  <Item Name="Hospital.PermissionToOperateProcess" Category="Insurance" ClassName="Hospital.PermissionToOperateProcess" PoolSize="0" Enabled="true" Foreground="false" DisableErrorTraps="false" InactivityTimeout="0" Comment="" LogTraceEvents="false" Schedule="">
  </Item>
</Production>
]]></Data>
</XData>
</Class>
</Export>
