<?xml version="1.0" encoding="UTF-8"?>
<Export generator="Cache" version="25" zv="Cache for Windows (x86-64) 2011.2 (Build 313U)" ts="2011-09-28 10:43:17">
<Class name="Hospital.DTL3Part2">
<Description>
</Description>
<ProcedureBlock>1</ProcedureBlock>
<Super>Ens.DataTransformDTL</Super>
<TimeChanged>62362,38576.92976</TimeChanged>
<TimeCreated>62361,60787.536719</TimeCreated>

<XData name="DTL">
<XMLNamespace>http://www.intersystems.com/dtl</XMLNamespace>
<Data><![CDATA[
<transform sourceClass='EnsLib.HL7.Message' targetClass='EnsLib.HL7.Message' sourceDocType='2.5:ADT_A01' targetDocType='2.5:ADT_A01' create='copy' language='objectscript' >
<foreach property='source.{DG1()}' key='k1' >
<assign value='..ToUpper(source.{DG1(k1):DiagnosisCodeDG1.Text})' property='target.{DG1(k1):DiagnosisCodeDG1.Text}' action='set' />
</foreach>
<foreach property='source.{OBX()}' key='k1' >
<subtransform class='Hospital.OBXSetIDOBXCheckDTL' targetObj='target.{OBX(k1)}' sourceObj='source.{OBX(k1)}' />
</foreach>
</transform>
]]></Data>
</XData>

<Parameter name="REPORTERRORS">
<Default>1</Default>
</Parameter>

<Parameter name="IGNOREMISSINGSOURCE">
<Default>1</Default>
</Parameter>
</Class>
</Export>
