<?xml version="1.0" encoding="UTF-8"?>
<Export generator="Cache" version="25" zv="Cache for Windows (x86-64) 2011.2 (Build 304U)" ts="2011-09-27 18:30:35">
<Class name="Hospital.DTL3Part2">
<Description>
</Description>
<ProcedureBlock>1</ProcedureBlock>
<Super>Ens.DataTransformDTL</Super>
<TimeChanged>62361,66573.452791</TimeChanged>
<TimeCreated>62361,60787.536719</TimeCreated>

<XData name="DTL">
<XMLNamespace>http://www.intersystems.com/dtl</XMLNamespace>
<Data><![CDATA[
<transform sourceClass="EnsLib.HL7.Message" sourceDocType="2.5:ADT_A01" targetClass="EnsLib.HL7.Message" targetDocType="2.5:ADT_A01" create="copy" language="objectscript" >
<foreach key="k1" property="source.{DG1()}">
<assign value="..ToUpper(source.{DG1(k1):DiagnosisCodeDG1.Text})" property="target.{DG1(k1):DiagnosisCodeDG1.Text}" key="&quot;&quot;" action="set" />
</foreach>
<foreach key="k1" property="source.{OBX()}">
<subtransform class="Hospital.OBXSetIDOBXCheckDTL" targetObj="target.{OBX(k1)}" sourceObj="source.{OBX(k1)}" />
</foreach>
<foreach key="k1" property="source.{IN1grp()}">
<foreach key="k4" property="source.{IN1grp(k1).IN1:InsuranceCoContactPerson()}">
<if condition="k4=2">
<true>
<assign value="&quot;Only call if first contact not available&quot;" property="target.{IN1grp(k1).IN1:InsuranceCoContactPerson(k4).NameContext}" key="&quot;&quot;" action="set" />
</true>
</if>
<if condition="k4=3">
<true>
<assign value="&quot;Only call if first and second contacts not available&quot;" property="target.{IN1grp(k1).IN1:InsuranceCoContactPerson(k4).NameContext}" key="&quot;&quot;" action="set" />
</true>
</if>
</foreach>
<foreach key="k2" property="source.{IN1grp(k1).IN3()}">
<assign value="k2_&quot;:&quot;_source.{IN1grp(k1).IN3(k2):SetIDIN3}" property="target.{IN1grp(k1).IN3(k2):SetIDIN3}" key="&quot;&quot;" action="set" />
</foreach>
</foreach>
</transform>
]]></Data>
</XData>

<Parameter name="REPORTERRORS">
<Default>1</Default>
</Parameter>

<Parameter name="IGNOREMISSINGSOURCE">
<Default>1</Default>
</Parameter>
</Class>
</Export>
