<?xml version="1.0" encoding="UTF-8"?>
<Export generator="Cache" version="25" zv="Cache for Windows (x86-64) 2012.1 (Build 531U)" ts="2012-01-09 19:31:47">
<Class name="Hospital.HospitalProd">
<Super>Ens.Production</Super>
<TimeChanged>62465,70290.287762</TimeChanged>
<TimeCreated>60865,51346.85715</TimeCreated>

<XData name="ProductionDefinition">
<Data><![CDATA[
<Production Name="Hospital.HospitalProd" TestingEnabled="true" LogGeneralTraceEvents="false">
  <Description>Managing various functions for a hospital.</Description>
  <ActorPoolSize>2</ActorPoolSize>
  <Item Name="Ens.Alert" Category="" ClassName="EnsLib.MsgRouter.RoutingEngine" PoolSize="0" Enabled="true" Foreground="false" DisableErrorTraps="false" InactivityTimeout="0" Comment="This handles Alert routing logic." LogTraceEvents="false" Schedule="">
    <Setting Target="Host" Name="BusinessRuleName">Hospital.AlertRule</Setting>
  </Item>
  <Item Name="EMailAlert" Category="" ClassName="EnsLib.EMail.AlertOperation" PoolSize="1" Enabled="false" Foreground="false" DisableErrorTraps="false" InactivityTimeout="0" Comment="This sends alerts via e-mail." LogTraceEvents="false" Schedule="">
  </Item>
  <Item Name="PagerAlert" Category="" ClassName="EnsLib.EMail.AlertOperation" PoolSize="1" Enabled="false" Foreground="false" DisableErrorTraps="false" InactivityTimeout="0" Comment="This sends alerts to a pager via e-mail." LogTraceEvents="false" Schedule="">
  </Item>
  <Item Name="BadMessageHandler" Category="" ClassName="EnsLib.HL7.Operation.FileOperation" PoolSize="1" Enabled="false" Foreground="false" DisableErrorTraps="false" InactivityTimeout="0" Comment="Bad messages are sent to this operation." LogTraceEvents="false" Schedule="">
  </Item>
  <Item Name="Hospital.PatientDatabaseOperation" Category="Insurance" ClassName="Hospital.PatientDatabaseOperation" PoolSize="1" Enabled="true" Foreground="false" DisableErrorTraps="false" InactivityTimeout="0" Comment="" LogTraceEvents="false" Schedule="">
    <Setting Target="Host" Name="AlertRetryGracePeriod">0</Setting>
    <Setting Target="Host" Name="RetryInterval">5</Setting>
    <Setting Target="Host" Name="FailureTimeout">15</Setting>
    <Setting Target="Host" Name="AlertOnError">0</Setting>
    <Setting Target="Host" Name="ArchiveIO">0</Setting>
    <Setting Target="Adapter" Name="DSN">PatientData</Setting>
    <Setting Target="Adapter" Name="Credentials"></Setting>
    <Setting Target="Adapter" Name="StayConnected">-1</Setting>
    <Setting Target="Adapter" Name="ConnectTimeout">5</Setting>
  </Item>
  <Item Name="Hospital.MakeFileOperation" Category="Insurance" ClassName="Hospital.MakeFileOperation" PoolSize="1" Enabled="true" Foreground="false" DisableErrorTraps="false" InactivityTimeout="0" Comment="" LogTraceEvents="false" Schedule="">
    <Setting Target="Host" Name="AlertRetryGracePeriod">0</Setting>
    <Setting Target="Host" Name="RetryInterval">5</Setting>
    <Setting Target="Host" Name="FailureTimeout">15</Setting>
    <Setting Target="Host" Name="AlertOnError">0</Setting>
    <Setting Target="Host" Name="ArchiveIO">0</Setting>
    <Setting Target="Adapter" Name="FilePath">c:\Integration\hospital</Setting>
    <Setting Target="Adapter" Name="Overwrite">0</Setting>
    <Setting Target="Adapter" Name="Charset">Default</Setting>
    <Setting Target="Adapter" Name="OpenTimeout">5</Setting>
  </Item>
  <Item Name="Hospital.GetPatientInfoProcess" Category="Insurance" ClassName="Hospital.GetPatientInfoProcess" PoolSize="0" Enabled="true" Foreground="false" DisableErrorTraps="false" InactivityTimeout="0" Comment="" LogTraceEvents="false" Schedule="">
  </Item>
  <Item Name="Hospital.PermissionToOperateProcess" Category="Insurance" ClassName="Hospital.PermissionToOperateProcess" PoolSize="0" Enabled="true" Foreground="false" DisableErrorTraps="false" InactivityTimeout="0" Comment="" LogTraceEvents="false" Schedule="">
  </Item>
  <Item Name="Hospital.CSPService" Category="Insurance" ClassName="Hospital.CSPService" PoolSize="0" Enabled="true" Foreground="false" DisableErrorTraps="false" InactivityTimeout="0" Comment="" LogTraceEvents="false" Schedule="">
  </Item>
  <Item Name="Hospital.OperationFileService" Category="Insurance" ClassName="Hospital.OperationFileService" PoolSize="1" Enabled="true" Foreground="false" DisableErrorTraps="false" InactivityTimeout="0" Comment="" LogTraceEvents="false" Schedule="">
    <Setting Target="Host" Name="AlertGracePeriod">0</Setting>
    <Setting Target="Host" Name="AlertOnError">0</Setting>
    <Setting Target="Host" Name="ArchiveIO">0</Setting>
    <Setting Target="Adapter" Name="FilePath">c:\Integration\hospital</Setting>
    <Setting Target="Adapter" Name="FileSpec">Hospital.txt</Setting>
    <Setting Target="Adapter" Name="ArchivePath"></Setting>
    <Setting Target="Adapter" Name="WorkPath"></Setting>
    <Setting Target="Adapter" Name="Charset">Default</Setting>
    <Setting Target="Adapter" Name="FileAccessTimeout">10</Setting>
    <Setting Target="Adapter" Name="AppendTimestamp">0</Setting>
    <Setting Target="Adapter" Name="CallInterval">5</Setting>
  </Item>
  <Item Name="Hospital.PatientDatabaseOperation" Category="Insurance" ClassName="Hospital.PatientDatabaseOperation" PoolSize="1" Enabled="true" Foreground="false" DisableErrorTraps="false" InactivityTimeout="0" Comment="" LogTraceEvents="false" Schedule="">
    <Setting Target="Host" Name="AlertRetryGracePeriod">0</Setting>
    <Setting Target="Host" Name="RetryInterval">5</Setting>
    <Setting Target="Host" Name="FailureTimeout">15</Setting>
    <Setting Target="Host" Name="AlertOnError">0</Setting>
    <Setting Target="Host" Name="ArchiveIO">0</Setting>
    <Setting Target="Adapter" Name="DSN">PatientData</Setting>
    <Setting Target="Adapter" Name="Credentials"></Setting>
    <Setting Target="Adapter" Name="StayConnected">-1</Setting>
    <Setting Target="Adapter" Name="ConnectTimeout">5</Setting>
  </Item>
  <Item Name="Hospital.MakeFileOperation" Category="Insurance" ClassName="Hospital.MakeFileOperation" PoolSize="1" Enabled="true" Foreground="false" DisableErrorTraps="false" InactivityTimeout="0" Comment="" LogTraceEvents="false" Schedule="">
    <Setting Target="Host" Name="AlertRetryGracePeriod">0</Setting>
    <Setting Target="Host" Name="RetryInterval">5</Setting>
    <Setting Target="Host" Name="FailureTimeout">15</Setting>
    <Setting Target="Host" Name="AlertOnError">0</Setting>
    <Setting Target="Host" Name="ArchiveIO">0</Setting>
    <Setting Target="Adapter" Name="FilePath">c:\Integration\hospital</Setting>
    <Setting Target="Adapter" Name="Overwrite">0</Setting>
    <Setting Target="Adapter" Name="Charset">Default</Setting>
    <Setting Target="Adapter" Name="OpenTimeout">5</Setting>
  </Item>
  <Item Name="Hospital.GetPatientInfoProcess" Category="Insurance" ClassName="Hospital.GetPatientInfoProcess" PoolSize="0" Enabled="true" Foreground="false" DisableErrorTraps="false" InactivityTimeout="0" Comment="" LogTraceEvents="false" Schedule="">
  </Item>
  <Item Name="Hospital.PermissionToOperateProcess" Category="Insurance" ClassName="Hospital.PermissionToOperateProcess" PoolSize="0" Enabled="true" Foreground="false" DisableErrorTraps="false" InactivityTimeout="0" Comment="" LogTraceEvents="false" Schedule="">
  </Item>
  <Item Name="Hospital.CSPService" Category="Insurance" ClassName="Hospital.CSPService" PoolSize="0" Enabled="true" Foreground="false" DisableErrorTraps="false" InactivityTimeout="0" Comment="" LogTraceEvents="false" Schedule="">
  </Item>
  <Item Name="Hospital.OperationFileService" Category="Insurance" ClassName="Hospital.OperationFileService" PoolSize="1" Enabled="true" Foreground="false" DisableErrorTraps="false" InactivityTimeout="0" Comment="" LogTraceEvents="false" Schedule="">
    <Setting Target="Host" Name="AlertGracePeriod">0</Setting>
    <Setting Target="Host" Name="AlertOnError">0</Setting>
    <Setting Target="Host" Name="ArchiveIO">0</Setting>
    <Setting Target="Adapter" Name="FilePath">c:\Integration\hospital</Setting>
    <Setting Target="Adapter" Name="FileSpec">Hospital.txt</Setting>
    <Setting Target="Adapter" Name="ArchivePath"></Setting>
    <Setting Target="Adapter" Name="WorkPath"></Setting>
    <Setting Target="Adapter" Name="Charset">Default</Setting>
    <Setting Target="Adapter" Name="FileAccessTimeout">10</Setting>
    <Setting Target="Adapter" Name="AppendTimestamp">0</Setting>
    <Setting Target="Adapter" Name="CallInterval">5</Setting>
  </Item>
  <Item Name="To_Pharmacy" Category="HL7" ClassName="EnsLib.HL7.Operation.FileOperation" PoolSize="1" Enabled="true" Foreground="false" Comment="Sends messages to the Pharmacy application." LogTraceEvents="false" Schedule="">
    <Setting Target="Adapter" Name="FilePath">c:\Integration\HL7\Out</Setting>
    <Setting Target="Host" Name="Filename">Pharmacy.txt</Setting>
  </Item>
  <Item Name="From_ER" Category="HL7" ClassName="EnsLib.HL7.Service.FileService" PoolSize="1" Enabled="true" Foreground="false" Comment="Accepts messages from a file that has been sent by the ER application." LogTraceEvents="false" Schedule="">
    <Setting Target="Host" Name="MessageSchemaCategory">2.3.1</Setting>
    <Setting Target="Host" Name="TargetConfigNames">To_Pharmacy</Setting>
    <Setting Target="Adapter" Name="FilePath">c:\Integration\HL7\In</Setting>
    <Setting Target="Adapter" Name="ArchivePath"></Setting>
    <Setting Target="Adapter" Name="FileSpec">*.txt</Setting>
  </Item>
  <Item Name="To_TCP" Category="" ClassName="EnsLib.HL7.Operation.TCPOperation" PoolSize="1" Enabled="true" Foreground="false" Comment="" LogTraceEvents="false" Schedule="">
    <Setting Target="Adapter" Name="IPAddress">127.0.0.1</Setting>
    <Setting Target="Adapter" Name="Port">1234</Setting>
  </Item>
  <Item Name="From_File" Category="" ClassName="EnsLib.HL7.Service.FileService" PoolSize="1" Enabled="true" Foreground="false" Comment="" LogTraceEvents="false" Schedule="">
    <Setting Target="Host" Name="MessageSchemaCategory"></Setting>
    <Setting Target="Host" Name="TargetConfigNames">To_TCP</Setting>
    <Setting Target="Adapter" Name="FilePath">c:\Integration\HL7</Setting>
    <Setting Target="Adapter" Name="ArchivePath"></Setting>
    <Setting Target="Adapter" Name="FileSpec">*.txt</Setting>
  </Item>

</Production>
]]></Data>
</XData>
</Class>
</Export>
