<?xml version="1.0" encoding="UTF-8"?> <Export generator="Cache" version="25" zv="Cache for Windows (x86-32) 2012.1 (Build 504U)" ts="2011-10-27 16:23:18"> <Class name="Scan.ScanEmailProduction"> <ClassType/> <ProcedureBlock>1</ProcedureBlock> <Super>Ens.Production</Super> <TimeChanged>62391,58776.205093</TimeChanged> <TimeCreated>62391,53061</TimeCreated>  <XData name="ProductionDefinition"> <Data><![CDATA[ <Production Name="Scan.ScanEmailProduction" TestingEnabled="true" LogGeneralTraceEvents="false">   <Description></Description>   <ActorPoolSize>2</ActorPoolSize>   <Item Name="Scan.MakeFileOperation" Category="" ClassName="Scan.MakeFileOperation" PoolSize="1" Enabled="true" Foreground="false" DisableErrorTraps="false" Comment="" LogTraceEvents="false" Schedule="">     <Setting Target="Host" Name="InactivityTimeout">0</Setting>     <Setting Target="Host" Name="RetryInterval">5</Setting>     <Setting Target="Host" Name="FailureTimeout">15</Setting>     <Setting Target="Adapter" Name="FilePath">c:\Integration\scan</Setting>     <Setting Target="Adapter" Name="Overwrite">0</Setting>     <Setting Target="Adapter" Name="Charset">Default</Setting>     <Setting Target="Adapter" Name="OpenTimeout">5</Setting>   </Item>   <Item Name="Scan.GetEmployeeDetails" Category="" ClassName="Scan.GetEmployeeDetails" PoolSize="1" Enabled="true" Foreground="false" DisableErrorTraps="false" Comment="" LogTraceEvents="false" Schedule="">     <Setting Target="Host" Name="InactivityTimeout">0</Setting>     <Setting Target="Host" Name="RetryInterval">5</Setting>     <Setting Target="Host" Name="FailureTimeout">15</Setting>     <Setting Target="Adapter" Name="DSN">Access</Setting>     <Setting Target="Adapter" Name="StayConnected">-1</Setting>     <Setting Target="Adapter" Name="ConnectTimeout">5</Setting>   </Item>   <Item Name="Scan.AddToAddressFile" Category="" ClassName="Scan.AddToAddressFile" PoolSize="1" Enabled="true" Foreground="false" DisableErrorTraps="false" Comment="" LogTraceEvents="false" Schedule="">     <Setting Target="Host" Name="InactivityTimeout">0</Setting>   </Item>   <Item Name="Scan.GetEmployeeInfo" Category="" ClassName="Scan.GetEmployeeInfo" PoolSize="1" Enabled="true" Foreground="false" DisableErrorTraps="false" Comment="" LogTraceEvents="false" Schedule="">     <Setting Target="Host" Name="InactivityTimeout">0</Setting>   </Item>   <Item Name="Scan.ScanCSPRequestService" Category="" ClassName="Scan.ScanCSPRequestService" PoolSize="0" Enabled="true" Foreground="false" DisableErrorTraps="false" Comment="" LogTraceEvents="false" Schedule="">     <Setting Target="Host" Name="InactivityTimeout">0</Setting>   </Item>   <Item Name="Scan.ScanFileService" Category="" ClassName="Scan.ScanFileService" PoolSize="1" Enabled="true" Foreground="false" Comment="" LogTraceEvents="false" Schedule="">     <Setting Target="Host" Name="InactivityTimeout">0</Setting>     <Setting Target="Adapter" Name="FilePath">c:\Integration\Scan</Setting>     <Setting Target="Adapter" Name="FileSpec">Email.txt</Setting>   </Item>   <Item Name="Scan.DetermineBlackList" Category="" ClassName="Scan.DetermineBlackList" PoolSize="0" Enabled="true" Foreground="false" Comment="" LogTraceEvents="false" Schedule="">   </Item>   <Item Name="Scan.DetermineBlackListBusRule" Category="" ClassName="Scan.DetermineBlackListBusRule" PoolSize="0" Enabled="true" Foreground="false" Comment="" LogTraceEvents="false" Schedule="">   </Item> </Production> ]]></Data> </XData> </Class> </Export> 