<?xml version="1.0" encoding="UTF-8"?>
<Export generator="Cache" version="21">
<Class name="Demo.HL7v3.Message">
<ClassType>persistent</ClassType>
<ProcedureBlock>1</ProcedureBlock>
<Super>%Persistent,%XML.Adaptor</Super>
<TimeCreated>60278,62850.084093</TimeCreated>

<Property name="Content">
<Type>%GlobalCharacterStream</Type>
</Property>

<Property name="Name">
<Type>%String</Type>
</Property>

<Property name="DocType">
<Type>%String</Type>
</Property>

<Property name="Source">
<Type>%String</Type>
<Parameter name="MAXLEN" value="250"/>
<Parameter name="TRUNCATE" value="1"/>
</Property>

<Storage name="Default">
<Type>%Library.CacheStorage</Type>
<DataLocation>^Demo.HL7v3.MessageD</DataLocation>
<DefaultData>MessageDefaultData</DefaultData>
<IdLocation>^Demo.HL7v3.MessageD</IdLocation>
<IndexLocation>^Demo.HL7v3.MessageI</IndexLocation>
<StreamLocation>^Demo.HL7v3.MessageS</StreamLocation>
<Data name="MessageDefaultData">
<Structure>listnode</Structure>
<Subscript/>
<Value name="1">
<Value>%%CLASSNAME</Value>
</Value>
<Value name="2">
<Value>Content</Value>
</Value>
<Value name="3">
<Value>DocType</Value>
</Value>
<Value name="4">
<Value>Name</Value>
</Value>
<Value name="5">
<Value>Source</Value>
</Value>
</Data>
</Storage>
</Class>
</Export>
