<?xml version="1.0" encoding="UTF-8"?>
<Export generator="Cache" version="25" zv="Cache for UNIX (Apple Mac OS X for x86-64) 2014.1 (Build 608U)" ts="2014-05-12 16:51:37">
<Class name="FCE.Operations.Branch">
<Description>
Facade for branch operations</Description>
<IncludeCode>%occStatus,%occConstant</IncludeCode>
<TimeChanged>63319,60354.060672</TimeChanged>
<TimeCreated>60288,82963.622576</TimeCreated>

<Parameter name="FEERATE">
<Default>.025</Default>
</Parameter>

<Method name="GetAmountOutAndFee">
<Description>
Perform calculations for a request</Description>
<ClassMethod>1</ClassMethod>
<FormalSpec>amountIn:%Numeric,exchangeRate:%Decimal,*fee:%Numeric,*amountOut:%Numeric</FormalSpec>
<ReturnType>%Status</ReturnType>
<SqlProc>1</SqlProc>
<Implementation><![CDATA[
	set fee = amountIn * ..#FEERATE
	set amountOut = (amountIn - fee) * exchangeRate
	return $$$OK
]]></Implementation>
</Method>

<Method name="ProcessOrder">
<Description>
Process an order, with a payment (optionally made from an account)
1. Link objects
2. Prepare for transaction
3. Tstart, process payment, Tcommit
4. Report errors, set error status</Description>
<ClassMethod>1</ClassMethod>
<FormalSpec><![CDATA[order:FCE.CurrencyOrder,payment:FCE.Payment,account:FCE.AccountHolder="",&message:%String]]></FormalSpec>
<ReturnType>%Status</ReturnType>
<Implementation><![CDATA[
	if $IsObject(account) { set order.AccountHolder = account }
	
	set UTCTimeStamp = $system.SYS.TimeStamp()
	set order.DateStamp = $p(UTCTimeStamp, ",", 1)
	set order.TimeStamp = $p(UTCTimeStamp, ",", 2)
	set status = $$$OK, message = "" // initialize
	

	// check that account has valid and sufficient currency
	if $IsObject(account) &&
	       ( (account.Currency '= order.CurrencyIn) ||
	         (account.Balance < order.AmountIn) ) {
		set order.Status = "Rejected"
	}
	else {
		tstart // start a nested transaction
		set status = payment.Process(order, .message)

		if $$$ISERR(status)
		{
			set order.Status = "Problem"
			trollback 1
		}
		else {
			set order.Payment = payment
			set order.Status = "Completed"
			tcommit
		}
	}
	set orderSaved = order.%Save()
	set finalStatus = $$$ADDSC(status, orderSaved)
	if ($$$ISERR(finalStatus)) {return finalStatus}
	else {
		do ..SendConfirmation(order)
		return $$$OK
	}
]]></Implementation>
</Method>

<Method name="SendConfirmation">
<Description>
Send email confirmation for processed order</Description>
<ClassMethod>1</ClassMethod>
<FormalSpec>order:FCE.CurrencyOrder</FormalSpec>
<ReturnType>%Status</ReturnType>
<Implementation><![CDATA[
	//disabled for now; comment following line to enable
	return 1
	// define an smtp server
	#dim mailServer as %Net.SMTP
	set mailServer = ##class(%Net.SMTP).%New()
	set mailServer.smtpserver = "localhost" ; use MailSlurper in ReadyTech VM by default
	set mailServer.timezone = "-0500"  ; your timezone
	// define a message
	#dim message as %Net.MailMessage
	set message = ##class(%Net.MailMessage).%New()
	set message.Subject = "Confirmation of " _ order.Status _ " currency exchange"
	set message.From = "auto-confirm@fcxbank.com"
	do message.To.Insert(order.RequestorEmail)
	// add text
	set line(1) = "Hello " _ order.Requestor
	set line(2) = $$$NL _ $$$NL _ "Your exchange of " _ order.AmountIn _ " " _ order.CurrencyIn
	set line(3) = $$$NL _ $justify("for ",17) _ order.AmountOut _ " " _ order.CurrencyOut
	set line(4) = $$$NL _ "has been " _ order.Status _ "."
	for i=1:1:4 {
		do message.TextData.Write(line(i))
	}
	// send the email
	set status = mailServer.Send(message)
	return status
]]></Implementation>
</Method>
</Class>
</Export>
