﻿<?xml version="1.0" encoding="UTF-8"?>
<Export generator="Cache" version="25" zv="Cache for UNIX (Apple Mac OS X for x86-64) 2017.1.1 (Build 111U)" ts="2017-08-14 17:43:50">
<Class name="FCE.Currency">
<Description>
Currency exchange rates and images, and other utilities</Description>
<Super>%Persistent</Super>
<TimeChanged>64509,63271.834246</TimeChanged>
<TimeCreated>64258,39252.932281</TimeCreated>
<DependsOn>FCE.CurrencyName</DependsOn>

<Parameter name="ABBREVIATIONS">
<Description>
currency abbreviations, computed at COMPILE time (therefore requires DependsOn above)</Description>
<Expression>##class(FCE.CurrencyName).#VALUELIST</Expression>
</Parameter>

<Parameter name="ACCESSKEY">
<Description>
access key for apilayer.net, for InterSystems training use ONLY!</Description>
<Default></Default>
</Parameter>

<Parameter name="DEFAULTRATES">
<Description>
default rates in case call to apilayer.net fails</Description>
<Default>{"USDEUR":1,"USDINR":65,"USDGBP":1,"USDJPY":110,"USDMXN":20,"USDZAR":15,"USDBRL":3,"USDCAD":1,"USDCHF":1}</Default>
</Parameter>

<Property name="Currency">
<Description>
Currency is an alternate key</Description>
<Type>FCE.CurrencyName</Type>
<Required>1</Required>
</Property>

<Index name="CurrencyIndex">
<Properties>Currency</Properties>
<Unique>1</Unique>
</Index>

<Property name="USDExchangeRate">
<Description>
1 USD in each currency</Description>
<Type>%Decimal</Type>
<Parameter name="MINVAL" value=".001"/>
<Parameter name="SCALE" value="3"/>
</Property>

<Property name="Image">
<Type>%Stream.GlobalBinary</Type>
</Property>

<Method name="ConvertCurrenciestoListString">
<Description>
%List returntype is a $list string</Description>
<ClassMethod>1</ClassMethod>
<FormalSpec>valuelist:%String</FormalSpec>
<ReturnType>%List</ReturnType>
<Implementation><![CDATA[
	set delim = $extract(valuelist, 1)
	set currencies = $extract(valuelist, 2, *)
	set currencies = $listfromstring(currencies, delim)
	return currencies
]]></Implementation>
</Method>

<Method name="ComputeRate">
<Description>
compute exchange rate between two currencies based on the USD rate</Description>
<ClassMethod>1</ClassMethod>
<FormalSpec>currencyIn:FCE.CurrencyName,currencyOut:FCE.CurrencyName</FormalSpec>
<ReturnType>%Decimal</ReturnType>
<SqlProc>1</SqlProc>
<ReturnTypeParams>SCALE=3</ReturnTypeParams>
<Implementation><![CDATA[
	// get the exchange rate between USD and currencyIn
	&sql(SELECT USDExchangeRate INTO :inRate
	     FROM FCE.Currency
	     WHERE Currency = :currencyIn)
	set sqlcode1 = SQLCODE

	// get the exchange rate between USD and currencyOut
	&sql(SELECT USDExchangeRate INTO :outRate
	     FROM FCE.Currency
	     WHERE Currency = :currencyOut)
	set sqlcode2 = SQLCODE

	if (sqlcode1 = 0) && (sqlcode2 = 0) {
		// compute the exchange rate between currencyIn and currencyOut
		return (outRate / inRate)
	}
	else {
		write !, "Error code(s): ", sqlcode1, " ", sqlcode2
		return 0
	}
]]></Implementation>
</Method>

<Method name="ImportImages">
<Description><![CDATA[
Load images from a directory; should only need to run once
Note: filenames MUST correspond to VALUELIST from FCE.CurrencyName class</Description>]]></Description>
<ClassMethod>1</ClassMethod>
<FormalSpec>directory:%String</FormalSpec>
<Implementation><![CDATA[
	set currencies = ..ConvertCurrenciestoListString(..#ABBREVIATIONS)
	
	for image = 1: 1 : $listlength(currencies)
	{
		set currencyName = $list(currencies, image)
		#dim currency as FCE.Currency
		set currency = ##class(FCE.Currency).CurrencyIndexOpen(currencyName)
	
		#dim file as %Stream.FileBinary
		set file = ##class(%Stream.FileBinary).%New()
		set file.Filename = directory _ currencyName _ ".jpg"
		
		// does file exist?
		if (file.Size = 0) {
			write !, "Couldn't import ", file.Filename, !
			do $system.Status.DisplayError(%objlasterror)
			continue
		}
		
		do currency.Image.CopyFrom(file)
		set status = currency.%Save()
		do $system.Status.DisplayError(status)
		write !, currencyName, " imported"
		
		set file = ""
		set currency = ""
	}
]]></Implementation>
</Method>

<Storage name="Default">
<Type>%Library.CacheStorage</Type>
<DataLocation>^FCE.CurrencyD</DataLocation>
<DefaultData>CurrencyDefaultData</DefaultData>
<IdLocation>^FCE.CurrencyD</IdLocation>
<IndexLocation>^FCE.CurrencyI</IndexLocation>
<StreamLocation>^FCE.CurrencyS</StreamLocation>
<Data name="CurrencyDefaultData">
<Value name="1">
<Value>%%CLASSNAME</Value>
</Value>
<Value name="2">
<Value>Currency</Value>
</Value>
<Value name="3">
<Value>USDExchangeRate</Value>
</Value>
<Value name="4">
<Value>Image</Value>
</Value>
</Data>
</Storage>
</Class>


<Class name="FCE.Pages.CurrencyImage">
<Description>
page that displays national flags for each currency</Description>
<Super>%ZEN.Component.page</Super>
<TimeChanged>64426,54304.056631</TimeChanged>
<TimeCreated>64258,39253.379382</TimeCreated>

<Parameter name="APPLICATION">
<Description>
Class name of application this page belongs to.</Description>
</Parameter>

<Parameter name="PAGENAME">
<Description>
Displayed name of this page.</Description>
<Default>CurrencyImage</Default>
</Parameter>

<Parameter name="DOMAIN">
<Description>
Domain used for localization.</Description>
</Parameter>

<Property name="Current">
<Description>
Name of currently visible image</Description>
<Type>%String</Type>
</Property>

<XData name="Style">
<Description>
This Style block contains page-specific CSS style definitions.</Description>
<Data><![CDATA[
<style type="text/css">
/* style for title bar */
#title {
	background: #C5D6D6;
	color: black;
	font-family: Verdana;
	font-size: 1.5em;
	font-weight: bold;
	padding: 5px;
	border-bottom: 1px solid black;
	text-align: center;
}
</style>
]]></Data>
</XData>

<XData name="Contents">
<Description>
This XML block defines the contents of this page.</Description>
<XMLNamespace>http://www.intersystems.com/zen</XMLNamespace>
<Data><![CDATA[
<page id="page" xmlns="http://www.intersystems.com/zen" title="FCE Currency Images">
<label id="title" value="FCE Currency Images (National Flags)"/>
<dataCombo id="cmbCurrencies" label="Choose a currency" sql="select ID, currency from fce.currency order by currency"
           onchange="zenPage.showImage();"/>
<spacer height="40px"/>

</page>
]]></Data>
</XData>

<Method name="showImage">
<Language>javascript</Language>
<ClientMethod>1</ClientMethod>
<Implementation><![CDATA[
	imagelist = ["USD", "EUR", "INR", "GBP", "JPY",
	             "MXN", "ZAR", "BRL", "CAD", "CHF"];

	if (zenPage.Current != "") {
		zenSetProp(zenPage.Current,"hidden",true);
	}
	
	index = zenThis.getValue() - 1;
	component = "img".concat(imagelist[index]);
	zenSetProp(component,"hidden",false);
	zenPage.Current = component;
]]></Implementation>
</Method>

<Method name="%OnAfterCreatePage">
<Description>
Load ALL images ahead of time; add hidden component for each image</Description>
<ReturnType>%Status</ReturnType>
<Implementation><![CDATA[
	#dim %page as %ZEN.Component.page
	set abbreviations = ##class(FCE.CurrencyName).#VALUELIST
	set currencies = ##class(FCE.Currency).ConvertCurrenciestoListString(abbreviations)
	for i=1:1:$listlength(currencies) {
		set componentID = "img" _ $list(currencies, i)
		set img = ##class(%ZEN.Component.image).%New()
		set img.id = componentID, img.hidden = 1
		do %page.%AddChild(img)
		set currencyImage = ##class(FCE.Currency).%OpenId(i).Image
		set oid = currencyImage.%Oid()
		set img.streamId = oid
	}	
	return $$$OK
]]></Implementation>
</Method>
</Class>
</Export>
