<?xml version="1.0" encoding="UTF-8"?>
<Export generator="Cache" version="24" zv="Cache for UNIX (Apple Mac OS X for x86-64) 2010.2.1 (Build 503U)" ts="2011-02-04 14:45:13">
<Class name="FCE.CurrencyOrder">
<Description>
An order for currency.</Description>
<Super>%Persistent,%Populate,%XML.Adaptor</Super>
<TimeChanged>62126,53076.636204</TimeChanged>
<TimeCreated>60287,60303.553345</TimeCreated>

<Parameter name="USEEXTENTSET">
<Description>
Generate more performant globals</Description>
<Default>1</Default>
</Parameter>

<Parameter name="FEERATE">
<Default>.025</Default>
</Parameter>

<Property name="ATM">
</Property>

<Property name="Requestor">
<Description>
name of requestor</Description>
</Property>

<Property name="RequestorEmail">
</Property>

<Property name="AmountOut">
</Property>

<Property name="CurrencyOut">
</Property>

<Property name="AmountIn">
</Property>

<Property name="CurrencyIn">
</Property>

<Property name="ExchangeRate">
</Property>

<Property name="Fee">
</Property>

<Property name="DateStamp">
</Property>

<Property name="TimeStamp">
</Property>

<Property name="Satisfaction">
<Description>
Satisfaction with the service on this order</Description>
</Property>

<Property name="Status">
<Description><![CDATA[
Requested: initial request<br>
Pending:   only if awaiting approval<br>
Rejected:  not approved by bank<br>
Paid:      currency received by ATM, outgoing currency to be picked up<br>
Completed: outgoing currency paid to customer<br>
Problem:   problem in system<br>
Canceled:  canceled by customer<br>]]></Description>
</Property>

<Method name="%OnNew">
<Description>
custom constructor</Description>
<FormalSpec>branch:FCE.Branch="",requestor:%String="",requestorEmail:%String="",currencyOut:FCE.CurrencyName="",currencyIn:FCE.CurrencyName="",amountIn:%Numeric=0,*valid:%Status</FormalSpec>
<Private>1</Private>
<ReturnType>%Status</ReturnType>
<Implementation><![CDATA[
	set ..Requestor = requestor
	set ..RequestorEmail = requestorEmail
	set ..CurrencyOut = currencyOut
	set ..CurrencyIn = currencyIn
	set ..Branch = branch
	set ..AmountIn = amountIn
	set ..Fee = amountIn * ..#FEERATE		

	// compute AmountOut		
	if (amountIn '= 0) {
		set ..ExchangeRate = ##class(FCE.Currency).ComputeRate(currencyOut, currencyIn)
		set ..AmountOut = (amountIn - ..Fee) * ..ExchangeRate
	}
	// check available stock
	if $isobject(branch) {
		set stockAmountOut = branch.CurrencyBalances.GetAt(currencyOut)
		if (..AmountOut > stockAmountOut) {
			set custom = "Not enough stock in branch for " _ currencyOut
			set valid = $$$ERROR($$$GeneralError, custom)			
		}
	}
	return $$$OK
]]></Implementation>
</Method>

<Method name="OnPopulate">
<ReturnType>%Status</ReturnType>
<Implementation><![CDATA[
	// link this order to one of its Branch's ATMs (if the Branch has any)
	// otherwise, this CurrencyOrder happened at the Branch itself (no ATM)
	set ATMs = ..Branch.ATMs
	set count = ATMs.Count()
	if (count > 0) {
		set rand = $random(count) + 1
		set serialNumber = ATMs.GetAt(rand)
		set ..ATM = serialNumber
	}
	else {
		set ..ATM = ""
	}
	// 70% of CurrencyOrders are Status = Completed
	if ($random(10) > 2) {
		set ..Status = "Completed"
	}
	else {
		set ..Status = ##class(%PopulateUtils).ValueList("-Requested-Pending-Rejected-Paid-Problem-Canceled")
	}
	// make sure CurrencyIn and CurrencyOut are different
	while (..CurrencyIn = ..CurrencyOut) {
		set ..CurrencyOut = ##class(FCE.Tests.Utilities).Currency()
	}
	// set fee
	set ..Fee = ..AmountIn * ..#FEERATE
	// get exchange rate
	set rate = ##class(FCE.Currency).ComputeRate(..CurrencyIn, ..CurrencyOut)
	set ..ExchangeRate = rate
	// set correct AmountOut
	set ..AmountOut = (..AmountIn - ..Fee) * rate
	return $$$OK
]]></Implementation>
</Method>

</Class>
</Export>
