<?xml version="1.0" encoding="UTF-8"?>
<Export generator="Cache" version="25" zv="Cache for UNIX (Apple Mac OS X for x86-64) 2013.1.2 (Build 601)" ts="2013-11-22 14:46:16">
<Class name="FCE.Tests.PaymentTests">
<Description>
Tests for all Payments</Description>
<Super>FCE.Tests.TestCase</Super>
<TimeChanged>63148,53143.765713</TimeChanged>
<TimeCreated>60324,10471.164447</TimeCreated>

<Property name="Order">
<Description>
OREF of an order that all the tests use</Description>
<Type>FCE.CurrencyOrder</Type>
</Property>

<Method name="OnAfterAllTests">
<ReturnType>%Status</ReturnType>
<Implementation><![CDATA[
	set orderID = ..Order.%Id()
	&sql(DELETE FROM FCE.CurrencyOrder WHERE ID = :orderID)
	&sql(DELETE FROM FCE.AccountHolder WHERE Name = 'Smith,John')
	&sql(DELETE FROM FCE.Branch WHERE Phone = '999-999-0000')
	set ..Order = ""
	return $$$OK
]]></Implementation>
</Method>

<Method name="OnBeforeAllTests">
<ReturnType>%Status</ReturnType>
<Implementation><![CDATA[
	// create branch
	#dim branch as FCE.Branch
	set branch = ##class(FCE.Branch).%New()
	set phone = "999-999-0000", branch.Phone = phone
	set status = branch.%Save()

	#dim order as FCE.CurrencyOrder
	set order = ##class(FCE.Tests.Utilities).CreateOrder()
	set order.Branch = branch
	set status = order.%Save()
	set ..Order = order
	return $$$OK
]]></Implementation>
</Method>

<Method name="OnBeforeOneTest">
<ReturnType>%Status</ReturnType>
<Implementation><![CDATA[
	do ..Order.CurrencyBalances.SetAt(250, "EUR") // reset
	return $$$OK
]]></Implementation>
</Method>

<Method name="TestCashPayment">
<Description>
Basic tests for FCE.Cash</Description>
<Implementation><![CDATA[
	set order = ..Order
	#dim cashPayment as FCE.Cash
	set cashPayment = ##class(FCE.Cash).%New()
	do $$$AssertTrue($isobject(cashPayment), "Create new cash payment")
	set order.Payment = cashPayment 
	set status = cashPayment.Process(order, .cashPaymentMessage)
	do $$$AssertNotEquals(cashPayment.%Id(), "", "New cash payment saved by Process() method")
	do $$$AssertNotEquals(cashPaymentMessage, "", "Message Generated: """ _ cashPaymentMessage _ """")
	set status = order.%Save()
	do $$$AssertStatusOK(status, "Order saved")
	set status = ##class(FCE.Cash).%DeleteId(cashPayment.%Id())
	do $$$AssertStatusNotOK(status, "Foreign key constraint prevents cash payment deletion")
	set order.Payment = ""
	set status = order.%Save()
	do $$$AssertStatusOK(status, "Payment removed from order")
	set status = ##class(FCE.Cash).%DeleteId(cashPayment.%Id())
	do $$$AssertStatusOK(status, "New cash payment deleted")
]]></Implementation>
</Method>

<Method name="TestCCPayment">
<Description>
Basic tests for FCE.CreditCard</Description>
<Implementation><![CDATA[
	set order = ..Order
	#dim CCPayment as FCE.CreditCard
	set CCPayment = ##class(FCE.CreditCard).%New()
	do $$$AssertTrue($isobject(CCPayment), "Create new credit card payment")
	set CCPayment.Type = "XYZ"
	set status = CCPayment.%ValidateObject()
	do $$$AssertStatusNotOK(status, "Type must be Visa,MC,etc.")
	set CCPayment.Type = "Visa"
	set CCPayment.Number = "1234"
	set status = CCPayment.%ValidateObject()
	do $$$AssertStatusNotOK(status, "Number must match pattern")
	set CCPayment.Number = "1234-1234-1234-1234"
	set status = CCPayment.%ValidateObject()
	do $$$AssertStatusOK(status, "New credit card payment valid")
	set order.Payment = CCPayment
	set status = CCPayment.Process(order, .CCPaymentMessage)
	do $$$AssertNotEquals(CCPayment.%Id(), "", "New credit card payment saved by Process() method")
	do $$$AssertNotEquals(CCPaymentMessage, "", "Message Generated: """ _ CCPaymentMessage _ """")
	set status = order.%Save()
	do $$$AssertStatusOK(status, "Order saved")
	set status = ##class(FCE.CreditCard).%DeleteId(CCPayment.%Id())
	do $$$AssertStatusNotOK(status, "Foreign key constraint prevents credit card payment deletion")
	set order.Payment = ""
	set status = order.%Save()
	do $$$AssertStatusOK(status, "Payment removed from order")
	set status = ##class(FCE.CreditCard).%DeleteId(CCPayment.%Id())
	do $$$AssertStatusOK(status, "New credit card payment deleted")
]]></Implementation>
</Method>

<Method name="TestAccountPayment">
<Description>
Basic tests for FCE.AccountPayment</Description>
<Implementation><![CDATA[
	set order = ..Order
	#dim accountPayment as FCE.AccountPayment
	set accountPayment = ##class(FCE.AccountPayment).%New()
	do $$$AssertTrue($isobject(accountPayment), "Create new account payment")
	set order.Payment =  accountPayment
	#dim accountHolder as FCE.AccountHolder	
	set accountHolder = ##class(FCE.Tests.Utilities).CreateAccount()
	set order.AccountHolder = accountHolder
	set status = accountPayment.Process(order, .accountPaymentMessage)
	do $$$AssertNotEquals(accountPayment.%Id(), "", "New account payment saved by Process() method")
	do $$$AssertNotEquals(accountPaymentMessage, "", "Message Generated: """ _ accountPaymentMessage _ """")
	set status = order.%Save()
	do $$$AssertStatusOK(status, "Order saved")
	set status = ##class(FCE.AccountPayment).%DeleteId(accountPayment.%Id())
	do $$$AssertStatusNotOK(status, "Foreign key constraint prevents account payment deletion")
	set order.Payment = ""
	set status = order.%Save()
	do $$$AssertStatusOK(status, "Payment removed from order")
	set status = ##class(FCE.AccountPayment).%DeleteId(accountPayment.%Id())
	do $$$AssertStatusOK(status, "New account payment deleted")
]]></Implementation>
</Method>
</Class>
</Export>
