<?xml version="1.0" encoding="UTF-8"?>
<Export generator="Cache" version="24" zv="Cache for Windows (x86-32) 2010.1 (Build 400)" ts="2010-02-01 15:40:19">
<Class name="FCE.AccountHolder">
<Description>
Customer with accounts</Description>
<ClassType>persistent</ClassType>
<Super>FCE.PersistentPerson</Super>
<TimeChanged>61758,44078.883177</TimeChanged>
<TimeCreated>60292,58174.659392</TimeCreated>

<Property name="Balance">
<Description>
Current account balance</Description>
<Type>%Numeric</Type>
<Parameter name="MINVAL" value="0"/>
</Property>

<Property name="Currency">
<Description>
Type of currency that this account holds</Description>
<Type>FCE.CurrencyName</Type>
<Required>1</Required>
</Property>

<Method name="Update">
<Description>
Debit account balance and save account</Description>
<FormalSpec>paymentAmount:%Numeric</FormalSpec>
<ReturnType>%Status</ReturnType>
<Implementation><![CDATA[
	set ..Balance = ..Balance - paymentAmount
	return $$$OK
]]></Implementation>
</Method>

<Storage name="Default">
<Type>%Library.CacheStorage</Type>
<DataLocation>^FCE.AccountHolderD</DataLocation>
<DefaultData>AccountHolderDefaultData</DefaultData>
<IdLocation>^FCE.AccountHolderD</IdLocation>
<IndexLocation>^FCE.AccountHolderI</IndexLocation>
<StreamLocation>^FCE.AccountHolderS</StreamLocation>
<Data name="AccountHolderDefaultData">
<Structure>listnode</Structure>
<Subscript/>
<Value name="1">
<Value>%%CLASSNAME</Value>
</Value>
<Value name="2">
<Value>Balance</Value>
</Value>
<Value name="3">
<Value>Currency</Value>
</Value>
<Value name="4">
<Value>Email</Value>
</Value>
<Value name="5">
<Value>DOB</Value>
</Value>
<Value name="6">
<Value>Home</Value>
</Value>
<Value name="7">
<Value>Work</Value>
</Value>
<Value name="8">
<Value>Name</Value>
</Value>
</Data>
<Property name="Balance"/>
<Property name="Currency"/>
<Property name="DOB"/>
<Property name="Email"/>
<Property name="Home"/>
<Property name="Name"/>
<Property name="PrintName"/>
<Property name="Work"/>
</Storage>
</Class>

<Class name="FCE.PersistentPerson">
<Description>
Abstract persistent superclass for AccountHolder</Description>
<Abstract>1</Abstract>
<ClassType/>
<Super>%Persistent,FCE.Person</Super>
<TimeChanged>61391,48218</TimeChanged>
<TimeCreated>60292,56715.793581</TimeCreated>
<Inheritance>right</Inheritance>

<Index name="NameIndex">
<Properties>Name</Properties>
</Index>

<Index name="EmailIndex">
<Properties>Email</Properties>
<Unique>1</Unique>
</Index>
</Class>

<Class name="FCE.Person">
<Description>
Abstract person class</Description>
<Abstract>1</Abstract>
<ClassType/>
<Super>%Populate,%XML.Adaptor</Super>
<TimeChanged>61741,44655.179982</TimeChanged>
<TimeCreated>60292,56715.793581</TimeCreated>
<Inheritance>right</Inheritance>

<Property name="Name">
<Type>%String</Type>
<Required>1</Required>
</Property>

<Property name="PrintName">
<Type>%String</Type>
<Calculated>1</Calculated>
<SqlComputeCode> set {PrintName}=$piece({Name},",",2)_" "_$piece({Name},",",1)</SqlComputeCode>
<SqlComputed>1</SqlComputed>
</Property>

<Property name="Email">
<Type>%String</Type>
<Required>1</Required>
</Property>

<Property name="DOB">
<Type>%Date</Type>
<Parameter name="FORMAT" value="5"/>
<Parameter name="MAXVAL" value="+$h"/>
</Property>

<Property name="Home">
<Type>FCE.MailingAddress</Type>
</Property>

<Property name="Work">
<Type>FCE.MailingAddress</Type>
</Property>
</Class>


<Class name="FCE.Tests.PersonTests">
<Description>
Tests for AccountHolders</Description>
<Super>%UnitTest.TestCase</Super>
<TimeChanged>61716,54155.106486</TimeChanged>
<TimeCreated>60312,3934.401518</TimeCreated>

<Method name="Run">
<Description>
Helper method</Description>
<ClassMethod>1</ClassMethod>
<Implementation><![CDATA[
    set classname = ..%ClassName(1) // "this" classname
	set quals = "/noload/norecursive/nodelete"
    do ##class(%UnitTest.Manager).RunTest("Foundation:" _ classname, quals)
    return
]]></Implementation>
</Method>

<Method name="TestAccountHolder">
<Description>
Basic tests for FCE.AccountHolder</Description>
<Implementation><![CDATA[
﻿	#dim accountHolder as FCE.AccountHolder		
	set accountHolder = ##class(FCE.AccountHolder).%New()
	do $$$AssertTrue($isobject(accountHolder), "Create new account holder")
	set status = accountHolder.%Save()
	do $$$AssertStatusNotOK(status, "Name is required")
	set accountHolder.Name = "Smith,John"
	set status = accountHolder.%Save()
	do $$$AssertStatusNotOK(status, "Email is required")
	set accountHolder.Email = "Smith@zzz.com"
	set status = accountHolder.%Save()
	do $$$AssertStatusNotOK(status, "Home/work address is required")
	set accountHolder.Home.Street = "10 High St."
	set accountHolder.Home.City = "Cambridge"
	set accountHolder.Home.State = "MA"
	set accountHolder.Home.Zip = "02142"
	set work = accountHolder.Home.%ConstructClone()
	set accountHolder.Work = work
	set accountHolder.DOB = $zdh("01/01/2100")
	set status = accountHolder.%Save()
	do $$$AssertStatusNotOK(status, "DOB must be in past")
	set accountHolder.DOB = $zdh("01/01/1980")
	set accountHolder.Currency = "DKK"
	set status = accountHolder.%Save()
	do $$$AssertStatusNotOK(status, "Invalid currency type")
	set accountHolder.Currency = "INR"
	set accountHolder.Balance = -5
	set status = accountHolder.%Save()
	do $$$AssertStatusNotOK(status, "Balance must be >= 0")
	set accountHolder.Balance = 1000
	set status = accountHolder.%Save()
	do $$$AssertStatusOK(status, "New account holder saved")
	set status = ##class(FCE.AccountHolder).%DeleteId(accountHolder.%Id())
	do $$$AssertStatusOK(status, "New account holder deleted")
]]></Implementation>
</Method>

<Method name="TestAccountHolderSQL">
<Description>
SQL tests for FCE.AccountHolder</Description>
<Implementation><![CDATA[
	&sql(INSERT INTO FCE.AccountHolder (Name) VALUES ('Smith,John'))
	do $$$AssertEquals(SQLCODE, -108, "Email is required")
	&sql(INSERT INTO FCE.AccountHolder (Name, Email)
	     VALUES ('Smith,John', 'Smith@zzz.com'))
	do $$$AssertEquals(SQLCODE, -108, "Home/work addresses required")
	&sql(INSERT INTO FCE.AccountHolder (Name, Email, DOB,
		 Home_Street, Home_City, Home_State, Home_Zip,
		 Work_Street, Work_City, Work_State, Work_Zip)
		 VALUES ('Smith,John', 'Smith@zzz.com', {d '2100-01-01'},
		 '10 High St.', 'Cambridge', 'MA', '02142',
		 '10 High St.', 'Cambridge', 'MA', '02142'))
	do $$$AssertEquals(SQLCODE, -104, "DOB must be in past")
	&sql(INSERT INTO FCE.AccountHolder (Name, Email, DOB, Currency,
		 Home_Street, Home_City, Home_State, Home_Zip,
		 Work_Street, Work_City, Work_State, Work_Zip)
		 VALUES ('Smith,John', 'Smith@zzz.com', {d '1980-01-01'}, 'DKK',
		 '10 High St.', 'Cambridge', 'MA', '02142',
		 '10 High St.', 'Cambridge', 'MA', '02142'))
	do $$$AssertEquals(SQLCODE, -104, "Invalid currency type")
	&sql(INSERT INTO FCE.AccountHolder (Name, Email, DOB, Currency, Balance,
		 Home_Street, Home_City, Home_State, Home_Zip,
		 Work_Street, Work_City, Work_State, Work_Zip)
		 VALUES ('Smith,John', 'Smith@zzz.com', {d '1980-01-01'}, 'INR', -5,
		 '10 High St.', 'Cambridge', 'MA', '02142',
		 '10 High St.', 'Cambridge', 'MA', '02142'))
	do $$$AssertEquals(SQLCODE, -104, "Balance must be >= 0")
	&sql(INSERT INTO FCE.AccountHolder (Name, Email, DOB, Currency, Balance,
		 Home_Street, Home_City, Home_State, Home_Zip,
		 Work_Street, Work_City, Work_State, Work_Zip)
		 VALUES ('Smith,John', 'Smith@zzz.com', {d '1980-01-01'}, 'INR', 100,
		 '10 High St.', 'Cambridge', 'MA', '02142',
		 '10 High St.', 'Cambridge', 'MA', '02142'))
	do $$$AssertEquals(SQLCODE, 0, "New account holder saved:")
	&sql(DELETE FROM FCE.AccountHolder WHERE ID = :%ROWID)
	do $$$AssertEquals(SQLCODE, 0, "New account holder deleted")
]]></Implementation>
</Method>
</Class>


<Class name="FCE.Tests.Utilities">
<Description>
Utilities for development</Description>
<TimeChanged>61758,56384.336571</TimeChanged>
<TimeCreated>60298,40297.044568</TimeCreated>

<Method name="DestroyAll">
<Description>
Delete all data and run tests</Description>
<ClassMethod>1</ClassMethod>
<Implementation><![CDATA[
	do ##class(FCE.CurrencyOrder).%KillExtent()
	do ##class(FCE.Branch).%DeleteExtent()  // to delete FCE.ATM notes stream data
	do ##class(FCE.RealEstate).%KillExtent()
	do ##class(FCE.AccountHolder).%KillExtent()
	read !, "Data deleted. Press <Enter> to run tests.", x
	do ##class(FCE.Tests.BasicTests).Run()
	read !, "Press <Enter> to continue.", x
	do ##class(FCE.Tests.CurrencyOrderTests).Run()
	read !, "Press <Enter> to continue.", x
	do ##class(FCE.Tests.PersonTests).Run()
	read !, "Press <Enter> to continue.", x
]]></Implementation>
</Method>

<Method name="CreateAll">
<Description>
Create data and run tests</Description>
<ClassMethod>1</ClassMethod>
<FormalSpec>base:%Integer=5</FormalSpec>
<Implementation><![CDATA[
	do ##class(FCE.RealEstate).Populate(base * 4)
	// assigns real estate objects to new branches and ATMs
	do ##class(FCE.Branch).Populate(base)
	do ##class(FCE.ATM).Populate(base * 3)
	do ##class(FCE.AccountHolder).Populate(base * 3)
	// assigns account holders to new currency orders
	do ##class(FCE.CurrencyOrder).Populate(base * 6)
	read !, "Data added. Press <Enter> to run tests.", x
	do ##class(FCE.Tests.BasicTests).Run()
	read !, "Press <Enter> to continue.", x
	do ##class(FCE.Tests.CurrencyOrderTests).Run()
	read !, "Press <Enter> to continue.", x
	do ##class(FCE.Tests.PersonTests).Run()
	read !, "Press <Enter> to continue.", x
]]></Implementation>
</Method>
</Class>
</Export>
