<?xml version="1.0" encoding="UTF-8" standalone="no"?>
<Export generator="Cache" ts="2017-06-20 13:27:02" version="25">
<Class name="FCE.Regex">
<Description><![CDATA[
A string datatype definition which extends <class>%Library.String</class> with additional regex pattern validation. <br>]]></Description>
<Super>%Library.String</Super>

<Parameter name="PATTERN">
<Description>
Set PATTERN to empty and final as it is not relevant</Description>
<Final>1</Final>
</Parameter>

<Parameter name="VALUELIST">
<Description>
Set VALUELIST to empty and final as it is not relevant</Description>
<Final>1</Final>
</Parameter>

<Parameter name="DISPLAYLIST">
<Description>
Set DISPLAYLIST to empty and final as it is not relevant</Description>
<Final>1</Final>
</Parameter>

<Parameter name="REGEX">
<Description>
Set a valid regex pattern for value validation</Description>
</Parameter>

<Method name="IsValid">
<ClassMethod>1</ClassMethod>
<Description><![CDATA[
Tests if the logical value <var>%val</var>, which is a string, is valid.]]></Description>
<FormalSpec>%val:%RawString</FormalSpec>
<Implementation><![CDATA[
	if (..#REGEX '= "") {
		try {
			if '$match(%val, ..#REGEX) {
				return $$$ERROR($$$DTPattern, %val, ..#REGEX)
			}
		} catch Ex {
			return $$$ERROR($$$URegexRuleSyntax)
		}
	}
	return $$$OK
]]></Implementation>
<ReturnType>%Status</ReturnType>
</Method>
</Class>
</Export>
