<?xml version="1.0" encoding="UTF-8"?>
<Export generator="Cache" version="24" zv="Cache for UNIX (Apple Mac OS X for x86-64) 2010.2.1 (Build 503U)" ts="2011-02-04 14:07:54">
<Class name="FCE.Tests.Utilities">
<Description>
Utilities for development</Description>
<IncludeCode>FCE</IncludeCode>
<TimeChanged>62080,70064.295064</TimeChanged>
<TimeCreated>60298,40297.044568</TimeCreated>

<Method name="DestroyAll">
<Description>
Delete all data and run tests</Description>
<ClassMethod>1</ClassMethod>
<Implementation><![CDATA[
	// if FCE.Currency exists but there's no data run FetchRates()
	if $$$ClassExists(FCE.Currency) && $$$MethodExists(FCE.Currency,FetchRates) {
		set sql = "SELECT COUNT(*) as currencies FROM FCE.Currency"
		set rs = ##class(%SQL.Statement).%ExecDirect( , sql)
		set SQLCODE = rs.%SQLCODE
		if (SQLCODE = 0) && (rs.%Next()) && (rs.currencies '= 10) {			
			do ##class(FCE.Currency).FetchRates()
			write !, "Fetched exchange rates"
		}
		elseif (SQLCODE < 0) {
			write !, "SQL error: ", SQLCODE, " ", %msg
		}
	}

	write !, "Deleted all "
	if $$$ClassExists(FCE.CurrencyOrder) {
		do ##class(FCE.CurrencyOrder).%KillExtent()
		write "CurrencyOrders, " 
	}	
	do ##class(FCE.Branch).%DeleteExtent() // also deletes FCE.Branch Notes (stream) data
	write "Branches, "
	do ##class(FCE.RealEstate).%KillExtent()
	write "RealEstates"
	read !, "Data deleted. Press <Enter> to run tests.", x

	do ##class(FCE.Tests.BasicTests).Run()
	read !, "Press <Enter> to continue.", x
	if $$$ClassExists(FCE.Tests.CurrencyOrderTests) {	
		do ##class(FCE.Tests.CurrencyOrderTests).Run()
		read !, "Press <Enter> to continue.", x
	}
]]></Implementation>
</Method>

<Method name="CreateAll">
<Description>
Create data and run tests</Description>
<ClassMethod>1</ClassMethod>
<FormalSpec>base:%Integer=5</FormalSpec>
<Implementation><![CDATA[
	// if FCE.Currency exists but there's no data run FetchRates()
	if $$$ClassExists(FCE.Currency) && $$$MethodExists(FCE.Currency,FetchRates) {
		set sql = "SELECT COUNT(*) as currencies FROM FCE.Currency"
		set rs = ##class(%SQL.Statement).%ExecDirect( , sql)
		set SQLCODE = rs.%SQLCODE
		if (SQLCODE = 0) && (rs.%Next()) && (rs.currencies '= 10) {			
			do ##class(FCE.Currency).FetchRates()
			write !, "Fetched exchange rates"
		}
		elseif (SQLCODE < 0) {
			write !, "SQL error: ", SQLCODE, " ", %msg
		}
	}

	write !, "Populated "
	set count = ##class(FCE.RealEstate).Populate(base * 10)
	write count, " RealEstates, "
	set count = ##class(FCE.Branch).Populate(base * 3)
	write count, " Branches, "
	if $$$ClassExists(FCE.CurrencyOrder) {
		set count = ##class(FCE.CurrencyOrder).Populate(base * 6)
		write count, " CurrencyOrders"
	}
	read !, "Data added. Press <Enter> to run tests.", x

	do ##class(FCE.Tests.BasicTests).Run()
	read !, "Press <Enter> to continue.", x
	if $$$ClassExists(FCE.Tests.CurrencyOrderTests) {
		do ##class(FCE.Tests.CurrencyOrderTests).Run()
		read !, "Press <Enter> to continue.", x
	}
]]></Implementation>
</Method>

</Class>
</Export>
