<?xml version="1.0" encoding="UTF-8" standalone="no"?>
<Export generator="Cache" ts="2017-05-25 16:34:59" version="25" zv="Cache for UNIX (Apple Mac OS X for x86-64) 2017.1 (Build 792U)">
<Class name="FCE.Tests.TestCase">
<IncludeCode>FCE</IncludeCode>
<Super>%UnitTest.TestCase</Super>
<TimeChanged>64428,59699.416504</TimeChanged>
<TimeCreated>64258,39253.145824</TimeCreated>

<Method name="Run">
<Description>
Helper method</Description>
<ClassMethod>1</ClassMethod>
<FormalSpec>logging:%Boolean=0</FormalSpec>
<Implementation><![CDATA[
    set testSuite = "FCETests"
    
    // set up ^UnitTestRoot if not already set
    if '$data(^UnitTestRoot) {
    	set mainFolder = "UnitTests\FCE\" 
	    set st = ##class(%File).CreateDirectoryChain(mainFolder _ testSuite)
	    if $$$ISOK(st) { set ^UnitTestRoot = mainFolder }
	    else {
			write !, "UnitTestRoot folder could not be created. Consult with instructor."
			do $system.Status.DisplayError(st)
	    }
    }
    
    set testCase = ..%ClassName(1) // this test case
    set test = testSuite _ ":" _ testCase
	set quals = "/noload/norecursive/nodelete"
    do ##class(%UnitTest.Manager).RunTest(test, quals)
    return
]]></Implementation>
</Method>
</Class>
</Export>
