<?xml version="1.0" encoding="UTF-8"?>
<Export generator="Cache" version="21" zv="Cache for Windows (x86-32) 2007.1.2 (Build 522U)" ts="2008-01-10 15:58:59">
<Class name="MyUtilityFunctions.Functions">
<Description>
</Description>
<Super>Ens.Rule.FunctionSet</Super>
<TimeCreated>61005,41425.978434</TimeCreated>

<Method name="GetSeconds">
<ClassMethod>1</ClassMethod>
<FormalSpec>time:%String</FormalSpec>
<ReturnType>%Numeric</ReturnType>
<Implementation><![CDATA[
	
	Quit $ZTIMEH(time)
]]></Implementation>
</Method>
</Class>
</Export>
