<?xml version="1.0" encoding="UTF-8"?>
<Export generator="Cache" version="25" zv="Cache for Windows (x86-64) 2016.2.1 (Build 803U)" ts="2016-12-05 13:56:32">
<Class name="Demo.HL7.MsgRouter.Functions">
<Description>
Functions to use in rule definitions for the sample message router production.</Description>
<ClassType/>
<ProcedureBlock>1</ProcedureBlock>
<Super>Ens.Rule.FunctionSet</Super>
<TimeChanged>64217,43925</TimeChanged>
<TimeCreated>60211,45594.129234</TimeCreated>

<Method name="DayOfWeek">
<Description>
Returns the ordinal position of the day in the week, 
where 1 is Sunday, 2 is Monday, and so on.</Description>
<Final>1</Final>
<ClassMethod>1</ClassMethod>
<CodeMode>expression</CodeMode>
<ReturnType>%Integer</ReturnType>
<Implementation><![CDATA[$zd($H,10)
]]></Implementation>
</Method>

<Method name="TimeInSeconds">
<Description>
Returns the time as a number of seconds since midnight.</Description>
<Final>1</Final>
<ClassMethod>1</ClassMethod>
<CodeMode>expression</CodeMode>
<ReturnType>%Integer</ReturnType>
<Implementation><![CDATA[$p($H,",",2)
]]></Implementation>
</Method>
</Class>


<Project name="EnsExportItem_2016-12-05 13-56-00_693-5" LastModified="2016-12-05 13:56:32.297708">
  <ProjectDescription>Studio Project generated starting from Ensemble Production Configuration Item 'Scan.ScanEmailProduction : ScanEmailRouter' at 2016-12-05 18:56:00.693 UTC</ProjectDescription>
  <Items>
    <ProjectItem name="Demo.HL7.MsgRouter.Functions" type="CLS"></ProjectItem>
    <ProjectItem name="Scan.CheckEmployeeRequest" type="CLS"></ProjectItem>
    <ProjectItem name="Scan.CreateEmailFileRequestFromCheckEmployeeRequest" type="CLS"></ProjectItem>
    <ProjectItem name="Scan.EmailFileRequest" type="CLS"></ProjectItem>
    <ProjectItem name="Scan.ScanEmailRouterRoutingRule" type="CLS"></ProjectItem>
    <ProjectItem name="Settings:ScanEmailRouter.PTD" type="PTD"></ProjectItem>
    <ProjectItem name="EnsExportNotes.EnsExportItem_2016-12-05 13-56-00_693-5.PTD" type="PTD"></ProjectItem>
  </Items>
</Project>


<Class name="Scan.CheckEmployeeRequest">
<Description>
RECORDMAP: Generated from RecordMap 'Scan.RecordMap'
on 2016-12-01 at 15:39:54.520 [2016-12-01 20:39:54.520 UTC]
by user denelson</Description>
<ProcedureBlock>1</ProcedureBlock>
<Super>%Persistent,%XML.Adaptor,Ens.Request,EnsLib.RecordMap.Base</Super>
<TimeChanged>64253,56395.785167</TimeChanged>
<TimeCreated>64253,56394.520917</TimeCreated>
<Inheritance>right</Inheritance>

<Parameter name="INCLUDETOPFIELDS">
<Default>1</Default>
</Parameter>

<Property name="Name">
<Type>%String</Type>
</Property>

<Property name="ID">
<Type>%Integer</Type>
</Property>

<Property name="ToAddress">
<Type>%String</Type>
</Property>

<Property name="EmailText">
<Type>%String</Type>
</Property>

<Storage name="Default">
<Type>%Library.CacheStorage</Type>
<DataLocation>^Scan.CheckEmployeeRequestD</DataLocation>
<DefaultData>CheckEmployeeRequestDefaultData</DefaultData>
<IdLocation>^Scan.CheckEmployeeRequestD</IdLocation>
<IndexLocation>^Scan.CheckEmployeeRequestI</IndexLocation>
<StreamLocation>^Scan.CheckEmployeeRequestS</StreamLocation>
<ExtentSize>2000000</ExtentSize>
<Data name="CheckEmployeeRequestDefaultData">
<Subscript>"CheckEmployeeRequest"</Subscript>
<Value name="1">
<Value>EmailText</Value>
</Value>
<Value name="2">
<Value>ID</Value>
</Value>
<Value name="3">
<Value>Name</Value>
</Value>
<Value name="4">
<Value>ToAddress</Value>
</Value>
<Value name="5">
<Value>MyList</Value>
</Value>
<Value name="6">
<Value>%%CLASSNAME</Value>
</Value>
<Value name="7">
<Value>%Source</Value>
</Value>
</Data>
</Storage>

<Parameter name="RECORDMAPGENERATED">
<Default>1</Default>
</Parameter>
</Class>


<Class name="Scan.CreateEmailFileRequestFromCheckEmployeeRequest">
<Super>Ens.DataTransformDTL</Super>
<TimeChanged>64253,48275.122078</TimeChanged>
<TimeCreated>64253,43064.093102</TimeCreated>
<DependsOn>Scan.CheckEmployeeRequest,Scan.EmailFileRequest</DependsOn>

<Parameter name="IGNOREMISSINGSOURCE">
<Default>1</Default>
</Parameter>

<Parameter name="REPORTERRORS">
<Default>1</Default>
</Parameter>

<Parameter name="TREATEMPTYREPEATINGFIELDASNULL">
<Default>0</Default>
</Parameter>

<XData name="DTL">
<XMLNamespace>http://www.intersystems.com/dtl</XMLNamespace>
<Data><![CDATA[
<transform sourceClass='Scan.CheckEmployeeRequest' targetClass='Scan.EmailFileRequest' create='new' language='objectscript' >
<assign value='source' property='target.Contents' action='set' />
<assign value='"SafeEmail.txt"' property='target.FileName' action='set' />
</transform>
]]></Data>
</XData>
</Class>


<Class name="Scan.EmailFileRequest">
<ClassType>persistent</ClassType>
<Language>cache</Language>
<ProcedureBlock>1</ProcedureBlock>
<Super>Ens.Request</Super>
<TimeChanged>64253,48651.877529</TimeChanged>
<TimeCreated>64252,27823.789336</TimeCreated>

<Property name="Contents">
<Type>Scan.CheckEmployeeRequest</Type>
</Property>

<Property name="FileName">
<Type>%String</Type>
</Property>

<Property name="YourList">
<Type>%String</Type>
<Collection>list</Collection>
</Property>

<Storage name="Default">
<Type>%Library.CacheStorage</Type>
<DefaultData>EmailFileRequestDefaultData</DefaultData>
<Data name="EmailFileRequestDefaultData">
<Subscript>"EmailFileRequest"</Subscript>
<Value name="1">
<Value>Contents</Value>
</Value>
<Value name="2">
<Value>FileName</Value>
</Value>
<Value name="3">
<Value>YourList</Value>
</Value>
</Data>
</Storage>
</Class>


<Class name="Scan.ScanEmailRouterRoutingRule">
<Description>
</Description>
<Super>Ens.Rule.Definition</Super>
<TimeChanged>64253,50455.706007</TimeChanged>
<TimeCreated>64253,49237.465599</TimeCreated>

<Parameter name="RuleAssistClass">
<Default>EnsLib.MsgRouter.RuleAssist</Default>
</Parameter>

<XData name="RuleDefinition">
<XMLNamespace>http://www.intersystems.com/rule</XMLNamespace>
<Data><![CDATA[
<ruleDefinition alias="" context="EnsLib.MsgRouter.RoutingEngine" production="Scan.ScanEmailProduction">
<ruleSet name="Email Rules" effectiveBegin="" effectiveEnd="">
<rule name="Check for Gizmo" disabled="false">
<constraint name="msgClass" value="Scan.CheckEmployeeRequest"></constraint>
<when condition="ToLower(Document.EmailText) Contains &quot;gizmo&quot;">
<send transform="" target="Scan.DetermineBlackList"></send>
<return></return>
</when>
<otherwise>
<send transform="Scan.CreateEmailFileRequestFromCheckEmployeeRequest" target="Scan.MakeFileOperation"></send>
<return></return>
</otherwise>
</rule>
</ruleSet>
</ruleDefinition>
]]></Data>
</XData>
</Class>


<Document name="EnsExportNotes.EnsExportItem_2016-12-05 13-56-00_693-5.PTD"><ProjectTextDocument name="EnsExportNotes.EnsExportItem_2016-12-05 13-56-00_693-5" description="Export Notes for export EnsExportItem_2016-12-05 13-56-00_693-5">
<![CDATA[<Deployment>
<Creation>
<Machine>DENELSON6430.ISCINTERNAL.COM</Machine>
<Instance>ENSEMBLE</Instance>
<Namespace>ENSDEMO</Namespace>
<SourceProduction>Scan.ScanEmailProduction</SourceProduction>
<Username>denelson</Username>
<UTC>2016-12-05 18:56:32.281</UTC>
</Creation>
<Notes>
</Notes>
<Contents>
<ExportProject>EnsExportItem_2016-12-05 13-56-00_693-5</ExportProject>
<Item num="1">Demo.HL7.MsgRouter.Functions.CLS</Item>
<Item num="2">Scan.CheckEmployeeRequest.CLS</Item>
<Item num="3">Scan.CreateEmailFileRequestFromCheckEmployeeRequest.CLS</Item>
<Item num="4">Scan.EmailFileRequest.CLS</Item>
<Item num="5">Scan.ScanEmailRouterRoutingRule.CLS</Item>
<Item num="6">Settings:ScanEmailRouter.PTD</Item>
</Contents>
<ProductionClassInExport></ProductionClassInExport>
</Deployment>

]]></ProjectTextDocument>
</Document>

<Document name="Settings:ScanEmailRouter.PTD"><ProjectTextDocument name="Settings:ScanEmailRouter" description="Settings for ScanEmailRouter in Production Scan.ScanEmailProduction">
<![CDATA[<Item Name="ScanEmailRouter" Category="Email" ClassName="EnsLib.MsgRouter.RoutingEngine" PoolSize="1" Enabled="true" Foreground="false" Comment="" LogTraceEvents="false" Schedule=""><Setting Target="Host" Name="Validation"></Setting><Setting Target="Host" Name="BusinessRuleName">Scan.ScanEmailRouterRoutingRule</Setting></Item>
]]></ProjectTextDocument>
</Document></Export>
