<?xml version="1.0" encoding="UTF-8"?>
<Export generator="Cache" version="25" zv="Cache for UNIX (Apple Mac OS X for x86-64) 2018.1 (Build 184U)" ts="2020-09-28 17:36:12">
<Class name="Hospital.DTL2Part3">
<Super>Ens.DataTransformDTL</Super>
<TimeChanged>65650,63332.011031</TimeChanged>
<TimeCreated>65650,63304.466898</TimeCreated>
<DependsOn>EnsLib.HL7.Message</DependsOn>

<Parameter name="IGNOREMISSINGSOURCE">
<Default>1</Default>
</Parameter>

<Parameter name="REPORTERRORS">
<Default>1</Default>
</Parameter>

<Parameter name="TREATEMPTYREPEATINGFIELDASNULL">
<Default>0</Default>
</Parameter>

<XData name="DTL">
<XMLNamespace>http://www.intersystems.com/dtl</XMLNamespace>
<Data><![CDATA[
<transform sourceClass='EnsLib.HL7.Message' targetClass='EnsLib.HL7.Message' sourceDocType='2.5:ADT_A01' targetDocType='2.5:ADT_A01' create='copy' language='objectscript' >
<foreach property='source.{DG1()}' key='k1' >
<assign value='..ToUpper(source.{DG1(k1):DiagnosisCodeDG1.Text})' property='target.{DG1(k1):DiagnosisCodeDG1.Text}' action='set' />
</foreach>
</transform>
]]></Data>
</XData>
</Class>
</Export>
