<?xml version="1.0" encoding="UTF-8"?>
<Export generator="Cache" version="9" zv="Cache for Windows NT (Intel) 5.0.5 (Build 916U)" ts="2004-03-17 13:48:54">
<Class name="Expenses.DetermineAmountDue">
<ClassType>persistent</ClassType>
<ProcedureBlock>1</ProcedureBlock>
<Super>Ens.BusinessProcessBPL</Super>
<TimeChanged>59598,42735</TimeChanged>
<TimeCreated>59592,35761</TimeCreated>

<XData name="BPL">
<Data><![CDATA[
<process language='objectscript' request='Expenses.DetermineAmountDueRequest' response='Ens.Response' >
<context>
<property name='RateStart' type='%Numeric' />
<property name='RateEnd' type='%Numeric' />
<property name='InterestRate' type='%Numeric' />
</context>
<sequence >
<call name='Get Start Date Exchange' xpos='500' ypos='200' target='Expenses.GetRates' async='1' >
<request type='Expenses.GetExchangeRateRequest' >
<assign property='callrequest.Currency' value='request.Currency' action='set' />
<assign property='callrequest.Date' value='request.StartDate' action='set' />
</request>
<response type='Expenses.GetExchangeRateResponse' >
<assign property='context.RateStart' value='callresponse.ExchangeRate' action='set' />
</response>
</call>
<call name='Get End Date Exchange' xpos='500' ypos='300' target='Expenses.GetRates' async='1' >
<request type='Expenses.GetExchangeRateRequest' >
<assign property='callrequest.Currency' value='request.Currency' action='set' />
<assign property='callrequest.Date' value='request.EndDate' action='set' />
</request>
<response type='Expenses.GetExchangeRateResponse' >
<assign property='context.RateEnd' value='callresponse.ExchangeRate' action='set' />
</response>
</call>
<call name='Get Interest Rate' xpos='500' ypos='400' target='Expenses.GetRates' async='1' >
<request type='Expenses.GetInterestRateRequest' >
<assign property='callrequest.Date' value='request.EndDate' action='set' />
</request>
<response type='Expenses.GetInterestRateResponse' >
<assign property='context.InterestRate' value='callresponse.InterestRate' action='set' />
</response>
</call>
<sync name='Wait for Responses' xpos='500' ypos='500' calls='Get End Date Exchange,Get Interest Rate,Get Start Date Exchange' timeout='30' type='all' />
<if name='Rate?' xpos='500' ypos='700' condition='context.RateStart&lt;context.RateEnd' >
<true>
<call name='Use Start Rate' xpos='390' ypos='900' target='Expenses.EmployeeDBOperations' async='1' >
<request type='Expenses.EnterExpenseRequest' >
<assign property='callrequest.Exchange' value='context.RateStart' action='set' />
<assign property='callrequest.ID' value='request.ID' action='set' />
<assign property='callrequest.AmountDue' value='request.Amount/context.RateStart*(context.InterestRate/100+1)' action='set' />
</request>
</call>
</true>
<false>
<call name='Use End Date' xpos='610' ypos='900' target='Expenses.EmployeeDBOperations' async='1' >
<request type='Expenses.EnterExpenseRequest' >
<assign property='callrequest.AmountDue' value='request.Amount/context.RateEnd*(context.InterestRate/100+1)' action='set' />
<assign property='callrequest.Exchange' value='context.RateEnd' action='set' />
<assign property='callrequest.ID' value='request.ID' action='set' />
</request>
</call>
</false>
</if>
</sequence>
</process>

]]></Data>
</XData>

<Storage name="Default">
<Type>%Library.CacheStorage</Type>
</Storage>
</Class>
<Checksum value="2115238099"/>
</Export>
