<?xml version="1.0" encoding="UTF-8"?>
<Export generator="Cache" version="9" zv="Cache for Windows NT (Intel) 5.0.5 (Build 916U)" ts="2004-03-17 13:52:18">
<Class name="Expenses.ExpensesCSPRequestService">
<ProcedureBlock>1</ProcedureBlock>
<Super>Ens.BusinessService</Super>
<TimeChanged>59611,48612.470599</TimeChanged>
<TimeCreated>59598,39814.357072</TimeCreated>
<ClassDefinitionError>0</ClassDefinitionError>

<Method name="OnProcessInput">
<FormalSpec>pCSPRequest:%CSP.Request,pOutput:%RegisteredObject</FormalSpec>
<ReturnType>%Status</ReturnType>
<Implementation><![CDATA[

	Set $ZT="Trap",tSC=$$$OK
	do {	
		set req = ##class(Expenses.DetermineAmountDueRequest).%New()
		set req.Name = pCSPRequest.Get("Name")
		set req.ID = pCSPRequest.Get("ID")
		set req.Amount = pCSPRequest.Get("Amount")
		set req.Currency = pCSPRequest.Get("Currency")
		set req.StartDate = $ZDH(pCSPRequest.Get("StartDate"))
		set req.EndDate = $ZDH(pCSPRequest.Get("EndDate"))

		set tSc = ..SendRequestAsync("Expenses.DetermineAmountDue",req)
				
		quit
	} while (0)
Exit
	Quit tSC
Trap
	Set $ZT="",tSC=$$$EnsSystemError
	Goto Exit
]]></Implementation>
</Method>
</Class>
<Checksum value="1973225541"/>
</Export>
