<?xml version="1.0" encoding="UTF-8"?>
<Export generator="Cache" version="25">
<Class name="Demo.Workflow.Dashboard">
<Description>
Dashboard class for the Workflow Demo
</Description>
<ClassType/>
<ProcedureBlock>1</ProcedureBlock>
<Super>Ens.Dashboard</Super>
<TimeCreated>60423,56777</TimeCreated>

<XData name="Dashboard">
<Data><![CDATA[
<Dashboard 
	Label="Role: {Instance}" 
	RefreshRate="2000" 
	Metric="Demo.Workflow.WFMetric({Instance})" 
	InstanceMenu="Roles"
>

<LightBar Label="ActiveTasks" Property="ActiveTasks"
	Link="WFTasksForRole.csp?$FRAME=Info&amp;$ID1={Instance}"
	Width="75"
/>

<LightBar Label="Load" Property="Load" 
	Link="WFTasksForRole.csp?$FRAME=Info&amp;$ID1={Instance}"
	Width="75"
/>

<LineChart Label="Tasks for Current Role" 
	Width="150" Height="100"
	AutoScale="true"
	XGridLines="20" YGridLines="9"
	>
<Series Label="Active" Property="ActiveTasks" Color="yellow" />
<Series Label="Completed" Property="CompletedTasks" Color="red" />
</LineChart>

</Dashboard>
]]></Data>
</XData>
</Class>
</Export>
