<?xml version="1.0" encoding="UTF-8"?>
<Export generator="Cache" version="25">
<Class name="Demo.Workflow.WFMetric">
<Description>
Sample business metric class for Workflow demo</Description>
<ClassType/>
<ProcedureBlock>1</ProcedureBlock>
<Super>Ens.BusinessMetric</Super>
<TimeCreated>60423,56777</TimeCreated>

<Property name="ActiveTasks">
<Description>
Active Tasks</Description>
<Type>Ens.DataType.Metric</Type>
<MultiDimensional>1</MultiDimensional>
<Parameter name="AUTOHISTORY" value="10"/>
<Parameter name="RANGELOWER" value="0"/>
<Parameter name="RANGEUPPER" value="50"/>
<Parameter name="UNITS" value="Tasks"/>
</Property>

<Property name="Load">
<Description>
Active Load</Description>
<Type>Ens.DataType.Metric</Type>
<MultiDimensional>1</MultiDimensional>
<Parameter name="AUTOHISTORY" value="10"/>
<Parameter name="RANGELOWER" value="0"/>
<Parameter name="RANGEUPPER" value="100"/>
<Parameter name="THRESHOLDUPPER" value="90"/>
<Parameter name="UNITS" value="%"/>
</Property>

<Property name="CompletedTasks">
<Description>
Completed Tasks (since previous day)</Description>
<Type>Ens.DataType.Metric</Type>
<MultiDimensional>1</MultiDimensional>
<Parameter name="AUTOHISTORY" value="10"/>
<Parameter name="RANGELOWER" value="0"/>
<Parameter name="RANGEUPPER" value="100"/>
<Parameter name="UNITS" value="Tasks"/>
</Property>

<Method name="OnCalculateMetrics">
<Description>
Calculate and update the set of metrics for this class</Description>
<ReturnType>%Status</ReturnType>
<Implementation><![CDATA[
	// set the values of our metrics
	// %Instance is the current instance (RoleName in this case)
	Set tRole = ..%Instance

	Set ..ActiveTasks = ##class(EnsLib.Workflow.Engine).BamActiveTasks(tRole)
	Set ..Load = ##class(EnsLib.Workflow.Engine).BamActiveLoad(tRole)

	// Get task since start of previous day
	Set tStart = $ZDT($H-1,3)

	Set ..CompletedTasks = ##class(EnsLib.Workflow.Engine).BamCompletedTasks(tRole,tStart)

	Quit $$$OK
]]></Implementation>
</Method>

<Query name="MetricInstances">
<Description><![CDATA[
Set of instances for this metric class<br>
There is one instance for every defined role.]]></Description>
<Type>%SQLQuery</Type>
<SqlQuery>	SELECT Name FROM EnsLib_Workflow.RoleDefinition</SqlQuery>
</Query>
</Class>
</Export>
