<?xml version="1.0" encoding="UTF-8"?>
<Export generator="Cache" version="25">
<Class name="Demo.RecordMapBatch.Rule.BatchRoutingRule">
<Description>
</Description>
<Super>Ens.Rule.Definition</Super>
<TimeCreated>63904,50165.623267</TimeCreated>

<Parameter name="RuleAssistClass">
<Default>EnsLib.MsgRouter.RuleAssist</Default>
</Parameter>

<XData name="RuleDefinition">
<XMLNamespace>http://www.intersystems.com/rule</XMLNamespace>
<Data><![CDATA[
<ruleDefinition alias="" context="EnsLib.MsgRouter.RoutingEngine" production="Demo.RecordMapBatch.Production">
<ruleSet name="" effectiveBegin="" effectiveEnd="">
<rule name="" disabled="false">
<constraint name="source" value="BatchFileService"></constraint>
<constraint name="msgClass" value="Demo.RecordMapBatch.Map.TrainDataIn.BatchIn"></constraint>
<when condition="1">
<send transform="Demo.RecordMapBatch.Transform" target="BatchFileOperation"></send>
<return></return>
</when>
</rule>
</ruleSet>
</ruleDefinition>
]]></Data>
</XData>
</Class>
</Export>
