<?xml version="1.0" encoding="UTF-8"?>
<Export generator="Cache" version="25">
<Class name="Demo.RecordMap.Map.Delimited.Record.WorkAddress">
<Description>
RECORDMAP: Generated from RecordMap 'Demo.RecordMap.Map.Delimited'
on 2010-09-30 at 16:20:02.190 [2010-09-30 21:20:02.190 UTC]
by user DemoUser</Description>
<ProcedureBlock>1</ProcedureBlock>
<Super>%SerialObject,%XML.Adaptor</Super>
<TimeCreated>61999,62402.190501</TimeCreated>
<Inheritance>right</Inheritance>

<Parameter name="RECORDMAPGENERATED">
<Default>1</Default>
</Parameter>

<Property name="City">
<Type>%String</Type>
</Property>

<Property name="State">
<Type>%String</Type>
<Parameter name="MAXLEN" value="2"/>
</Property>

<Property name="StreetLine1">
<Type>%String</Type>
</Property>

<Property name="ZipCode">
<Type>%String</Type>
</Property>

<Storage name="Default">
<Type>%Library.CacheSerialState</Type>
<State>WorkAddressState</State>
<StreamLocation>^Demo.RecordMap66BA.WorkAddressS</StreamLocation>
<Data name="WorkAddressState">
<Value name="1">
<Value>City</Value>
</Value>
<Value name="2">
<Value>State</Value>
</Value>
<Value name="3">
<Value>StreetLine1</Value>
</Value>
<Value name="4">
<Value>ZipCode</Value>
</Value>
</Data>
</Storage>
</Class>
</Export>
