<?xml version="1.0" encoding="UTF-8"?>
<Export generator="Cache" version="25">
<Class name="Training.Integration.Installer">
<Description><![CDATA[
This class imports Demos necessary for the Integration course. <br>

********************************************************************<br>
***Creates a Namespace and Database called TRAINING and TRAINING2***<br>
************        Do NOT use on a shared instance.       *********<br>
********************************************************************<br>

To Use (The installer is platform independent):<br>
1. Import and compile this class into any namespace<br>
2. Call the <method>Install</method> method, passing in the path to the StudentFiles folder ie:<br>
	<EXAMPLE>
Do ##class(Training.Integration.Installer).Install("C:\Integration")
</EXAMPLE>
<br>
<br>To use in InterSystems IRIS Data Platform, call Install() with a 2nd argument of 0 to prevent importing items dependent on standards used in healthcare: HL7, DICOM and X12.
	<EXAMPLE>
Do ##class(Training.Integration.Installer).Install("C:\Integration",0)
</EXAMPLE>

<br>This class should be exported to /StudentFilesFolder/Setup/Installer.xml
<br>This class also depends on InstallerUtils being exported to Setup/files/InstallerUtils.xml
<br>If more demos need to be added later, they should be retrieved from the perforce branch: /Users/yahrabi/modules/Ensdemo/
<br>Make sure to delete /latest/module.xml from the folder
<br>Move each folder retrieved to both Setup/files/UNIX/ and Setup/files/Windows
<br>
<br> Use the <method>Uninstall</method> to delete the generated database and web apps in order to be able to rerun if necessary.]]></Description>
<IncludeCode>%occInclude</IncludeCode>
<TimeCreated>65091,37111.443243</TimeCreated>

<Parameter name="ClassVersion">
<Default>$Id$</Default>
</Parameter>

<XData name="Demos">
<XMLNamespace>INSTALLER</XMLNamespace>
<Data><![CDATA[
<Manifest>
 	

 	<CopyDir  
    Src="${SEPNONHL7DIR}cinemaCSP/"
    Target="${CSPDIR}training/cinema"
    IgnoreErrors="0"/>
    
 	<If Condition = "${INSTALLHL7}=1">
 	<CopyDir  
    Src="${SEPCSPDIR}"
    Target="${TGTHL7V3CSP}"
    IgnoreErrors="0"/>
	</If>
	
	<Resource Name = "%DB_TRAINING"
	Description = "Resource for TRAINING DB"
	Permission = ""/>

    	<Namespace Name="TRAINING" Create="yes" Ensemble = "1"
	Code = "TRAINING" Data = "TRAINING" EnsemblePortalAuthMethods="100">
		<Configuration>
			<Database
			Name = "TRAINING"
			Dir = "${MGRDIR}training"
			Create = "yes"
			Resource="%DB_TRAINING"
		    BlockSize="8192"
		    PublicPermissions=""/>
		</Configuration>
		
		<CSPApplication
		AuthenticationMethods="96"
		CookiePath="/csp/training"
		Url="/csp/training"
		Directory="${CSPDIR}training"
		Grant="%DB_TRAINING"
		Recurse = "1"
		GroupById = "%ISCMgtPortal"
		Resource = ""
		DefaultTimeout = "3600"
		IsNamespaceDefault = "1"
		ServeFiles = "1"
		ServeFilesTimeout = "3600"
		UseSessionCookie = "1" />

		<Import File="${FILESDIR}InstallerUtils.xml" 
		Flags="ck"
		IgnoreErrors="0"
		Recurse = "0"/>
	   <Invoke Class="Training.Integration.InstallerUtils" Method="EnableAnalytics" CheckStatus="true" Return="">
	   		<Arg Value="training"/>
	   </Invoke>	

	 <Import File="${NONHL7DIR}" 
	 Flags="ck"
	 IgnoreErrors="1"
	 Recurse = "1"/>

	 <Invoke Class="Sample.Utils" Method="Generate" CheckStatus="false" Return="">
	 </Invoke>
	 <Invoke Class="Training.Integration.InstallerUtils" Method="GenerateCinema" CheckStatus="true" Return="">
	 </Invoke>
	 	 
	 <If Condition = "${INSTALLHL7}=1">
	 <Import File="${HL7DIR}" 
	 Flags="ck"
	 IgnoreErrors="1"
	 Recurse = "1"/>
	 
	 <Invoke Class="%SYSTEM.CSP" Method="LoadPageDir" CheckStatus="true">
	 <Arg Value="/csp/training/"/>
	 </Invoke>	 
	 
	 <Invoke Class="Training.Integration.InstallerUtils" Method="PostHL7v3Install" CheckStatus="true" Return="">
	<Arg Value="${FILESDIR}"/>
	 </Invoke>
	 </If>
	 
     </Namespace>   
	  	<Namespace Name="TRAINING2" Create="yes" Ensemble = "1"
	Code = "TRAINING2" Data = "TRAINING2" EnsemblePortalAuthMethods="100">
			<Configuration>
			<Database
			Name = "TRAINING2"
			Dir = "${MGRDIR}training2"
			Create = "yes"
			Resource="%DB_TRAINING"
		    BlockSize="8192"
		    PublicPermissions=""/>
		</Configuration>
		    </Namespace>  
		<Namespace Name="%SYS" Create="no">
		<If Condition='$DATA(^%SYS("HealthShare"))>0'>
		<Invoke Class="%ZHSLIB.HealthShareMgr" Method="EnableHealthShareNamespace" CheckStatus="true" >
		<Arg Value="TRAINING"/>
		<Arg Value="0"/>
		<Arg Value="1"/>
		<Arg Value="1"/>
		</Invoke>
		<Invoke Class="%ZHSLIB.HealthShareMgr" Method="EnableHealthShareNamespace" CheckStatus="true" >
		<Arg Value="TRAINING2"/>
		<Arg Value="0"/>
		<Arg Value="1"/>
		<Arg Value="1"/>
		</Invoke>
		</If>
		</Namespace>
 </Manifest>
]]></Data>
</XData>

<Method name="setup">
<Description>
This is a method generator whose code is generated by XGL.</Description>
<Internal>1</Internal>
<ClassMethod>1</ClassMethod>
<CodeMode>objectgenerator</CodeMode>
<FormalSpec><![CDATA[&pVars,pLogLevel:%Integer,pInstaller:%Installer.Installer,pLogger:%Installer.AbstractLogger]]></FormalSpec>
<ReturnType>%Status</ReturnType>
<Implementation><![CDATA[
	#; Let our XGL document generate code for this method. 
	Quit ##class(%Installer.Manifest).%Generate(%compiledclass, %code, "Demos")
]]></Implementation>
</Method>

<Method name="Install">
<Description><![CDATA[
Invoke the installer passing in some variables
<br> Dir should be the StudentFilesDir
<br> IncludeHL7 defaults to 1 and should be 0 if running in a product without HL7 to prevent importing HL7 productions]]></Description>
<ClassMethod>1</ClassMethod>
<FormalSpec>Dir:%String="/Integration/",IncludeHL7:%Boolean=1</FormalSpec>
<ReturnType>%Status</ReturnType>
<Implementation><![CDATA[
 #dim tVars
 #dim tStatus As %Status
 #dim tLogLevel As %Integer = 1

 Try {
  //The CSP folder is uppercase in Windows and lowercase in Ubuntu, thus we must determine the 
 Set tPlatform = $system.Version.GetOS()

 Set cspCase = $case(tPlatform, "Windows":"CSP", :"csp")

 
  // Initialize any variables we want to pass to the installer
 set installdir = $System.Util.InstallDirectory()
 set DirNormalized = ##Class(%Library.File).NormalizeDirectory(Dir) //Need to make sure there's a trailing slash
 set NonHL7Dir = DirNormalized_"Setup/files/"_tPlatform_"/nonHL7/"
 set HL7Dir = DirNormalized_"Setup/files/"_tPlatform_"/HL7/"
 Set filesDir = DirNormalized_"Setup/files/"
 Set separateNonHL7Dir = DirNormalized_"Setup/files/Separate/nonHL7/"
 Set separateCSPDir = DirNormalized_"Setup/files/Separate/HL7/HL7v3/latest/csp/app/testharness/"
 Set tgtHL7v3CSP = installdir_"/"_cspCase_"/training/testharness/"
 
 // Initialize any variables we want to pass to the installer
 Set tVars("NONHL7DIR") = ##class(%File).NormalizeDirectory(NonHL7Dir)
 Set tVars("HL7DIR") = ##class(%File).NormalizeDirectory(HL7Dir)
 Set tVars("INSTALLHL7") = IncludeHL7
 Set tVars("FILESDIR") = ##class(%File).NormalizeDirectory(filesDir)
 Set tVars("SEPNONHL7DIR") = ##class(%File).NormalizeDirectory(separateNonHL7Dir)
 Set tVars("SEPCSPDIR") = ##class(%File).NormalizeDirectory(separateCSPDir)
 Set tVars("TGTHL7V3CSP") = ##class(%File).NormalizeDirectory(tgtHL7v3CSP) 
 
 // Invoke the installer
 Set tStatus = ..setup(.tVars,tLogLevel)
 $$$ThrowOnError(tStatus)
  }
  Catch ex {
 Write !,!, "***SETUP FAILED***" 
 Write !, ex.DisplayString()
 Return
 }
 Write !, "Successfully installed!"
 Return $$$OK
]]></Implementation>
</Method>

<Method name="Uninstall">
<ClassMethod>1</ClassMethod>
<ReturnType>%Status</ReturnType>
<Implementation><![CDATA[
	Set st = $$$OK
	New $NAMESPACE
	Set $NAMESPACE = "%SYS"
	For name = "TRAINING", "TRAINING2" {
	   	 Set st = ##class(Config.Namespaces).Delete(name)
		 set installdir = $system.Util.InstallDirectory()
		 Set dir = ##class(%File).NormalizeDirectory(installdir_"mgr/"_name)
		 Set db = ##class(SYS.Database).%OpenId(dir,,.st)
		 if st {
			 Do db.Mount()
			 Do db.Delete()
			 }
		
		Do ##class(Config.Databases).Delete(name)
	
		}
	For name = "/csp/training" {
		Do ##class(Security.Applications).Delete(name)
		}
	
	Write !, "You also need to delete: "_installdir_"CSP\training\"
	Return st
]]></Implementation>
</Method>
</Class>
</Export>
