<?xml version="1.0" encoding="UTF-8"?>
<Export generator="Cache" version="21">
<Class name="Demo.HL7v3.TestHarness.ResponseMap">
<ClassType>persistent</ClassType>
<ProcedureBlock>1</ProcedureBlock>
<Super>%Persistent,%XML.Adaptor</Super>
<TimeCreated>60262,37858.741816</TimeCreated>

<Property name="Response">
<Type>Demo.HL7v3.TestHarness.MessageTemplate</Type>
<Cardinality>one</Cardinality>
<Inverse>ResponseMaps</Inverse>
<Relationship>1</Relationship>
</Property>

<Property name="XPathContext">
<Type>%String</Type>
<Parameter name="MAXLEN" value="512"/>
</Property>

<Property name="XPathExpression">
<Type>%String</Type>
<Parameter name="MAXLEN" value="512"/>
</Property>

<Property name="XPathValue">
<Type>%String</Type>
<Parameter name="MAXLEN" value="512"/>
</Property>

<Index name="ResponseIndex">
<Properties>Response</Properties>
</Index>

<Index name="ResponseMapUniqueKey">
<Properties>XPathContext,XPathExpression,XPathValue</Properties>
<Unique>1</Unique>
</Index>

<Storage name="Default">
<Type>%Library.CacheStorage</Type>
<DataLocation>^Demo.HL7v3.Test7C9.ResponseMapD</DataLocation>
<DefaultData>ResponseMapDefaultData</DefaultData>
<IdLocation>^Demo.HL7v3.Test7C9.ResponseMapD</IdLocation>
<IndexLocation>^Demo.HL7v3.Test7C9.ResponseMapI</IndexLocation>
<StreamLocation>^Demo.HL7v3.Test7C9.ResponseMapS</StreamLocation>
<Data name="ResponseMapDefaultData">
<Structure>listnode</Structure>
<Subscript/>
<Value name="1">
<Value>%%CLASSNAME</Value>
</Value>
<Value name="2">
<Value>Response</Value>
</Value>
<Value name="3">
<Value>XPathContext</Value>
</Value>
<Value name="4">
<Value>XPathExpression</Value>
</Value>
<Value name="5">
<Value>XPathValue</Value>
</Value>
</Data>
</Storage>
</Class>
</Export>
