<?xml version="1.0" encoding="UTF-8"?>
<Export generator="Cache" version="22" zv="Cache for Windows (x86-64) 2008.2.6 (Build 964U)" ts="2011-02-22 12:18:56">
<Class name="Hospital.HL7Metric">
<Description>
Business Metric Class for Production with HL7 messages and To_Pharmacy</Description>
<ClassType/>
<ProcedureBlock>1</ProcedureBlock>
<Super>Ens.BusinessMetric</Super>
<TimeChanged>62144,43837.346965</TimeChanged>
<TimeCreated>60423,56776</TimeCreated>

<Property name="HL7Messages">
<Description>
Total number of HL7 messages to date.</Description>
<Type>Ens.DataType.Metric</Type>
<Parameter name="RANGELOWER" value="0"/>
<Parameter name="RANGEUPPER" value="10000"/>
<Parameter name="UNITS" value="Operation Requests"/>
</Property>

<Property name="PharmacyStatus">
<Type>Ens.DataType.Metric</Type>
<Parameter name="RANGELOWER" value="-1"/>
<Parameter name="RANGEUPPER" value="1"/>
<Parameter name="UNITS" value="Requests Accepted"/>
</Property>

<Method name="OnCalculateMetrics">
<Description>
Calculate and update the set of metrics for this class</Description>
<ReturnType>%Status</ReturnType>
<Implementation><![CDATA[
	// Note: these calculations are not accurate, they 
	// are demonstrative.
	
	// set the values of our metrics
	&sql(SELECT COUNT(*) INTO :count
		 FROM EnsLib_HL7.Message)

	
	//Set the metric to the current count of messages
	Set ..HL7Messages=count
	
	If (^CacheTemp.EnsHostMonitor($Namespace,"To_Pharmacy","%Status") '= "OK")
	{
		//The status is not OK
		Set status=-1	
	}
	Else
	{
		//The status is OK
		Set status=1	
	
	
	
	}
	//Set the metric to reflect the status

		Set ..PharmacyStatus=status
	Quit $$$OK
]]></Implementation>
</Method>
</Class>

</Export>
