ID,City,County,Latitude,Longitude,State,A04,A59,A1014,A1519,A2029,A3039,A4049,A5059,A6069,A7079,A80,F,M
1,Abington,Plymouth,42.1047,-70.9458,MA,0.04,0.05,0.05,0.07,0.13,0.14,0.14,0.16,0.12,0.07,0.03,0.51,0.49
2,Acton,Middlesex,42.485,-71.4333,MA,0.06,0.05,0.07,0.11,0.07,0.09,0.16,0.19,0.1,0.07,0.03,0.52,0.48
3,Acushnet,Bristol,41.6806,-70.9083,MA,0.06,0.05,0.04,0.04,0.12,0.11,0.13,0.18,0.13,0.11,0.03,0.52,0.48
4,Adams,Berkshire,42.6242,-73.1181,MA,0.04,0.04,0.05,0.04,0.16,0.12,0.12,0.15,0.16,0.07,0.05,0.48,0.52
5,Agawam,Hampden,42.0696,-72.6152,MA,0.06,0.04,0.06,0.05,0.1,0.1,0.13,0.17,0.14,0.09,0.06,0.51,0.49
6,Alford,Berkshire,42.2321,-73.4124,MA,0.05,0.05,0.03,0.02,0.07,0.03,0.06,0.15,0.24,0.22,0.08,0.5,0.5
7,Amesbury,Essex,42.8565,-70.9335,MA,0.04,0.05,0.07,0.05,0.12,0.11,0.15,0.16,0.14,0.07,0.04,0.51,0.49
8,Amherst,Hampshire,42.367,-72.517,MA,0.02,0.02,0.1,0.18,0.4,0.05,0.05,0.06,0.05,0.04,0.03,0.51,0.49
9,Andover,Essex,42.6583,-71.1375,MA,0.08,0.04,0.09,0.06,0.09,0.1,0.15,0.17,0.12,0.06,0.04,0.52,0.48
10,Aquinnah,Dukes,41.3432,-70.8137,MA,0.08,0.08,0.07,0.08,0.07,0.1,0.12,0.11,0.19,0.08,0.02,0.49,0.51
11,Arlington,Middlesex,42.4153,-71.1569,MA,0.07,0.06,0.04,0.05,0.1,0.16,0.14,0.14,0.12,0.07,0.05,0.54,0.46
12,Ashburnham,Worcester,42.6361,-71.9083,MA,0.05,0.1,0.09,0.04,0.08,0.15,0.12,0.15,0.15,0.06,0.01,0.51,0.49
13,Ashby,Middlesex,42.6776,-71.8206,MA,0.04,0.06,0.07,0.06,0.08,0.11,0.14,0.17,0.18,0.06,0.03,0.48,0.52
14,Ashfield,Franklin,42.5264,-72.7889,MA,0.03,0.03,0.04,0.04,0.1,0.06,0.11,0.22,0.22,0.1,0.05,0.5,0.5
15,Ashland,Middlesex,42.2611,-71.4639,MA,0.07,0.06,0.05,0.06,0.1,0.13,0.16,0.15,0.12,0.07,0.03,0.51,0.49
16,Athol,Worcester,42.5958,-72.2272,MA,0.06,0.07,0.05,0.04,0.13,0.11,0.13,0.15,0.15,0.07,0.04,0.54,0.46
17,Attleboro,Bristol,41.9333,-71.3,MA,0.05,0.06,0.06,0.06,0.11,0.14,0.14,0.15,0.12,0.06,0.05,0.51,0.49
18,Auburn,Worcester,42.1951,-71.844,MA,0.05,0.05,0.06,0.06,0.1,0.11,0.13,0.18,0.12,0.08,0.06,0.51,0.49
19,Avon,Norfolk,42.1306,-71.0417,MA,0.05,0.07,0.04,0.05,0.14,0.15,0.11,0.17,0.13,0.06,0.03,0.52,0.48
20,Ayer,Middlesex,42.5611,-71.5903,MA,0.06,0.07,0.03,0.03,0.12,0.17,0.12,0.18,0.13,0.05,0.04,0.49,0.51
21,Barnstable,Barnstable,41.7,-70.3,MA,0.03,0.05,0.05,0.06,0.11,0.1,0.12,0.16,0.16,0.1,0.06,0.51,0.49
22,Barre,Worcester,42.4228,-72.1056,MA,0.04,0.03,0.06,0.1,0.12,0.08,0.12,0.21,0.16,0.05,0.03,0.54,0.46
23,Becket,Berkshire,42.3319,-73.0833,MA,0.03,0.04,0.05,0.06,0.1,0.09,0.12,0.17,0.22,0.1,0.02,0.49,0.51
24,Bedford,Middlesex,42.4906,-71.2767,MA,0.06,0.05,0.09,0.07,0.09,0.1,0.15,0.16,0.09,0.07,0.07,0.52,0.48
25,Belchertown,Hampshire,42.2769,-72.4014,MA,0.06,0.05,0.07,0.06,0.12,0.12,0.13,0.16,0.14,0.06,0.03,0.49,0.51
26,Bellingham,Norfolk,42.0867,-71.475,MA,0.06,0.05,0.06,0.06,0.13,0.13,0.14,0.18,0.11,0.05,0.03,0.49,0.51
27,Belmont,Middlesex,42.3958,-71.1792,MA,0.09,0.05,0.05,0.08,0.08,0.13,0.15,0.15,0.1,0.07,0.05,0.54,0.46
28,Berkley,Bristol,41.8458,-71.0833,MA,0.06,0.05,0.07,0.05,0.09,0.11,0.19,0.17,0.12,0.08,0.01,0.5,0.5
29,Berlin,Worcester,42.3811,-71.6375,MA,0.02,0.05,0.05,0.06,0.12,0.09,0.11,0.16,0.17,0.13,0.04,0.52,0.48
30,Bernardston,Franklin,42.6708,-72.55,MA,0.04,0.03,0.07,0.08,0.06,0.1,0.1,0.21,0.14,0.09,0.08,0.47,0.53
31,Beverly,Essex,42.558,-70.88,MA,0.05,0.05,0.06,0.06,0.16,0.12,0.13,0.14,0.12,0.06,0.05,0.53,0.47
32,Billerica,Middlesex,42.5637,-71.2711,MA,0.05,0.04,0.06,0.06,0.14,0.13,0.15,0.15,0.11,0.07,0.04,0.49,0.51
33,Blackstone,Worcester,42.0193,-71.5338,MA,0.05,0.05,0.07,0.07,0.11,0.12,0.14,0.17,0.14,0.05,0.03,0.51,0.49
34,Blandford,Hampden,42.1806,-72.9278,MA,0.03,0.02,0.04,0.05,0.1,0.08,0.13,0.17,0.23,0.13,0.02,0.48,0.52
35,Bolton,Worcester,42.4333,-71.6083,MA,0.1,0.04,0.05,0.1,0.06,0.1,0.14,0.18,0.14,0.05,0.04,0.49,0.51
36,Boston,Suffolk,42.3581,-71.0636,MA,0.04,0.05,0.05,0.06,0.24,0.18,0.11,0.11,0.08,0.05,0.03,0.52,0.48
37,Bourne,Barnstable,41.741,-70.5987,MA,0.01,0.07,0.06,0.05,0.13,0.1,0.09,0.16,0.15,0.1,0.08,0.5,0.5
38,Boxborough,Middlesex,42.4833,-71.5167,MA,0.05,0.04,0.1,0.06,0.1,0.11,0.16,0.19,0.13,0.04,0.02,0.49,0.51
39,Boxford,Essex,42.6736,-70.9861,MA,0.05,0.04,0.14,0.05,0.05,0.08,0.15,0.19,0.16,0.04,0.05,0.49,0.51
40,Boylston,Worcester,42.3917,-71.7042,MA,0.04,0.03,0.03,0.04,0.15,0.16,0.15,0.13,0.13,0.09,0.05,0.41,0.59
41,Braintree,Norfolk,42.206,-71.005,MA,0.04,0.06,0.06,0.07,0.1,0.14,0.14,0.15,0.12,0.07,0.05,0.52,0.48
42,Brewster,Barnstable,41.76,-70.0833,MA,0.03,0.03,0.07,0.06,0.08,0.06,0.11,0.15,0.19,0.13,0.09,0.52,0.48
43,Bridgewater,Plymouth,41.9902,-70.9754,MA,0.07,0.08,0.06,0.06,0.12,0.14,0.12,0.13,0.09,0.1,0.03,0.52,0.48
44,Brimfield,Hampden,42.1228,-72.2014,MA,0.07,0.06,0.05,0.04,0.09,0.08,0.17,0.14,0.17,0.09,0.04,0.5,0.5
45,Brockton,Plymouth,42.0833,-71.0189,MA,0.06,0.05,0.08,0.08,0.14,0.13,0.13,0.14,0.1,0.06,0.03,0.51,0.49
46,Brookfield,Worcester,42.2139,-72.1028,MA,0.08,0.02,0.05,0.05,0.14,0.12,0.14,0.16,0.14,0.07,0.03,0.53,0.47
47,Brookline,Norfolk,42.3317,-71.1217,MA,0.06,0.05,0.04,0.05,0.14,0.12,0.14,0.16,0.14,0.07,0.03,0.53,0.47
48,Buckland,Franklin,42.5922,-72.7922,MA,0.06,0.05,0.05,0.04,0.07,0.12,0.13,0.2,0.18,0.06,0.04,0.48,0.52
49,Burlington,Middlesex,42.5047,-71.1961,MA,0.08,0.05,0.06,0.05,0.1,0.14,0.13,0.14,0.11,0.09,0.05,0.52,0.48
50,Cambridge,Middlesex,42.3652,-71.105,MA,0.03,0.04,0.03,0.08,0.31,0.17,0.11,0.08,0.07,0.05,0.03,0.5,0.5
51,Canton,Norfolk,42.1583,-71.1453,MA,0.06,0.06,0.06,0.05,0.1,0.13,0.14,0.14,0.13,0.08,0.05,0.52,0.48
52,Carlisle,Middlesex,42.5288,-71.3498,MA,0.05,0.06,0.07,0.07,0.08,0.05,0.12,0.2,0.2,0.07,0.03,0.47,0.53
53,Carver,Plymouth,41.8833,-70.7631,MA,0.07,0.04,0.06,0.06,0.12,0.09,0.13,0.16,0.12,0.11,0.04,0.51,0.49
54,Charlemont,Franklin,42.6281,-72.8701,MA,0.03,0.04,0.03,0.1,0.09,0.05,0.15,0.17,0.14,0.12,0.08,0.56,0.44
55,Charlton,Worcester,42.1341,-71.969,MA,0.1,0.03,0.07,0.06,0.12,0.1,0.13,0.18,0.12,0.05,0.04,0.52,0.48
56,Chatham,Barnstable,41.6819,-69.9603,MA,0.01,0.01,0.03,0.04,0.07,0.08,0.05,0.14,0.22,0.22,0.13,0.52,0.48
57,Chelmsford,Middlesex,42.5997,-71.3678,MA,0.06,0.06,0.05,0.06,0.1,0.11,0.14,0.16,0.13,0.08,0.05,0.52,0.48
58,Chelsea,Suffolk,42.3917,-71.0333,MA,0.05,0.09,0.06,0.07,0.16,0.19,0.14,0.1,0.08,0.04,0.02,0.48,0.52
59,Cheshire,Berkshire,42.5619,-73.1633,MA,0.01,0.04,0.04,0.05,0.11,0.08,0.12,0.22,0.17,0.11,0.05,0.47,0.53
60,Chester,Hampden,42.2794,-72.9828,MA,0.04,0.04,0.06,0.06,0.09,0.16,0.11,0.17,0.15,0.08,0.04,0.49,0.51
61,Chesterfield,Hampshire,42.3917,-72.8403,MA,0.01,0.03,0.04,0.11,0.07,0.11,0.17,0.14,0.18,0.09,0.05,0.5,0.5
62,Chicopee,Hampden,42.1486,-72.6083,MA,0.04,0.06,0.07,0.06,0.14,0.13,0.12,0.13,0.13,0.07,0.05,0.52,0.48
63,Chilmark,Dukes,41.3432,-70.744,MA,0.01,0.03,0.04,0.07,0.15,0.04,0.15,0.13,0.17,0.17,0.04,0.53,0.47
64,Clarksburg,Berkshire,42.7169,-73.0928,MA,0.06,0.04,0.07,0.03,0.11,0.12,0.13,0.16,0.13,0.1,0.05,0.49,0.51
65,Clinton,Worcester,42.4167,-71.6833,MA,0.04,0.06,0.06,0.06,0.16,0.17,0.12,0.13,0.12,0.05,0.03,0.5,0.5
66,Cohasset,Norfolk,42.2417,-70.8042,MA,0.1,0.07,0.08,0.06,0.07,0.06,0.17,0.15,0.12,0.06,0.06,0.53,0.47
67,Colrain,Franklin,42.6731,-72.6972,MA,0.05,0.04,0.04,0.04,0.12,0.09,0.09,0.16,0.23,0.1,0.04,0.51,0.49
68,Concord,Middlesex,42.4603,-71.3494,MA,0.06,0.05,0.05,0.1,0.06,0.1,0.14,0.16,0.13,0.08,0.07,0.49,0.51
69,Conway,Franklin,42.5096,-72.6993,MA,0.03,0.06,0.05,0.08,0.05,0.08,0.14,0.18,0.21,0.08,0.04,0.49,0.51
70,Cummington,Hampshire,42.4617,-72.8944,MA,0.05,0.05,0.04,0.05,0.07,0.05,0.16,0.2,0.18,0.11,0.04,0.51,0.49
71,Dalton,Berkshire,42.4733,-73.1712,MA,0.03,0.04,0.05,0.05,0.11,0.11,0.11,0.19,0.17,0.08,0.06,0.53,0.47
72,Danvers,Essex,42.575,-70.9306,MA,0.05,0.04,0.06,0.05,0.11,0.13,0.11,0.16,0.14,0.08,0.07,0.54,0.46
73,Dartmouth,Bristol,41.6144,-70.9697,MA,0.05,0.02,0.06,0.09,0.17,0.1,0.12,0.13,0.12,0.08,0.06,0.52,0.48
74,Dedham,Norfolk,42.2466,-71.1743,MA,0.06,0.05,0.06,0.05,0.12,0.14,0.12,0.14,0.12,0.07,0.07,0.54,0.46
75,Deerfield,Franklin,42.5444,-72.6061,MA,0.03,0.05,0.06,0.07,0.1,0.09,0.09,0.21,0.18,0.09,0.03,0.53,0.47
76,Dennis,Barnstable,41.7353,-70.1944,MA,0.03,0.04,0.02,0.04,0.09,0.07,0.09,0.14,0.21,0.17,0.1,0.52,0.48
77,Dighton,Bristol,41.8139,-71.1208,MA,0.04,0.05,0.07,0.06,0.12,0.12,0.15,0.17,0.14,0.05,0.03,0.53,0.47
78,Douglas,Worcester,42.0542,-71.74,MA,0.05,0.04,0.07,0.1,0.11,0.08,0.18,0.18,0.09,0.06,0.04,0.48,0.52
79,Dover,Norfolk,42.2458,-71.2833,MA,0.03,0.09,0.06,0.11,0.08,0.06,0.15,0.19,0.13,0.06,0.04,0.49,0.51
80,Dracut,Middlesex,42.6667,-71.3,MA,0.06,0.05,0.07,0.06,0.11,0.14,0.12,0.16,0.12,0.07,0.04,0.51,0.49
81,Dudley,Worcester,42.0556,-71.9512,MA,0.04,0.05,0.09,0.11,0.15,0.09,0.13,0.15,0.1,0.07,0.02,0.52,0.48
82,Dunstable,Middlesex,42.675,-71.4833,MA,0.04,0.05,0.07,0.1,0.09,0.1,0.15,0.17,0.13,0.08,0.02,0.5,0.5
83,Duxbury,Plymouth,42.0417,-70.6728,MA,0.05,0.07,0.07,0.09,0.09,0.06,0.16,0.15,0.13,0.1,0.03,0.52,0.48
84,East Bridgewater,Plymouth,42.0335,-70.9586,MA,0.08,0.07,0.06,0.06,0.12,0.14,0.12,0.13,0.09,0.1,0.03,0.52,0.48
85,East Brookfield,Worcester,42.2278,-72.0472,MA,0.1,0.06,0.02,0.05,0.15,0.13,0.1,0.15,0.14,0.07,0.03,0.49,0.51
86,East Longmeadow,Hampden,42.0646,-72.5129,MA,0.06,0.05,0.07,0.07,0.09,0.11,0.12,0.15,0.12,0.08,0.08,0.54,0.46
87,Eastham,Barnstable,41.83,-69.9744,MA,0.01,0.03,0.03,0.04,0.07,0.06,0.1,0.15,0.22,0.19,0.1,0.54,0.46
88,Easthampton,Hampshire,42.2655,-72.669,MA,0.04,0.03,0.04,0.06,0.11,0.15,0.14,0.15,0.17,0.07,0.04,0.51,0.49
89,Easton,Bristol,42.0298,-71.1315,MA,0.04,0.05,0.07,0.1,0.13,0.1,0.15,0.15,0.11,0.07,0.03,0.52,0.48
90,Edgartown,Dukes,41.3889,-70.5139,MA,0.02,0.04,0.07,0.1,0.11,0.07,0.11,0.18,0.16,0.08,0.06,0.5,0.5
91,Egremont,Berkshire,42.1983,-73.4382,MA,0.03,0.07,0.04,0.07,0.07,0.07,0.13,0.15,0.17,0.13,0.07,0.53,0.47
92,Erving,Franklin,42.6,-72.3986,MA,0.05,0.06,0.07,0.06,0.09,0.11,0.15,0.15,0.13,0.1,0.03,0.55,0.45
93,Essex,Essex,42.6319,-70.7833,MA,0.05,0.06,0.04,0.05,0.11,0.11,0.12,0.15,0.15,0.08,0.08,0.53,0.47
94,Everett,Middlesex,42.4083,-71.0542,MA,0.06,0.06,0.06,0.06,0.17,0.15,0.15,0.13,0.09,0.04,0.03,0.51,0.49
95,Fairhaven,Bristol,41.6375,-70.9042,MA,0.05,0.05,0.04,0.05,0.11,0.12,0.12,0.15,0.15,0.1,0.06,0.52,0.48
96,Fall River,Bristol,41.7014,-71.1556,MA,0.06,0.06,0.06,0.06,0.15,0.12,0.13,0.14,0.11,0.08,0.03,0.52,0.48
97,Falmouth,Barnstable,41.5514,-70.6153,MA,0.03,0.06,0.05,0.05,0.07,0.09,0.09,0.15,0.19,0.14,0.08,0.52,0.48
98,Fitchburg,Worcester,42.5833,-71.8028,MA,0.07,0.06,0.07,0.06,0.17,0.12,0.12,0.15,0.09,0.06,0.03,0.5,0.5
99,Florida,Berkshire,42.6667,-73.0117,MA,0.02,0.06,0.07,0.07,0.12,0.09,0.15,0.14,0.15,0.07,0.06,0.42,0.58
100,Foxborough,Norfolk,42.0653,-71.2483,MA,0.06,0.05,0.07,0.06,0.1,0.14,0.14,0.14,0.12,0.06,0.06,0.51,0.49
101,Framingham,Middlesex,42.2792,-71.4167,MA,0.07,0.07,0.06,0.06,0.14,0.17,0.13,0.1,0.1,0.06,0.04,0.51,0.49
102,Franklin,Norfolk,42.0824,-71.3967,MA,0.04,0.07,0.07,0.1,0.1,0.1,0.15,0.17,0.11,0.06,0.03,0.52,0.48
103,Freetown,Bristol,41.7728,-71.0272,MA,0.04,0.07,0.06,0.06,0.1,0.12,0.14,0.16,0.14,0.08,0.03,0.52,0.48
104,Gardner,Worcester,42.575,-71.9986,MA,0.06,0.05,0.06,0.04,0.14,0.12,0.15,0.15,0.13,0.06,0.04,0.48,0.52
105,Georgetown,Essex,42.725,-70.9917,MA,0.04,0.05,0.09,0.08,0.09,0.11,0.14,0.19,0.1,0.08,0.03,0.5,0.5
106,Gill,Franklin,42.641,-72.4995,MA,0.02,0.05,0.04,0.05,0.09,0.18,0.09,0.18,0.19,0.07,0.04,0.4,0.6
107,Gloucester,Essex,42.6161,-70.6689,MA,0.03,0.07,0.04,0.05,0.09,0.11,0.1,0.17,0.19,0.09,0.06,0.52,0.48
108,Goshen,Hampshire,42.4551,-72.8274,MA,0.01,0.06,0.04,0.05,0.09,0.06,0.1,0.25,0.26,0.05,0.03,0.54,0.46
109,Gosnold,Dukes,41.4817,-70.7569,MA,0.0,0.0,0.0,0.0,0.0,0.12,0.08,0.1,0.47,0.18,0.05,0.41,0.59
110,Grafton,Worcester,42.2068,-71.6857,MA,0.05,0.06,0.05,0.1,0.1,0.13,0.16,0.17,0.1,0.05,0.03,0.52,0.48
111,Granby,Hampshire,42.2564,-72.5167,MA,0.03,0.04,0.06,0.06,0.11,0.09,0.16,0.21,0.1,0.08,0.06,0.49,0.51
112,Granville,Hampden,42.0674,-72.8816,MA,0.07,0.06,0.05,0.05,0.12,0.13,0.11,0.18,0.14,0.06,0.03,0.51,0.49
113,Great Barrington,Berkshire,42.1938,-73.3629,MA,0.04,0.06,0.08,0.08,0.1,0.07,0.11,0.14,0.2,0.07,0.05,0.53,0.47
114,Greenfield,Franklin,42.5875,-72.6,MA,0.03,0.06,0.04,0.05,0.12,0.15,0.13,0.13,0.14,0.09,0.06,0.5,0.5
115,Groton,Middlesex,42.6111,-71.575,MA,0.06,0.05,0.08,0.08,0.08,0.09,0.14,0.19,0.15,0.05,0.03,0.51,0.49
116,Groveland,Essex,42.7599,-71.0318,MA,0.05,0.07,0.06,0.05,0.13,0.09,0.09,0.19,0.15,0.09,0.03,0.49,0.51
117,Hadley,Hampshire,42.3417,-72.5889,MA,0.04,0.03,0.07,0.08,0.18,0.11,0.12,0.12,0.11,0.08,0.06,0.61,0.39
118,Halifax,Plymouth,41.9909,-70.8614,MA,0.05,0.06,0.05,0.06,0.12,0.13,0.13,0.16,0.13,0.07,0.04,0.53,0.47
119,Hamilton,Essex,42.6197,-70.8548,MA,0.05,0.09,0.08,0.07,0.08,0.12,0.12,0.18,0.11,0.06,0.04,0.49,0.51
120,Hampden,Hampden,42.0639,-72.4139,MA,0.04,0.04,0.05,0.05,0.13,0.11,0.13,0.2,0.11,0.09,0.05,0.5,0.5
121,Hancock,Berkshire,42.5431,-73.3242,MA,0.02,0.06,0.03,0.06,0.05,0.1,0.08,0.26,0.22,0.07,0.05,0.5,0.5
122,Hanover,Plymouth,42.1167,-70.8167,MA,0.06,0.07,0.08,0.08,0.1,0.09,0.16,0.15,0.1,0.07,0.04,0.52,0.48
123,Hanson,Plymouth,42.075,-70.8806,MA,0.04,0.05,0.06,0.07,0.12,0.11,0.12,0.18,0.14,0.08,0.03,0.5,0.5
124,Hardwick,Worcester,42.35,-72.2,MA,0.05,0.06,0.07,0.06,0.13,0.11,0.08,0.17,0.16,0.08,0.03,0.5,0.5
125,Harvard,Worcester,42.496,-71.5824,MA,0.05,0.06,0.05,0.07,0.07,0.11,0.14,0.19,0.16,0.08,0.02,0.42,0.58
126,Harwich,Barnstable,41.6863,-70.0728,MA,0.03,0.04,0.04,0.05,0.09,0.06,0.1,0.13,0.22,0.16,0.08,0.53,0.47
127,Hatfield,Hampshire,42.3708,-72.5986,MA,0.02,0.03,0.08,0.06,0.12,0.09,0.12,0.18,0.17,0.09,0.04,0.53,0.47
128,Haverhill,Essex,42.7833,-71.0833,MA,0.07,0.06,0.08,0.05,0.14,0.14,0.12,0.15,0.11,0.05,0.03,0.52,0.48
129,Hawley,Franklin,42.5667,-72.8833,MA,0.05,0.05,0.03,0.04,0.11,0.07,0.11,0.18,0.18,0.12,0.06,0.48,0.52
130,Heath,Franklin,42.6734,-72.8298,MA,0.06,0.08,0.06,0.06,0.09,0.13,0.07,0.12,0.16,0.08,0.09,0.56,0.44
131,Hingham,Plymouth,42.2333,-70.8833,MA,0.05,0.09,0.06,0.07,0.06,0.09,0.15,0.15,0.12,0.08,0.08,0.52,0.48
132,Hinsdale,Berkshire,42.4386,-73.1258,MA,0.02,0.05,0.04,0.06,0.09,0.14,0.08,0.18,0.18,0.11,0.05,0.49,0.51
133,Holbrook,Norfolk,42.155,-71.0092,MA,0.04,0.04,0.05,0.08,0.09,0.12,0.16,0.16,0.13,0.08,0.05,0.53,0.47
134,Holden,Worcester,42.3517,-71.8639,MA,0.04,0.06,0.07,0.08,0.09,0.1,0.15,0.15,0.13,0.08,0.05,0.51,0.49
135,Holland,Hampden,42.0639,-72.1578,MA,0.04,0.06,0.05,0.1,0.1,0.08,0.13,0.19,0.15,0.08,0.02,0.48,0.52
136,Holliston,Middlesex,42.1833,-71.425,MA,0.05,0.07,0.08,0.08,0.08,0.11,0.14,0.18,0.12,0.06,0.03,0.52,0.48
137,Holyoke,Hampden,42.2042,-72.6167,MA,0.07,0.06,0.06,0.08,0.16,0.14,0.12,0.12,0.09,0.06,0.04,0.52,0.48
138,Hopedale,Worcester,42.1314,-71.5419,MA,0.03,0.05,0.08,0.09,0.09,0.09,0.16,0.16,0.13,0.06,0.06,0.51,0.49
139,Hopkinton,Middlesex,42.2293,-71.5189,MA,0.07,0.07,0.07,0.07,0.06,0.14,0.16,0.15,0.11,0.06,0.04,0.51,0.49
140,Hubbardston,Worcester,42.4744,-72.0062,MA,0.04,0.06,0.06,0.04,0.13,0.1,0.11,0.18,0.16,0.09,0.03,0.5,0.5
141,Hudson,Middlesex,42.3912,-71.5681,MA,0.05,0.04,0.07,0.05,0.1,0.11,0.17,0.15,0.13,0.09,0.04,0.51,0.49
142,Kingston,Plymouth,41.9933,-70.7285,MA,0.05,0.06,0.06,0.08,0.09,0.11,0.14,0.15,0.12,0.08,0.06,0.52,0.48
143,Huntington,Hampshire,42.2335,-72.8797,MA,0.04,0.04,0.04,0.05,0.14,0.11,0.11,0.2,0.17,0.08,0.02,0.5,0.5
144,Ipswich,Essex,42.6792,-70.8417,MA,0.04,0.05,0.07,0.07,0.09,0.08,0.13,0.18,0.14,0.09,0.06,0.52,0.48
145,Lakeville,Plymouth,41.8458,-70.95,MA,0.05,0.07,0.06,0.07,0.1,0.1,0.14,0.17,0.15,0.06,0.03,0.5,0.5
146,Lancaster,Worcester,42.4571,-71.6738,MA,0.04,0.03,0.07,0.08,0.14,0.14,0.12,0.14,0.12,0.06,0.06,0.39,0.61
147,Lanesborough,Berkshire,42.5172,-73.2286,MA,0.03,0.07,0.04,0.05,0.09,0.09,0.08,0.18,0.22,0.11,0.04,0.51,0.49
148,Lawrence,Essex,42.7069,-71.1636,MA,0.1,0.05,0.06,0.04,0.19,0.14,0.12,0.13,0.1,0.03,0.04,0.51,0.49
149,Lee,Berkshire,42.3042,-73.2486,MA,0.05,0.03,0.07,0.06,0.11,0.12,0.12,0.14,0.13,0.1,0.07,0.54,0.46
150,Leicester,Worcester,42.2458,-71.9092,MA,0.05,0.06,0.07,0.06,0.13,0.11,0.11,0.18,0.12,0.08,0.03,0.52,0.48
151,Lenox,Berkshire,42.3564,-73.2853,MA,0.02,0.04,0.05,0.05,0.1,0.08,0.09,0.12,0.13,0.15,0.17,0.54,0.46
152,Leominster,Worcester,42.525,-71.7603,MA,0.07,0.06,0.05,0.06,0.12,0.13,0.14,0.14,0.12,0.07,0.04,0.52,0.48
153,Leverett,Franklin,42.4519,-72.5285,MA,0.03,0.05,0.06,0.06,0.1,0.09,0.13,0.12,0.18,0.13,0.05,0.5,0.5
154,Lexington,Middlesex,42.4482,-71.2247,MA,0.07,0.04,0.08,0.1,0.05,0.08,0.18,0.15,0.12,0.07,0.06,0.52,0.48
155,Leyden,Franklin,42.7,-72.63,MA,0.02,0.05,0.03,0.06,0.05,0.14,0.12,0.23,0.19,0.09,0.02,0.49,0.51
156,Lincoln,Middlesex,42.4258,-71.3044,MA,0.07,0.06,0.07,0.08,0.07,0.1,0.12,0.17,0.11,0.07,0.08,0.5,0.5
157,Littleton,Middlesex,42.5375,-71.5125,MA,0.05,0.06,0.07,0.08,0.07,0.11,0.14,0.18,0.12,0.07,0.05,0.51,0.49
158,Longmeadow,Hampden,42.0505,-72.5829,MA,0.06,0.05,0.07,0.07,0.09,0.11,0.12,0.15,0.12,0.08,0.08,0.54,0.46
159,Lowell,Middlesex,42.6394,-71.3147,MA,0.02,0.07,0.05,0.06,0.22,0.14,0.12,0.15,0.1,0.04,0.03,0.49,0.51
160,Ludlow,Hampden,42.16,-72.4764,MA,0.05,0.05,0.06,0.06,0.12,0.12,0.11,0.16,0.14,0.07,0.06,0.49,0.51
161,Lunenburg,Worcester,42.5951,-71.7246,MA,0.03,0.05,0.07,0.09,0.08,0.11,0.15,0.17,0.13,0.08,0.04,0.52,0.48
162,Lynn,Essex,42.4644,-70.9485,MA,0.08,0.06,0.07,0.08,0.12,0.15,0.12,0.12,0.11,0.06,0.03,0.49,0.51
163,Lynnfield,Essex,42.5389,-71.0486,MA,0.07,0.06,0.07,0.07,0.08,0.1,0.14,0.16,0.12,0.07,0.06,0.52,0.48
164,Malden,Middlesex,42.425,-71.0667,MA,0.05,0.07,0.04,0.04,0.2,0.18,0.12,0.13,0.09,0.05,0.03,0.52,0.48
165,Manchester-by-the-Sea,Essex,42.5754,-70.7718,MA,0.04,0.04,0.07,0.1,0.06,0.07,0.14,0.17,0.16,0.11,0.04,0.5,0.5
166,Mansfield,Bristol,42.0333,-71.2194,MA,0.05,0.06,0.07,0.07,0.14,0.12,0.15,0.17,0.1,0.05,0.02,0.5,0.5
167,Marblehead,Essex,42.4957,-70.8633,MA,0.05,0.06,0.07,0.08,0.05,0.07,0.16,0.17,0.14,0.1,0.05,0.53,0.47
168,Marion,Plymouth,41.7174,-70.7723,MA,0.03,0.07,0.06,0.09,0.05,0.08,0.13,0.16,0.13,0.13,0.07,0.52,0.48
169,Marlborough,Middlesex,42.3458,-71.5528,MA,0.06,0.06,0.05,0.06,0.13,0.14,0.14,0.15,0.11,0.06,0.04,0.52,0.48
170,Marshfield,Plymouth,42.0917,-70.7061,MA,0.06,0.06,0.06,0.06,0.09,0.11,0.14,0.17,0.12,0.09,0.04,0.52,0.48
171,Mashpee,Barnstable,41.649,-70.4812,MA,0.04,0.05,0.04,0.05,0.11,0.09,0.08,0.16,0.18,0.13,0.07,0.54,0.46
172,Mattapoisett,Plymouth,41.6583,-70.8167,MA,0.02,0.04,0.05,0.06,0.08,0.09,0.09,0.18,0.22,0.1,0.07,0.51,0.49
173,Maynard,Middlesex,42.4303,-71.4605,MA,0.06,0.05,0.06,0.05,0.09,0.15,0.14,0.18,0.11,0.07,0.04,0.51,0.49
174,Medfield,Norfolk,42.1875,-71.3069,MA,0.07,0.08,0.07,0.1,0.06,0.1,0.14,0.19,0.1,0.06,0.03,0.5,0.5
175,Medford,Middlesex,42.4183,-71.1067,MA,0.02,0.07,0.04,0.05,0.21,0.17,0.11,0.13,0.11,0.05,0.04,0.51,0.49
176,Medway,Norfolk,42.1417,-71.3972,MA,0.05,0.07,0.06,0.1,0.09,0.12,0.14,0.18,0.1,0.06,0.03,0.54,0.46
177,Melrose,Middlesex,42.4583,-71.0667,MA,0.06,0.05,0.05,0.06,0.11,0.15,0.14,0.15,0.13,0.06,0.04,0.54,0.46
178,Mendon,Worcester,42.1054,-71.5515,MA,0.02,0.09,0.04,0.1,0.11,0.08,0.13,0.2,0.15,0.06,0.02,0.51,0.49
179,Merrimac,Essex,42.8306,-71.0028,MA,0.03,0.06,0.1,0.06,0.06,0.08,0.18,0.18,0.14,0.07,0.04,0.5,0.5
180,Methuen,Essex,42.7261,-71.1914,MA,0.05,0.06,0.07,0.07,0.13,0.12,0.14,0.15,0.11,0.06,0.04,0.52,0.48
181,Middleborough,Plymouth,41.8894,-70.8942,MA,0.05,0.05,0.07,0.05,0.13,0.11,0.12,0.16,0.14,0.09,0.03,0.49,0.51
182,Middlefield,Hampshire,42.3497,-73.0084,MA,0.0,0.01,0.02,0.04,0.1,0.05,0.03,0.29,0.34,0.08,0.04,0.54,0.46
183,Middleton,Essex,42.595,-71.0167,MA,0.03,0.06,0.06,0.05,0.14,0.13,0.11,0.18,0.13,0.08,0.03,0.47,0.53
184,Milford,Worcester,42.1397,-71.5167,MA,0.07,0.07,0.06,0.05,0.12,0.13,0.15,0.13,0.12,0.06,0.04,0.5,0.5
185,Millbury,Worcester,42.1939,-71.7606,MA,0.06,0.05,0.05,0.05,0.11,0.12,0.15,0.17,0.11,0.09,0.04,0.52,0.48
186,Millis,Norfolk,42.1687,-71.3542,MA,0.04,0.06,0.06,0.09,0.08,0.1,0.15,0.17,0.17,0.06,0.02,0.52,0.48
187,Millville,Worcester,42.0278,-71.5814,MA,0.06,0.05,0.07,0.07,0.11,0.11,0.16,0.17,0.11,0.04,0.05,0.54,0.46
188,Milton,Norfolk,42.2486,-71.0692,MA,0.07,0.06,0.08,0.07,0.1,0.12,0.12,0.14,0.11,0.07,0.06,0.53,0.47
189,Monroe,Franklin,42.7219,-72.9414,MA,0.07,0.04,0.05,0.05,0.09,0.1,0.05,0.24,0.1,0.21,0.0,0.49,0.51
190,Monson,Hampden,42.1042,-72.3194,MA,0.04,0.04,0.06,0.06,0.1,0.1,0.13,0.2,0.15,0.09,0.03,0.51,0.49
191,Montague,Franklin,42.5353,-72.5217,MA,0.04,0.04,0.04,0.04,0.12,0.13,0.16,0.13,0.15,0.09,0.06,0.54,0.46
192,Monterey,Berkshire,42.1792,-73.2125,MA,0.01,0.04,0.03,0.09,0.03,0.06,0.08,0.2,0.22,0.16,0.08,0.52,0.48
193,Montgomery,Hampden,42.2068,-72.8051,MA,0.06,0.04,0.02,0.05,0.13,0.06,0.13,0.2,0.19,0.09,0.03,0.48,0.52
194,Mount Washington,Berkshire,42.0833,-73.4517,MA,0.0,0.01,0.0,0.02,0.07,0.1,0.07,0.31,0.17,0.18,0.07,0.41,0.59
195,Nahant,Essex,42.4264,-70.9194,MA,0.01,0.03,0.03,0.1,0.07,0.09,0.14,0.17,0.2,0.1,0.06,0.54,0.46
196,Nantucket,Nantucket,41.2835,-70.0995,MA,0.06,0.05,0.06,0.06,0.11,0.16,0.15,0.14,0.12,0.06,0.03,0.49,0.51
197,Natick,Middlesex,42.2838,-71.3473,MA,0.07,0.06,0.07,0.07,0.09,0.13,0.16,0.14,0.12,0.06,0.03,0.51,0.49
198,Needham,Norfolk,42.2833,-71.2333,MA,0.07,0.06,0.05,0.11,0.06,0.1,0.14,0.15,0.12,0.08,0.06,0.52,0.48
199,New Ashford,Berkshire,42.605,-73.24,MA,0.0,0.02,0.04,0.09,0.12,0.05,0.08,0.23,0.19,0.09,0.09,0.45,0.55
200,New Bedford,Bristol,41.6361,-70.9347,MA,0.07,0.07,0.06,0.06,0.15,0.15,0.12,0.11,0.1,0.06,0.05,0.51,0.49
201,New Braintree,Worcester,42.3327,-72.1134,MA,0.04,0.06,0.05,0.08,0.08,0.07,0.14,0.24,0.15,0.07,0.02,0.52,0.48
202,New Marlborough,Berkshire,42.1222,-73.231,MA,0.02,0.06,0.03,0.07,0.05,0.09,0.1,0.21,0.16,0.12,0.09,0.49,0.51
203,New Salem,Franklin,42.5034,-72.3323,MA,0.02,0.07,0.1,0.02,0.04,0.04,0.12,0.23,0.19,0.12,0.05,0.46,0.54
204,Newbury,Essex,42.7667,-70.8458,MA,0.05,0.04,0.09,0.07,0.05,0.08,0.15,0.19,0.16,0.08,0.04,0.55,0.45
205,Newburyport,Essex,42.8097,-70.8767,MA,0.05,0.06,0.06,0.06,0.07,0.09,0.14,0.18,0.14,0.1,0.05,0.54,0.46
206,Newton,Middlesex,42.3369,-71.2097,MA,0.05,0.05,0.07,0.08,0.13,0.11,0.12,0.13,0.13,0.08,0.05,0.54,0.46
207,Norfolk,Norfolk,42.1193,-71.3251,MA,0.06,0.06,0.07,0.06,0.08,0.14,0.16,0.16,0.12,0.06,0.03,0.42,0.58
208,North Adams,Berkshire,42.7,-73.1167,MA,0.03,0.06,0.07,0.05,0.15,0.1,0.11,0.15,0.14,0.09,0.05,0.5,0.5
209,North Andover,Essex,42.6877,-71.1216,MA,0.06,0.06,0.08,0.07,0.12,0.12,0.12,0.15,0.11,0.06,0.05,0.52,0.48
210,North Attleborough,Bristol,41.9833,-71.3333,MA,0.04,0.06,0.07,0.09,0.12,0.13,0.15,0.15,0.12,0.05,0.02,0.52,0.48
211,North Brookfield,Worcester,42.2667,-72.0833,MA,0.05,0.06,0.04,0.05,0.14,0.12,0.14,0.16,0.14,0.07,0.03,0.53,0.47
212,North Reading,Middlesex,42.574,-71.0793,MA,0.04,0.07,0.06,0.06,0.1,0.1,0.15,0.19,0.13,0.07,0.03,0.51,0.49
213,Northampton,Hampshire,42.3333,-72.65,MA,0.05,0.03,0.07,0.07,0.17,0.12,0.11,0.13,0.15,0.06,0.04,0.58,0.42
214,Northborough,Worcester,42.3194,-71.6417,MA,0.04,0.07,0.06,0.08,0.1,0.11,0.14,0.18,0.12,0.07,0.03,0.53,0.47
215,Northbridge,Worcester,42.1514,-71.65,MA,0.06,0.07,0.05,0.06,0.12,0.13,0.13,0.15,0.11,0.07,0.05,0.53,0.47
216,Northfield,Franklin,42.6973,-72.4548,MA,0.04,0.04,0.07,0.07,0.1,0.08,0.12,0.17,0.17,0.08,0.06,0.51,0.49
217,Norton,Bristol,41.9667,-71.1875,MA,0.03,0.06,0.1,0.05,0.16,0.09,0.13,0.17,0.12,0.07,0.02,0.52,0.48
218,Norwell,Plymouth,42.1618,-70.7938,MA,0.06,0.08,0.08,0.07,0.07,0.11,0.14,0.16,0.11,0.07,0.05,0.51,0.49
219,Norwood,Norfolk,42.1944,-71.2,MA,0.06,0.05,0.05,0.04,0.13,0.15,0.12,0.14,0.11,0.08,0.07,0.53,0.47
220,Oak Bluffs,Dukes,41.4542,-70.5625,MA,0.06,0.08,0.06,0.06,0.07,0.15,0.14,0.1,0.14,0.1,0.04,0.51,0.49
221,Oakham,Worcester,42.3498,-72.0392,MA,0.03,0.04,0.05,0.06,0.12,0.09,0.12,0.22,0.18,0.07,0.02,0.52,0.48
222,Orange,Franklin,42.5903,-72.3103,MA,0.06,0.05,0.05,0.05,0.11,0.11,0.14,0.15,0.16,0.08,0.04,0.54,0.46
223,Orleans,Barnstable,41.7897,-69.9903,MA,0.01,0.06,0.02,0.08,0.04,0.09,0.08,0.12,0.23,0.17,0.1,0.55,0.45
224,Otis,Berkshire,42.1931,-73.0922,MA,0.02,0.05,0.01,0.03,0.07,0.1,0.14,0.21,0.17,0.15,0.05,0.48,0.52
225,Oxford,Worcester,42.1167,-71.8653,MA,0.06,0.05,0.07,0.07,0.15,0.12,0.12,0.16,0.1,0.06,0.04,0.51,0.49
226,Palmer,Hampden,42.1849,-72.3479,MA,0.04,0.02,0.07,0.08,0.15,0.09,0.15,0.16,0.14,0.05,0.05,0.52,0.48
227,Paxton,Worcester,42.3111,-71.9286,MA,0.06,0.04,0.06,0.11,0.13,0.1,0.09,0.18,0.13,0.06,0.04,0.49,0.51
228,Peabody,Essex,42.5278,-70.9292,MA,0.05,0.05,0.05,0.05,0.13,0.13,0.1,0.15,0.13,0.08,0.08,0.52,0.48
229,Pelham,Hampshire,42.3921,-72.4035,MA,0.05,0.05,0.04,0.04,0.12,0.13,0.1,0.14,0.16,0.11,0.06,0.53,0.47
230,Pembroke,Plymouth,42.0667,-70.8167,MA,0.04,0.05,0.05,0.1,0.11,0.1,0.14,0.18,0.12,0.08,0.03,0.51,0.49
231,Pepperell,Middlesex,42.6658,-71.5889,MA,0.06,0.06,0.05,0.06,0.11,0.11,0.14,0.18,0.14,0.05,0.04,0.51,0.49
232,Peru,Berkshire,42.4379,-73.0458,MA,0.07,0.06,0.04,0.03,0.11,0.07,0.14,0.25,0.17,0.06,0.0,0.5,0.5
233,Petersham,Worcester,42.4875,-72.1875,MA,0.02,0.05,0.02,0.09,0.09,0.08,0.13,0.2,0.16,0.09,0.07,0.52,0.48
234,Phillipston,Worcester,42.5486,-72.1333,MA,0.05,0.04,0.06,0.07,0.12,0.1,0.13,0.18,0.17,0.05,0.03,0.5,0.5
235,Pittsfield,Berkshire,42.445,-73.2528,MA,0.05,0.04,0.05,0.05,0.12,0.13,0.13,0.15,0.14,0.08,0.06,0.53,0.47
236,Plainfield,Hampshire,42.5153,-72.9167,MA,0.05,0.02,0.03,0.05,0.08,0.08,0.16,0.14,0.22,0.12,0.05,0.47,0.53
237,Plainville,Norfolk,42.0042,-71.3333,MA,0.06,0.04,0.08,0.06,0.11,0.13,0.16,0.15,0.1,0.08,0.03,0.51,0.49
238,Plymouth,Plymouth,41.9558,-70.6644,MA,0.04,0.05,0.06,0.05,0.11,0.11,0.12,0.16,0.16,0.1,0.04,0.52,0.48
239,Plympton,Plymouth,41.9559,-70.8148,MA,0.06,0.06,0.05,0.06,0.1,0.11,0.13,0.17,0.12,0.12,0.02,0.52,0.48
240,Princeton,Worcester,42.4486,-71.8778,MA,0.03,0.06,0.05,0.09,0.07,0.07,0.14,0.18,0.19,0.09,0.03,0.48,0.52
241,Provincetown,Barnstable,42.058,-70.179,MA,0.0,0.04,0.02,0.01,0.06,0.1,0.09,0.27,0.23,0.13,0.05,0.42,0.58
242,Quincy,Norfolk,42.2529,-71.0023,MA,0.04,0.05,0.03,0.04,0.16,0.17,0.12,0.12,0.13,0.08,0.06,0.52,0.48
243,Randolph,Norfolk,42.1626,-71.0413,MA,0.06,0.05,0.05,0.06,0.15,0.12,0.13,0.15,0.13,0.06,0.04,0.52,0.48
244,Raynham,Bristol,41.9486,-71.0736,MA,0.06,0.06,0.06,0.06,0.11,0.14,0.12,0.15,0.12,0.08,0.04,0.54,0.46
245,Reading,Middlesex,42.5256,-71.0958,MA,0.07,0.06,0.07,0.06,0.08,0.12,0.14,0.16,0.12,0.07,0.05,0.51,0.49
246,Rehoboth,Bristol,41.8403,-71.25,MA,0.04,0.06,0.07,0.07,0.13,0.09,0.15,0.19,0.11,0.06,0.03,0.48,0.52
247,Revere,Suffolk,42.4084,-71.012,MA,0.05,0.07,0.05,0.05,0.12,0.17,0.15,0.13,0.11,0.06,0.04,0.5,0.5
248,Richmond,Berkshire,42.3731,-73.3681,MA,0.06,0.03,0.03,0.04,0.04,0.11,0.08,0.19,0.21,0.15,0.06,0.51,0.49
249,Rochester,Plymouth,41.7317,-70.8206,MA,0.05,0.07,0.08,0.09,0.08,0.07,0.13,0.19,0.16,0.06,0.02,0.46,0.54
250,Rockland,Plymouth,42.1263,-70.9164,MA,0.06,0.07,0.05,0.06,0.13,0.13,0.14,0.14,0.12,0.07,0.03,0.52,0.48
251,Rockport,Essex,42.6556,-70.6208,MA,0.02,0.06,0.04,0.05,0.07,0.08,0.1,0.16,0.2,0.14,0.08,0.56,0.44
252,Rowe,Franklin,42.6957,-72.8985,MA,0.03,0.03,0.06,0.07,0.11,0.12,0.07,0.1,0.2,0.14,0.07,0.55,0.45
253,Rowley,Essex,42.7167,-70.8792,MA,0.03,0.06,0.05,0.09,0.09,0.12,0.11,0.19,0.14,0.08,0.04,0.54,0.46
254,Royalston,Worcester,42.6775,-72.1883,MA,0.03,0.04,0.05,0.07,0.05,0.11,0.13,0.2,0.2,0.1,0.02,0.48,0.52
255,Russell,Hampden,42.1897,-72.8591,MA,0.07,0.06,0.06,0.05,0.11,0.14,0.13,0.14,0.15,0.07,0.02,0.52,0.48
256,Rutland,Worcester,42.3694,-71.9486,MA,0.07,0.06,0.08,0.1,0.1,0.1,0.19,0.12,0.11,0.06,0.01,0.46,0.54
257,Salem,Essex,42.5214,-70.8986,MA,0.04,0.05,0.06,0.04,0.18,0.16,0.12,0.13,0.11,0.07,0.04,0.55,0.45
258,Salisbury,Essex,42.8418,-70.8604,MA,0.04,0.04,0.05,0.05,0.1,0.12,0.15,0.16,0.16,0.09,0.04,0.5,0.5
259,Sandisfield,Berkshire,42.1112,-73.1399,MA,0.05,0.05,0.06,0.06,0.06,0.08,0.16,0.15,0.16,0.09,0.08,0.48,0.52
260,Sandwich,Barnstable,41.7589,-70.4944,MA,0.03,0.06,0.07,0.05,0.1,0.09,0.1,0.18,0.17,0.1,0.05,0.51,0.49
261,Saugus,Essex,42.4647,-71.0106,MA,0.04,0.05,0.05,0.05,0.12,0.11,0.12,0.18,0.14,0.08,0.06,0.51,0.49
262,Savoy,Lanesborough,42.5667,-73.0292,MA,0.06,0.05,0.03,0.05,0.09,0.09,0.08,0.18,0.22,0.11,0.04,0.51,0.49
263,Scituate,Plymouth,42.2,-70.7724,MA,0.05,0.06,0.05,0.07,0.06,0.09,0.12,0.18,0.18,0.09,0.05,0.53,0.47
264,Seekonk,Bristol,41.8083,-71.3375,MA,0.04,0.05,0.06,0.08,0.09,0.11,0.15,0.16,0.13,0.09,0.04,0.53,0.47
265,Sharon,Norfolk,42.1236,-71.1786,MA,0.04,0.08,0.1,0.08,0.07,0.09,0.16,0.16,0.12,0.06,0.04,0.52,0.48
266,Sheffield,Lanesborough,42.1107,-73.3531,MA,0.01,0.04,0.05,0.05,0.12,0.06,0.14,0.18,0.17,0.12,0.06,0.5,0.5
267,Shelburne,Franklin,42.6003,-72.6705,MA,0.01,0.04,0.04,0.05,0.06,0.09,0.07,0.22,0.23,0.12,0.07,0.57,0.43
268,Sherborn,Middlesex,42.2391,-71.3694,MA,0.06,0.05,0.08,0.1,0.05,0.08,0.14,0.22,0.13,0.05,0.04,0.54,0.46
269,Shirley,Middlesex,42.5586,-71.6464,MA,0.01,0.05,0.02,0.05,0.16,0.11,0.15,0.19,0.16,0.05,0.05,0.48,0.52
270,Shrewsbury,Worcester,42.2966,-71.7136,MA,0.06,0.06,0.07,0.06,0.11,0.12,0.14,0.16,0.11,0.06,0.05,0.51,0.49
271,Shutesbury,Franklin,42.4521,-72.41,MA,0.03,0.06,0.05,0.06,0.08,0.12,0.13,0.16,0.23,0.06,0.02,0.53,0.47
272,Somerset,Bristol,41.7694,-71.1292,MA,0.04,0.05,0.05,0.07,0.09,0.12,0.11,0.16,0.14,0.08,0.09,0.5,0.5
273,Somerville,Middlesex,42.3875,-71.1,MA,0.04,0.04,0.05,0.04,0.27,0.24,0.1,0.07,0.08,0.05,0.02,0.53,0.47
274,South Hadley,Hampshire,42.2583,-72.575,MA,0.03,0.04,0.08,0.07,0.18,0.11,0.12,0.12,0.11,0.08,0.06,0.61,0.39
275,Southampton,Hampshire,42.2292,-72.7306,MA,0.04,0.04,0.07,0.06,0.12,0.07,0.14,0.17,0.18,0.09,0.02,0.49,0.51
276,Southborough,Worcester,42.3056,-71.525,MA,0.05,0.08,0.07,0.09,0.08,0.09,0.15,0.19,0.11,0.06,0.03,0.51,0.49
277,Southbridge,Worcester,42.075,-72.0339,MA,0.06,0.06,0.06,0.06,0.15,0.11,0.15,0.13,0.12,0.06,0.04,0.51,0.49
278,Southwick,Hampden,42.0547,-72.7708,MA,0.04,0.05,0.06,0.06,0.09,0.12,0.12,0.15,0.14,0.11,0.06,0.5,0.5
279,Spencer,Worcester,42.2439,-71.9928,MA,0.03,0.04,0.06,0.07,0.1,0.15,0.12,0.16,0.15,0.08,0.04,0.48,0.52
280,Springfield,Hampden,42.1124,-72.5475,MA,0.08,0.08,0.06,0.07,0.18,0.12,0.12,0.11,0.1,0.06,0.02,0.53,0.47
281,Sterling,Worcester,42.4375,-71.7611,MA,0.03,0.06,0.06,0.1,0.08,0.1,0.14,0.18,0.13,0.1,0.02,0.52,0.48
282,Stockbridge,Berkshire,42.2875,-73.3208,MA,0.01,0.03,0.02,0.04,0.07,0.08,0.05,0.2,0.28,0.13,0.09,0.57,0.43
283,Stoneham,Middlesex,42.48,-71.1002,MA,0.04,0.05,0.04,0.04,0.12,0.14,0.14,0.14,0.14,0.08,0.07,0.5,0.5
284,Stoughton,Norfolk,42.125,-71.1028,MA,0.05,0.04,0.06,0.06,0.1,0.13,0.12,0.17,0.14,0.08,0.05,0.53,0.47
285,Stow,Middlesex,42.4369,-71.5061,MA,0.05,0.1,0.07,0.07,0.08,0.11,0.13,0.18,0.09,0.07,0.05,0.52,0.48
286,Sturbridge,Worcester,42.0981,-72.0639,MA,0.06,0.07,0.08,0.06,0.08,0.12,0.15,0.14,0.11,0.1,0.03,0.55,0.45
287,Sudbury,Middlesex,42.3825,-71.4125,MA,0.07,0.07,0.06,0.09,0.06,0.08,0.15,0.19,0.12,0.07,0.04,0.49,0.51
288,Sunderland,Franklin,42.4667,-72.5792,MA,0.05,0.02,0.04,0.04,0.3,0.12,0.09,0.12,0.13,0.06,0.03,0.52,0.48
289,Sutton,Worcester,42.15,-71.7633,MA,0.04,0.05,0.06,0.09,0.1,0.09,0.15,0.18,0.14,0.06,0.04,0.48,0.52
290,Swampscott,Essex,42.4708,-70.9181,MA,0.06,0.05,0.07,0.05,0.1,0.1,0.15,0.16,0.14,0.06,0.06,0.54,0.46
291,Swansea,Bristol,41.7482,-71.1896,MA,0.04,0.05,0.05,0.06,0.1,0.13,0.14,0.15,0.16,0.07,0.05,0.49,0.51
292,Taunton,Bristol,41.9017,-71.0927,MA,0.05,0.07,0.07,0.06,0.12,0.14,0.12,0.14,0.12,0.07,0.04,0.52,0.48
293,Templeton,Worcester,42.5561,-72.0676,MA,0.05,0.04,0.06,0.07,0.13,0.12,0.13,0.16,0.12,0.08,0.04,0.51,0.49
294,Tewksbury,Middlesex,42.6106,-71.2347,MA,0.04,0.05,0.07,0.07,0.11,0.11,0.14,0.15,0.15,0.06,0.05,0.52,0.48
295,Tisbury,Dukes,41.4535,-70.6033,MA,0.01,0.04,0.05,0.1,0.1,0.11,0.13,0.14,0.16,0.11,0.05,0.46,0.54
296,Tolland,Hampden,42.0813,-73.0115,MA,0.01,0.03,0.04,0.05,0.08,0.08,0.09,0.21,0.26,0.12,0.03,0.49,0.51
297,Topsfield,Essex,42.6375,-70.95,MA,0.07,0.06,0.07,0.08,0.05,0.09,0.14,0.15,0.12,0.09,0.08,0.52,0.48
298,Townsend,Middlesex,42.6669,-71.7058,MA,0.06,0.06,0.06,0.06,0.12,0.12,0.12,0.18,0.14,0.05,0.03,0.5,0.5
299,Truro,Barnstable,41.9991,-70.0537,MA,0.02,0.04,0.02,0.03,0.03,0.04,0.18,0.09,0.33,0.15,0.07,0.46,0.54
300,Tyngsborough,Middlesex,42.6717,-71.4169,MA,0.05,0.03,0.08,0.06,0.13,0.11,0.15,0.19,0.13,0.05,0.02,0.5,0.5
301,Tyringham,Berkshire,42.2458,-73.2042,MA,0.04,0.04,0.03,0.04,0.11,0.05,0.09,0.16,0.23,0.13,0.08,0.55,0.45
302,Upton,Worcester,42.1744,-71.6028,MA,0.04,0.07,0.06,0.08,0.09,0.12,0.14,0.19,0.13,0.06,0.02,0.5,0.5
303,Uxbridge,Worcester,42.0772,-71.63,MA,0.06,0.07,0.05,0.07,0.11,0.12,0.13,0.19,0.09,0.06,0.05,0.49,0.51
304,Wakefield,Middlesex,42.5064,-71.0733,MA,0.05,0.06,0.06,0.05,0.11,0.13,0.13,0.15,0.14,0.07,0.05,0.52,0.48
305,Wales,Hampden,42.0694,-72.2228,MA,0.07,0.06,0.07,0.07,0.12,0.11,0.12,0.16,0.14,0.05,0.03,0.51,0.49
306,Walpole,Norfolk,42.1417,-71.25,MA,0.07,0.06,0.07,0.08,0.08,0.13,0.15,0.15,0.09,0.08,0.04,0.49,0.51
307,Waltham,Middlesex,42.3806,-71.235,MA,0.05,0.03,0.06,0.04,0.21,0.18,0.12,0.11,0.1,0.06,0.04,0.51,0.49
308,Ware,Hampshire,42.2597,-72.2403,MA,0.06,0.05,0.04,0.05,0.1,0.14,0.12,0.14,0.15,0.09,0.06,0.51,0.49
309,Wareham,Plymouth,41.7625,-70.7222,MA,0.03,0.05,0.05,0.06,0.11,0.11,0.1,0.19,0.16,0.09,0.05,0.52,0.48
310,Warren,Worcester,42.2125,-72.1917,MA,0.06,0.07,0.07,0.05,0.1,0.18,0.14,0.13,0.1,0.04,0.06,0.56,0.44
311,Warwick,Franklin,42.6819,-72.3394,MA,0.04,0.05,0.04,0.05,0.09,0.06,0.11,0.22,0.23,0.08,0.03,0.5,0.5
312,Washington,Berkshire,42.3667,-73.1167,MA,0.02,0.05,0.05,0.02,0.04,0.08,0.11,0.19,0.27,0.13,0.04,0.47,0.53
313,Watertown,Middlesex,42.3674,-71.1875,MA,0.07,0.04,0.02,0.04,0.15,0.21,0.11,0.12,0.13,0.06,0.05,0.53,0.47
314,Wayland,Middlesex,42.3625,-71.3619,MA,0.05,0.09,0.07,0.07,0.06,0.11,0.13,0.17,0.11,0.09,0.05,0.5,0.5
315,Webster,Worcester,42.05,-71.8806,MA,0.05,0.06,0.05,0.06,0.12,0.12,0.11,0.18,0.12,0.08,0.05,0.54,0.46
316,Wellesley,Norfolk,42.2964,-71.2931,MA,0.04,0.07,0.12,0.11,0.12,0.07,0.13,0.13,0.1,0.07,0.04,0.57,0.43
317,Wellfleet,Barnstable,41.9375,-70.0333,MA,0.01,0.04,0.03,0.06,0.11,0.06,0.06,0.18,0.2,0.16,0.09,0.56,0.44
318,Wendell,Franklin,42.5481,-72.3972,MA,0.03,0.07,0.04,0.06,0.04,0.12,0.15,0.14,0.24,0.1,0.01,0.49,0.51
319,Wenham,Essex,42.6042,-70.8868,MA,0.04,0.03,0.14,0.11,0.2,0.07,0.09,0.12,0.09,0.05,0.06,0.57,0.43
320,West Boylston,Worcester,42.3667,-71.7861,MA,0.03,0.04,0.03,0.04,0.15,0.16,0.15,0.13,0.13,0.09,0.05,0.41,0.59
321,West Bridgewater,Plymouth,42.0189,-71.0083,MA,0.06,0.05,0.07,0.06,0.11,0.11,0.15,0.13,0.14,0.08,0.04,0.51,0.49
322,West Brookfield,Worcester,42.2353,-72.1417,MA,0.04,0.05,0.06,0.04,0.1,0.13,0.12,0.17,0.11,0.1,0.08,0.51,0.49
323,West Newbury,Essex,42.8014,-70.9903,MA,0.03,0.06,0.05,0.1,0.07,0.09,0.1,0.19,0.2,0.08,0.03,0.48,0.52
324,West Springfield,Hampden,42.1069,-72.6208,MA,0.05,0.05,0.06,0.06,0.13,0.13,0.13,0.16,0.11,0.07,0.05,0.51,0.49
325,West Stockbridge,Berkshire,42.3458,-73.3667,MA,0.03,0.06,0.04,0.05,0.08,0.06,0.14,0.19,0.19,0.12,0.04,0.49,0.51
326,West Tisbury,Dukes,41.3811,-70.675,MA,0.01,0.03,0.04,0.09,0.03,0.08,0.1,0.19,0.21,0.18,0.04,0.58,0.42
327,Westborough,Worcester,42.2694,-71.6167,MA,0.06,0.07,0.07,0.07,0.09,0.15,0.15,0.15,0.09,0.05,0.05,0.5,0.5
328,Westfield,Hampden,42.125,-72.75,MA,0.03,0.06,0.06,0.1,0.17,0.1,0.11,0.14,0.12,0.07,0.04,0.52,0.48
329,Westford,Middlesex,42.5811,-71.4396,MA,0.06,0.05,0.08,0.1,0.07,0.09,0.18,0.18,0.1,0.06,0.03,0.51,0.49
330,Westhampton,Hampshire,42.3028,-72.775,MA,0.03,0.06,0.09,0.02,0.12,0.09,0.11,0.21,0.16,0.08,0.03,0.51,0.49
331,Westminster,Worcester,42.5458,-71.9111,MA,0.03,0.06,0.06,0.06,0.1,0.12,0.11,0.16,0.2,0.08,0.02,0.5,0.5
332,Weston,Middlesex,42.3667,-71.3031,MA,0.05,0.07,0.07,0.1,0.09,0.05,0.13,0.17,0.11,0.08,0.08,0.52,0.48
333,Westport,Bristol,41.6389,-71.05,MA,0.03,0.05,0.05,0.06,0.09,0.09,0.14,0.17,0.15,0.11,0.06,0.5,0.5
334,Westwood,Norfolk,42.2139,-71.225,MA,0.06,0.07,0.07,0.07,0.09,0.07,0.15,0.18,0.1,0.07,0.07,0.52,0.48
335,Weymouth,Norfolk,42.2208,-70.9403,MA,0.05,0.05,0.06,0.05,0.13,0.13,0.13,0.14,0.14,0.08,0.04,0.53,0.47
336,Whately,Franklin,42.4448,-72.6258,MA,0.04,0.05,0.07,0.05,0.08,0.13,0.12,0.15,0.19,0.09,0.03,0.48,0.52
337,Whitman,Plymouth,42.0806,-70.9361,MA,0.07,0.05,0.06,0.08,0.14,0.12,0.14,0.15,0.09,0.07,0.03,0.51,0.49
338,Wilbraham,Hampden,42.1236,-72.4319,MA,0.05,0.04,0.06,0.08,0.09,0.12,0.11,0.16,0.14,0.09,0.06,0.54,0.46
339,Williamsburg,Hampshire,42.3927,-72.7303,MA,0.01,0.05,0.04,0.05,0.1,0.12,0.12,0.18,0.21,0.07,0.05,0.52,0.48
340,Williamstown,Berkshire,42.7119,-73.2042,MA,0.03,0.03,0.09,0.13,0.22,0.07,0.07,0.1,0.13,0.08,0.05,0.55,0.45
341,Wilmington,Middlesex,42.55,-71.1667,MA,0.06,0.05,0.06,0.06,0.12,0.12,0.13,0.17,0.12,0.06,0.05,0.51,0.49
342,Winchendon,Worcester,42.6871,-72.044,MA,0.06,0.07,0.06,0.07,0.15,0.12,0.1,0.17,0.11,0.05,0.04,0.48,0.52
343,Winchester,Middlesex,42.4522,-71.1375,MA,0.06,0.1,0.07,0.08,0.06,0.09,0.16,0.16,0.1,0.06,0.06,0.51,0.49
344,Windsor,Berkshire,42.5114,-73.0578,MA,0.02,0.04,0.04,0.06,0.1,0.06,0.15,0.19,0.26,0.06,0.02,0.49,0.51
345,Winthrop,Suffolk,42.375,-70.9833,MA,0.04,0.05,0.06,0.05,0.11,0.15,0.12,0.15,0.15,0.08,0.04,0.53,0.47
346,Woburn,Middlesex,42.4791,-71.1518,MA,0.06,0.05,0.05,0.05,0.12,0.16,0.12,0.14,0.13,0.07,0.05,0.49,0.51
347,Worcester,Worcester,42.2667,-71.8,MA,0.06,0.05,0.07,0.07,0.18,0.14,0.12,0.12,0.1,0.05,0.04,0.51,0.49
348,Worthington,Hampshire,42.3972,-72.9361,MA,0.02,0.05,0.06,0.06,0.1,0.09,0.13,0.14,0.21,0.1,0.04,0.54,0.46
349,Wrentham,Norfolk,42.0639,-71.3315,MA,0.07,0.06,0.07,0.07,0.09,0.11,0.12,0.19,0.13,0.05,0.04,0.48,0.52
350,Yarmouth,Barnstable,41.7055,-70.2286,MA,0.02,0.06,0.02,0.06,0.11,0.1,0.08,0.14,0.16,0.14,0.11,0.55,0.45
