<?xml version="1.0" encoding="UTF-8"?>
<Export generator="Cache" version="25" zv="Cache for Windows (x86-64) 2013.2 (Build 286U)" ts="2013-04-12 13:29:37">
<Class name="Demo.HL7v3.Rule.RouteAndTransform">
<Description>
Test rule for HL7 version 3 productions</Description>
<ProcedureBlock>1</ProcedureBlock>
<Super>Ens.Rule.Definition</Super>
<TimeChanged>62858,5110.273177</TimeChanged>
<TimeCreated>62858,5110.266561</TimeCreated>

<Parameter name="RuleAssistClass">
<Default>EnsLib.MsgRouter.VDocRuleAssistCompatible</Default>
</Parameter>

<XData name="RuleDefinition">
<XMLNamespace>http://www.intersystems.com/rule</XMLNamespace>
<Data><![CDATA[
<ruleDefinition alias="" context="Demo.HL7v3.Rule.Context" production="">
<ruleSet name="" effectiveBegin="" effectiveEnd="">
<rule name="">
<constraint name="msgClass" value="Demo.HL7v3.Message"></constraint>
<constraint name="docName" value="MFMT_IN002101"></constraint>
<when condition="1">
<send transform="Demo.HL7v3.Transformation.MFMTIN002101" target="HL7v3 SOAP Out"></send>
<send transform="Demo.HL7v3.Transformation.MFMTIN002101" target="HL7v3 File Out MFMT"></send>
<return></return>
</when>
</rule>
<rule name="">
<constraint name="msgClass" value="Demo.HL7v3.Message"></constraint>
<constraint name="docName" value="QUPA_IN101103"></constraint>
<when condition="1">
<send transform="Demo.HL7v3.Transformation.QUPAIN101103" target="HL7v3 SOAP Out"></send>
<send transform="Demo.HL7v3.Transformation.QUPAIN101103" target="HL7v3 File Out QUPA"></send>
<return></return>
</when>
</rule>
</ruleSet>
</ruleDefinition>
]]></Data>
</XData>
</Class>
</Export>
