<?xml version="1.0" encoding="UTF-8"?>
<Export generator="Cache" version="25">
<Class name="Demo.ComplexMap.Summary.Students">
<Description>
RECORDMAP: Modified during compilation of Complex RecordMap 'Demo.ComplexMap.Summary.SemesterSummary'
on 2012-12-05 at 17:47:28.550 [2012-12-05 22:47:28.550 UTC]
by user DemoUser</Description>
<ProcedureBlock>1</ProcedureBlock>
<Super>EnsLib.RecordMap.ComplexSequence,%XML.Adaptor</Super>
<TimeCreated>62796,64048.550894</TimeCreated>
<Inheritance>right</Inheritance>

<Parameter name="RECORDMAPGENERATED">
<Default>1</Default>
</Parameter>

<Property name="Student">
<Type>Demo.ComplexMap.Summary.Student.Record</Type>
<Required>1</Required>
</Property>

<Property name="ClassInfo">
<Type>Demo.ComplexMap.Semester.ClassInfo.Record</Type>
<Collection>array</Collection>
<Required>1</Required>
</Property>

<Method name="PutSequence">
<FormalSpec>pIOStream:%IO.DeviceStream</FormalSpec>
<ReturnType>%Status</ReturnType>
<Implementation><![CDATA[
	Set tStatus = $$$OK
	Try {
		If $IsObject(..Student) {
			Set tStatus = ##class(Demo.ComplexMap.Summary.Student).PutObject(pIOStream,..Student,0)
			If $$$ISERR(tStatus) Quit
		}
		For i=1:1:..ClassInfo.Count() {
			Set tElement = ..ClassInfo.GetAt(i)
			If $IsObject(tElement) {
				Set tStatus = ##class(Demo.ComplexMap.Semester.ClassInfo).PutObject(pIOStream,tElement,0)
				If $$$ISERR(tStatus) Quit
			}
			Set tStatus = ..ClassInfo.%UnSwizzleAt(i)
			If $$$ISERR(tStatus) Quit
		}
		If $$$ISERR(tStatus) Quit
	}
	Catch {
		Set tStatus = $$$SystemError
	}
	Quit tStatus
]]></Implementation>
</Method>

<Trigger name="OnDeleteTrigger">
<Code>	Set %ok = ##class(Demo.ComplexMap.Summary.Students).%OnDelete($$$oidForm({ID}))
</Code>
<Event>DELETE</Event>
</Trigger>

<Storage name="Default">
<Type>%Library.CacheStorage</Type>
<DataLocation>^Demo.ComplexMap.S46EE.StudentsD</DataLocation>
<DefaultData>StudentsDefaultData</DefaultData>
<IdLocation>^Demo.ComplexMap.S46EE.StudentsD</IdLocation>
<IndexLocation>^Demo.ComplexMap.S46EE.StudentsI</IndexLocation>
<StreamLocation>^Demo.ComplexMap.S46EE.StudentsS</StreamLocation>
<ExtentSize>100000</ExtentSize>
<Data name="ClassInfo">
<Attribute>ClassInfo</Attribute>
<Structure>subnode</Structure>
<Subscript>"ClassInfo"</Subscript>
</Data>
<Data name="StudentsDefaultData">
<Structure>listnode</Structure>
<Subscript/>
<Value name="1">
<Value>%%CLASSNAME</Value>
</Value>
<Value name="2">
<Value>Student</Value>
</Value>
</Data>
</Storage>
</Class>
</Export>
