<?xml version="1.0" encoding="UTF-8"?>
<Export generator="Cache" version="24" zv="Cache for Windows (x86-64) 2010.2.2 (Build 600U)" ts="2011-03-01 12:05:51">
<Project name="A17Proj" LastModified="2011-03-01 12:05:22">
  <ProjectDescription><![CDATA[Studio Project generated from Production 'A17ToA02.A17ToA02Prod']]></ProjectDescription>
  <Items>
    <ProjectItem name="A17ToA02.A17ToA02DTL" type="CLS"/>
    <ProjectItem name="A17ToA02.A17ToA02DTLPatientTwo" type="CLS"/>
    <ProjectItem name="A17ToA02.A17ToA02Prod" type="CLS"/>
    <ProjectItem name="A17ToA02.From_ADT_TO_ADT_RoutingRule.RUL" type="RUL"/>
  </Items>
</Project>


<Class name="A17ToA02.A17ToA02DTL">
<ClassType/>
<ProcedureBlock>1</ProcedureBlock>
<Super>Ens.DataTransformDTL</Super>
<TimeChanged>61705,74700.415025</TimeChanged>
<TimeCreated>61705,73527.66616</TimeCreated>

<XData name="DTL">
<XMLNamespace>http://www.intersystems.com/dtl</XMLNamespace>
<Data><![CDATA[
<?xml version="1.0" ?>
<transform targetClass='EnsLib.HL7.Message' targetDocType='2.3.1:ADT_A02' sourceClass='EnsLib.HL7.Message' sourceDocType='2.3.1:ADT_A17' create='new' language='objectscript'>
<assign property='target.{MSH}' value='source.{MSH}' action='set'/>
<assign property='target.{EVN}' value='source.{EVN}' action='set'/>
<assign property='target.{PID}' value='source.{PID}' action='set'/>
<assign property='target.{PD1}' value='source.{PD1}' action='set'/>
<assign property='target.{PV1}' value='source.{PV1}' action='set'/>
<assign property='target.{MSH:MessageType.messagetype}' value='"ADT"' action='set'/>
<assign property='target.{EVN:EventTypeCode}' value='"A02"' action='set'/>
<assign property='target.{MSH:MessageType.triggerevent}' value='"A02"' action='set'/>
</transform>
]]></Data>
</XData>
</Class>


<Class name="A17ToA02.A17ToA02DTLPatientTwo">
<ClassType/>
<ProcedureBlock>1</ProcedureBlock>
<Super>Ens.DataTransformDTL</Super>
<TimeChanged>61705,74646.286664</TimeChanged>
<TimeCreated>61705,73802.15961</TimeCreated>

<XData name="DTL">
<XMLNamespace>http://www.intersystems.com/dtl</XMLNamespace>
<Data><![CDATA[
<?xml version="1.0" ?>
<transform targetClass='EnsLib.HL7.Message' targetDocType='2.3.1:ADT_A02' sourceClass='EnsLib.HL7.Message' sourceDocType='2.3.1:ADT_A17' create='new' language='objectscript'>
<assign property='target.{MSH}' value='source.{MSH}' action='set'/>
<assign property='target.{EVN}' value='source.{EVN}' action='set'/>
<assign property='target.{PID}' value='source.{PIDi2}' action='set'/>
<assign property='target.{PD1}' value='source.{PD1i2}' action='set'/>
<assign property='target.{PV1}' value='source.{PV1i2}' action='set'/>
<assign property='target.{MSH:MessageType.messagetype}' value='"ADT"' action='set'/>
<assign property='target.{EVN:EventTypeCode}' value='"A02"' action='set'/>
<assign property='target.{MSH:MessageType.triggerevent}' value='"A02"' action='set'/>
</transform>
]]></Data>
</XData>
</Class>


<Class name="A17ToA02.A17ToA02Prod">
<ProcedureBlock>1</ProcedureBlock>
<Super>Ens.Production</Super>
<TimeChanged>62151,43342.170983</TimeChanged>
<TimeCreated>61705,73307.493671</TimeCreated>

<XData name="ProductionDefinition">
<Data><![CDATA[
<Production Name="A17ToA02.A17ToA02Prod" TestingEnabled="false" LogGeneralTraceEvents="false">
  <Description>NewProduction</Description>
  <ActorPoolSize>2</ActorPoolSize>
  <Setting Target="Production" Name="ShutdownTimeout">10</Setting>
  <Item Name="From_ADT_File" Category="" ClassName="EnsLib.HL7.Service.FileService" PoolSize="1" Enabled="true" Foreground="false" InactivityTimeout="0" Comment="" LogTraceEvents="false" Schedule="">
    <Setting Target="Host" Name="TargetConfigNames">From_ADT_TO_ADT_Router</Setting>
    <Setting Target="Host" Name="MessageSchemaCategory">2.3.1</Setting>
    <Setting Target="Adapter" Name="FilePath">c:\Integration\HL7\In</Setting>
    <Setting Target="Adapter" Name="FileSpec">*</Setting>
    <Setting Target="Adapter" Name="ArchivePath"></Setting>
  </Item>
  <Item Name="From_ADT_TO_ADT_Router" Category="" ClassName="EnsLib.HL7.MsgRouter.RoutingEngine" PoolSize="1" Enabled="true" Foreground="false" InactivityTimeout="0" Comment="" LogTraceEvents="false" Schedule="">
    <Setting Target="Host" Name="Validation"></Setting>
    <Setting Target="Host" Name="BusinessRuleName">A17ToA02.From_ADT_TO_ADT_RoutingRule</Setting>
  </Item>
  <Item Name="To_ADT_File" Category="" ClassName="EnsLib.HL7.Operation.FileOperation" PoolSize="1" Enabled="true" Foreground="false" InactivityTimeout="0" Comment="" LogTraceEvents="false" Schedule="">
    <Setting Target="Host" Name="Filename">ADT_%f_%Q.txt</Setting>
    <Setting Target="Adapter" Name="FilePath">c:\Integration\HL7\Out</Setting>
  </Item>
</Production>
]]></Data>
</XData>
</Class>


<Document name="A17ToA02.From_ADT_TO_ADT_RoutingRule.RUL"><routingRule host="A17ToA02" name="From_ADT_TO_ADT_RoutingRule" effectiveBeginDateTime="" effectiveEndDateTime="" context="EnsLib.HL7.MsgRouter.RoutingEngine" doAll="false" source="" msgClass="" docName="" docCategory="" docType="">
  <FullName>From_ADT_TO_ADT_RoutingRule</FullName>
  <description></description>
  <reportGroup></reportGroup>
  <reportName></reportName>
  <shortDescription></shortDescription>
  <rule source="From_ADT_File" msgClass="EnsLib.HL7.Message" docName="" docCategory="" docType="">
    <action type="send" target="To_ADT_File" transform="A17ToA02.A17ToA02DTL"></action>
    <action type="send" target="To_ADT_File" transform="A17ToA02.A17ToA02DTLPatientTwo"></action>
  </rule>
</routingRule>
</Document></Export>
