<?xml version="1.0" encoding="UTF-8"?>
<Export generator="Cache" version="24" zv="Cache for Windows (x86-64) 2010.2 (Build 356U)" ts="2010-07-13 16:34:05">
<Class name="HL7ToTextReport.CreateTranscriptionTextFileBO">
<ProcedureBlock>1</ProcedureBlock>
<Super>Ens.BusinessOperation</Super>
<TimeChanged>61920,59248.651758</TimeChanged>
<TimeCreated>61918,68692.940562</TimeCreated>

<Parameter name="ADAPTER">
<Default>EnsLib.File.OutboundAdapter</Default>
</Parameter>

<Property name="Adapter">
<Type>EnsLib.File.OutboundAdapter</Type>
</Property>

<Parameter name="INVOCATION">
<Default>Queue</Default>
</Parameter>

<Method name="CreateFile">
<FormalSpec>pRequest:HL7ToTextReport.TranscriptionReq,*pResponse:Ens.Response</FormalSpec>
<ReturnType>%Status</ReturnType>
<Implementation><![CDATA[

	/*
	<DE-Department:MEDREC>
	<SITE:FV>
	<MR-Medical Record#:F000844023>
	<PN-Pt Name:BRIDGES,STEPHEN C>
	<AN-Account#:F00323859629>
	<DD-Dictated Date:02/14/2009>
	<DT-Dictated Time:1130>
	<TD-Transcribed Date:02/14/2009>
	<TT-Transcribed Time:1153>
	<RT-Report Type:DCSUMMARY>
	<ST-RptStatus:D>
	<DB-Dictated By:CLARCH1>
	<TB-Transcribed By:MEDQUIST>
	*/

	//Format of report is each piece of data on a separate line in the output file
	//Create and populate message to send to file outbound adapter
	set stream = ##class(%Stream.GlobalCharacter).%New()

	set sc = stream.WriteLine("<DE-Department:"_pRequest.Department_">")
	set sc = stream.WriteLine("<SITE:"_pRequest.Site_">")
	set sc = stream.WriteLine("<MR-Medical Record#:"_pRequest.MRN_">")
	set sc = stream.WriteLine("<PN-Pt Name:"_pRequest.PtName_">")
	set sc = stream.WriteLine("<AN-Account#:"_pRequest.AccountNo_">")
	set sc = stream.WriteLine("<DD-Dictated Date:"_pRequest.DictatedDate_">")
	set sc = stream.WriteLine("<DT-Dictated Time:"_pRequest.DictatedTime_">")
	set sc = stream.WriteLine("<TD-Transcribed Date:"_pRequest.TranscribedDate_">")
	set sc = stream.WriteLine("<TT-Transcribed Time:"_pRequest.TranscribedTime_">")
	set sc = stream.WriteLine("<RT-Report Type:"_pRequest.ReportType_">")
	set sc = stream.WriteLine("<DB-Dictated By:"_pRequest.DictatedBy_">")
	set sc = stream.WriteLine("<TB-Transcribed By:"_pRequest.TranscribedBy_">")
	set sc = stream.Write(pRequest.Report)
	
	//Write report to file with timestamp in file name
	set current = ##class(HL7ToTextReport.FunctionSet).CurrentDateTime()
	set tSc = ..Adapter.PutStream("textreport "_current_".txt",stream)
	
	Quit tSc
]]></Implementation>
</Method>

<XData name="MessageMap">
<Data><![CDATA[
<MapItems>
	<MapItem MessageType="HL7ToTextReport.TranscriptionReq"> 
		<Method>CreateFile</Method>
	</MapItem>
</MapItems>
]]></Data>
</XData>
</Class>


<Class name="HL7ToTextReport.FunctionSet">
<Super>Ens.Rule.FunctionSet</Super>
<TimeChanged>61919,44804.771879</TimeChanged>
<TimeCreated>61918,76913.776047</TimeCreated>

<Method name="CurrentDateTime">
<ClassMethod>1</ClassMethod>
<ReturnType>%String</ReturnType>
<Implementation><![CDATA[
	set dt = $ZDT($H,1,3)
	quit $TR(dt,"/:-","...")
]]></Implementation>
</Method>

<Method name="ConvertDate">
<ClassMethod>1</ClassMethod>
<FormalSpec>d:%String</FormalSpec>
<ReturnType>%String</ReturnType>
<Implementation><![CDATA[
	if $L(d) = 12 { s d = d_"00" }
	quit ..ConvertDateTime(d,"%q","%m/%d/%Y")
]]></Implementation>
</Method>

<Method name="ConvertTime">
<ClassMethod>1</ClassMethod>
<FormalSpec>d:%String</FormalSpec>
<ReturnType>%String</ReturnType>
<Implementation><![CDATA[
	if $L(d) = 12 { s d = d_"00" }
	quit ..ConvertDateTime(d,"%q","%I%M")
]]></Implementation>
</Method>


</Class>


<Class name="HL7ToTextReport.ORUtoTranscribedReportDTL">
<ClassType/>
<ProcedureBlock>1</ProcedureBlock>
<Super>Ens.DataTransformDTL</Super>
<TimeChanged>61920,59228.447231</TimeChanged>
<TimeCreated>61918,70898.987998</TimeCreated>

<XData name="DTL">
<XMLNamespace>http://www.intersystems.com/dtl</XMLNamespace>
<Data><![CDATA[
<?xml version="1.0" ?>
<transform targetClass='HL7ToTextReport.TranscriptionReq' sourceClass='EnsLib.HL7.Message' sourceDocType='HL7ToTextReport:ORU_BHS' create='new' language='objectscript'>
<assign property='target.Site' value='source.{MSH:SendingFacility}' action='set'/>
<assign property='target.ReportType' value='source.{OBR:FillerField2}' action='set'/>
<assign property='target.RptStatus' value='source.{OBR:ResultStatus}' action='set'/>
<assign property='target.MRN' value='source.{PID:PatientIDInternalID(1).ID}' action='set'/>
<assign property='target.PtName' value='source.{PID:PatientName.familyname}_","_source.{PID:PatientName.givenname}_" "_source.{PID:PatientName.middleinitialorname}' action='set'/>
<assign property='target.AccountNo' value='source.{PID:PatientAccountNumber}' action='set'/>
<assign property='target.DictatedDate' value='##class(HL7ToTextReport.FunctionSet).ConvertDate(source.{OBR:ObservationDateTime})' action='set'/>
<assign property='target.DictatedTime' value='##class(HL7ToTextReport.FunctionSet).ConvertTime(source.{OBR:ObservationDateTime})' action='set'/>
<assign property='target.TranscribedDate' value='##class(HL7ToTextReport.FunctionSet).ConvertDate(source.{OBR:ObservationEndDateTime})' action='set'/>
<assign property='target.TranscribedTime' value='##class(HL7ToTextReport.FunctionSet).ConvertTime(source.{OBR:ObservationEndDateTime})' action='set'/>
<assign property='target.Department' value='source.{OBR:FillerField1}' action='set'/>
<assign property='target.TranscribedBy' value='source.{OBR:Transcriptionist(1)}' action='set'/>
<assign property='target.DictatedBy' value='source.{OBR:PrincipalResultInterpreter}' action='set'/>
<assign property='target.Report' value='..ReplaceStr(source.{OBX:ObservationValue()},"~",$C(13,10))' action='set'/>
</transform>
]]></Data>
</XData>
</Class>


<Class name="HL7ToTextReport.TranscriptionReq">
<Super>Ens.Request</Super>
<TimeChanged>61919,58123.884056</TimeChanged>
<TimeCreated>61918,67112.045687</TimeCreated>

<UDLText name="T">
<Content><![CDATA[
/*
<DE-Department:MEDREC>
<SITE:FV>
<MR-Medical Record#:F000844023>
<PN-Pt Name:BRIDGES,STEPHEN C>
<AN-Account#:F00323859629>
<DD-Dictated Date:02/14/2009>
<DT-Dictated Time:1130>
<TD-Transcribed Date:02/14/2009>
<TT-Transcribed Time:1153>
<RT-Report Type:DCSUMMARY>
<ST-RptStatus:D>
<DB-Dictated By:CLARCH1>
<TB-Transcribed By:MEDQUIST>

*/
]]></Content>
</UDLText>

<Property name="Department">
<Description>
"DE-Department"</Description>
<Type>%String</Type>
</Property>

<Property name="Site">
<Type>%String</Type>
</Property>

<Property name="MRN">
<Type>%String</Type>
</Property>

<Property name="PtName">
<Type>%String</Type>
</Property>

<Property name="AccountNo">
<Type>%String</Type>
</Property>

<Property name="DictatedDate">
<Type>%String</Type>
</Property>

<Property name="DictatedTime">
<Type>%String</Type>
</Property>

<Property name="TranscribedDate">
<Type>%String</Type>
</Property>

<Property name="TranscribedTime">
<Type>%String</Type>
</Property>

<Property name="ReportType">
<Type>%String</Type>
</Property>

<Property name="RptStatus">
<Type>%String</Type>
</Property>

<Property name="DictatedBy">
<Type>%String</Type>
</Property>

<Property name="TranscribedBy">
<Type>%String</Type>
</Property>

<Property name="Report">
<Type>%String</Type>
<Parameter name="MAXLEN" value="32000"/>
</Property>

<Storage name="Default">
<Type>%Library.CacheStorage</Type>
<DefaultData>TranscriptionDefaultData</DefaultData>
<Data name="TranscriptionDefaultData">
<Structure>listnode</Structure>
<Subscript>"Transcription"</Subscript>
<Value name="1">
<Value>Department</Value>
</Value>
<Value name="2">
<Value>Site</Value>
</Value>
<Value name="3">
<Value>MRN</Value>
</Value>
<Value name="4">
<Value>PtName</Value>
</Value>
<Value name="5">
<Value>AccountNo</Value>
</Value>
<Value name="6">
<Value>DictatedDate</Value>
</Value>
<Value name="7">
<Value>DictatedTime</Value>
</Value>
<Value name="8">
<Value>TranscribedDate</Value>
</Value>
<Value name="9">
<Value>TranscribedTime</Value>
</Value>
<Value name="10">
<Value>ReportType</Value>
</Value>
<Value name="11">
<Value>RptStatus</Value>
</Value>
<Value name="12">
<Value>DictatedBy</Value>
</Value>
<Value name="13">
<Value>TranscribedBy</Value>
</Value>
<Value name="14">
<Value>Report</Value>
</Value>
</Data>
</Storage>
</Class>


<Project name="HL7 to Text Report" LastModified="2010-07-13 16:33:12">
  <Items>
    <ProjectItem name="HL7ToTextReport.CreateTranscriptionTextFileBO" type="CLS"/>
    <ProjectItem name="HL7ToTextReport.FunctionSet" type="CLS"/>
    <ProjectItem name="HL7ToTextReport.HL7" type="HL7"/>
    <ProjectItem name="HL7ToTextReport.ORUtoTranscribedReportDTL" type="CLS"/>
    <ProjectItem name="HL7ToTextReport.TranscriptionReq" type="CLS"/>
    <ProjectItem name="HL7ToTextReport.From_Lab_ORU_RoutingRule.RUL" type="RUL"/>
    <ProjectItem name="HL7ToTextReport.HL7toTranscriptionProd" type="CLS"/>
  </Items>
</Project>


<Class name="HL7ToTextReport.HL7toTranscriptionProd">
<ProcedureBlock>1</ProcedureBlock>
<Super>Ens.Production</Super>
<TimeChanged>61920,59424.515627</TimeChanged>
<TimeCreated>61920,59283.414551</TimeCreated>

<XData name="ProductionDefinition">
<Data><![CDATA[
<Production Name="HL7ToTextReport.HL7toTranscription" LogGeneralTraceEvents="false">
  <Description>NewProduction</Description>
  <ActorPoolSize>2</ActorPoolSize>
  <Item Name="From_Lab_ORU" Category="" ClassName="EnsLib.HL7.Service.FileService" PoolSize="1" Enabled="true" Foreground="false" InactivityTimeout="0" Comment="" LogTraceEvents="false" Schedule="">
    <Setting Target="Host" Name="TargetConfigNames">From_Lab_ORU_Router</Setting>
    <Setting Target="Host" Name="MessageSchemaCategory">HL7ToTextReport</Setting>
    <Setting Target="Adapter" Name="FilePath">C:\Integration\HL7\In</Setting>
    <Setting Target="Adapter" Name="FileSpec">*.txt</Setting>
    <Setting Target="Adapter" Name="ArchivePath"></Setting>
  </Item>
  <Item Name="From_Lab_ORU_Router" Category="" ClassName="EnsLib.HL7.MsgRouter.RoutingEngine" PoolSize="1" Enabled="true" Foreground="false" InactivityTimeout="0" Comment="" LogTraceEvents="false" Schedule="">
    <Setting Target="Host" Name="Validation"></Setting>
    <Setting Target="Host" Name="BusinessRuleName">HL7ToTextReport.From_Lab_ORU_RoutingRule</Setting>
  </Item>
  <Item Name="HL7ToTextReport.CreateTranscriptionTextFileBO" Category="" ClassName="HL7ToTextReport.CreateTranscriptionTextFileBO" PoolSize="1" Enabled="true" Foreground="false" InactivityTimeout="0" Comment="" LogTraceEvents="false" Schedule="">
    <Setting Target="Adapter" Name="FilePath">C:\Integration\HL7\Out</Setting>
  </Item>
</Production>
]]></Data>
</XData>
</Class>


<Document name="HL7ToTextReport.HL7">
<Category name="HL7ToTextReport" base="2.3">

<MessageType name='ADT_A01' structure='ADT_A01' returntype='base:ACK_A01'/>
<MessageType name='ADT_A04' structure='ADT_A01' returntype='base:ACK_A04'/>
<MessageType name='ADT_A08' structure='ADT_A01' returntype='base:ACK_A08'/>
<MessageType name='ORU' structure='ORU_BHS' returntype='base:ACK'/>

<MessageStructure name='ADT_A01' definition='base:MSH~base:EVN~base:PID~[~base:PD1~]~[~{~base:NK1~}~]~base:PV1~[~base:PV2~]~[~{~base:DB1~}~]~[~{~base:OBX~}~]~[~{~base:AL1~}~]~[~base:PD1~]~[~{~base:DG1~}~]~[~base:DRG~]~[~{~base:PR1~[~{~base:ROL~}~]~}~]~[~{~base:GT1~}~]~[~{~base:IN1~[~base:IN2~]~[~base:IN3~]~}~]~[~base:ACC~]~[~ZEM~]~[~base:UB1~]~[~base:UB2~]~[~base:NTE~]'/>
<MessageStructure name='ORU_BHS' definition='base:MSH~base:PID~base:OBR~base:OBX'/>

<SegmentStructure name='ZEM' description='ZEM'>
    <SegmentSubStructure piece='1' description='ZEM 1' symbol='!' length='200' required='O' ifrepeating='0'/>
    <SegmentSubStructure piece='2' description='ZEM 2' symbol='*' length='200' required='O' ifrepeating='0'/>
    <SegmentSubStructure piece='3' description='ZEM 3' symbol='!' length='20' required='O' ifrepeating='0'/>
</SegmentStructure>

</Category>
</Document>

<Document name="HL7ToTextReport.From_Lab_ORU_RoutingRule.RUL"><routingRule host="Sample" name="From_Lab_ORU_RoutingRule" effectiveBeginDateTime="" effectiveEndDateTime="" context="EnsLib.HL7.MsgRouter.RoutingEngine" doAll="false" source="From_Lab_ORU" msgClass="EnsLib.HL7.Message" docName="" docCategory="HL7ToTextReport" docType="">
  <description></description>
  <reportGroup></reportGroup>
  <reportName></reportName>
  <shortDescription></shortDescription>
  <rule source="" msgClass="" docName="" docCategory="" docType="">
    <action type="send" target="HL7ToTextReport.CreateTranscriptionTextFileBO" transform="HL7ToTextReport.ORUtoTranscribedReportDTL"></action>
  </rule>
</routingRule>
</Document></Export>
