<?xml version="1.0" encoding="UTF-8"?>
<Export generator="Cache" version="24" zv="Cache for Windows (x86-64) 2010.2.2 (Build 600U)" ts="2011-03-01 13:50:47">
<Class name="ClassDemo.ORUR01AddNTEwithNestedForEachDTL">
<ClassType/>
<ProcedureBlock>1</ProcedureBlock>
<Super>Ens.DataTransformDTL</Super>
<TimeChanged>62151,49789.654031</TimeChanged>
<TimeCreated>62151,36518.013675</TimeCreated>

<XData name="DTL">
<XMLNamespace>http://www.intersystems.com/dtl</XMLNamespace>
<Data><![CDATA[
<?xml version="1.0" ?>
<transform targetClass='EnsLib.HL7.Message' targetDocType='2.3.1:ORU_R01' sourceClass='EnsLib.HL7.Message' sourceDocType='2.3.1:ORU_R01' create='new' language='objectscript'>
<assign property='target.{MSH}' value='source.{MSH}' action='set'/>
<assign property='target.{PIDgrpgrp().PIDgrp}' value='source.{PIDgrpgrp().PIDgrp}' action='set'/>
<assign property='target.{DSC}' value='source.{DSC}' action='set'/>
<foreach property='source.{PIDgrpgrp()}' key='k1'>
<foreach property='source.{PIDgrpgrp(k1).ORCgrp()}' key='k2'>
<assign property='target.{PIDgrpgrp(k1).ORCgrp(k2).CTI()}' value='source.{PIDgrpgrp(k1).ORCgrp(k2).CTI()}' action='set'/>
<assign property='target.{PIDgrpgrp(k1).ORCgrp(k2).ORC}' value='source.{PIDgrpgrp(k1).ORCgrp(k2).ORC}' action='set'/>
<assign property='target.{PIDgrpgrp(k1).ORCgrp(k2).OBR}' value='source.{PIDgrpgrp(k1).ORCgrp(k2).OBR}' action='set'/>
<assign property='target.{PIDgrpgrp(k1).ORCgrp(k2).NTE()}' value='source.{PIDgrpgrp(k1).ORCgrp(k2).NTE()}' action='set'/>
<assign property='target.{PIDgrpgrp(k1).ORCgrp(k2).OBXgrp()}' value='source.{PIDgrpgrp(k1).ORCgrp(k2).OBXgrp()}' action='set'/>
<foreach property='source.{PIDgrpgrp(k1).ORCgrp(k2).OBXgrp()}' key='k3'>
<foreach property='source.{PIDgrpgrp(k1).ORCgrp(k2).OBXgrp(k3).NTE()}' key='k4'>
<assign property='count' value='k4' action='set'/>
</foreach>
<if condition='source.{PIDgrpgrp(k1).ORCgrp(k2).OBXgrp(k3).OBX:ValueType}="ST"'>
<true>
<assign property='target.{PIDgrpgrp(k1).ORCgrp(k2).OBXgrp(k3).NTE(count+1):SetIDNTE}' value='source.{PIDgrpgrp(k1).ORCgrp(k2).OBXgrp(k3).OBX:SetIDOBX}' action='set'/>
<assign property='target.{PIDgrpgrp(k1).ORCgrp(k2).OBXgrp(k3).NTE(count+1):CommentType}' value='source.{PIDgrpgrp(k1).ORCgrp(k2).OBXgrp(k3).OBX:ValueType}' action='set'/>
<assign property='target.{PIDgrpgrp(k1).ORCgrp(k2).OBXgrp(k3).NTE(count+1):Comment()}' value='source.{PIDgrpgrp(k1).ORCgrp(k2).OBXgrp(k3).OBX:ObservationValue()}' action='set'/>
<assign property='target.{PIDgrpgrp(k1).ORCgrp(k2).OBXgrp(k3).NTE(count+1):SourceofComment}' value='"(From OBX:2=ST) "_source.{PIDgrpgrp(k1).ORCgrp(k2).OBXgrp(k3).OBX:ObservationIdentifier}' action='set'/>
</true>
</if>
</foreach>
</foreach>
</foreach>

</transform>
]]></Data>
</XData>
</Class>
</Export>
