<?xml version="1.0" encoding="UTF-8"?>
<Export generator="Cache" version="25" zv="Cache for Windows (x86-64) 2013.1 (Build 440)" ts="2013-04-05 10:33:59">
<Class name="Training.Analytics.HoleFoodsOutletCube">
<Description>
</Description>
<ProcedureBlock>1</ProcedureBlock>
<Super>%DeepSee.CubeDefinition</Super>
<TimeChanged>62917,36755.844801</TimeChanged>
<TimeCreated>62917,35429.783703</TimeCreated>
<DependsOn>HoleFoods.Outlet</DependsOn>

<Parameter name="DOMAIN"/>

<XData name="Cube">
<Description>
Cube definition from Architect.</Description>
<XMLNamespace>http://www.intersystems.com/deepsee</XMLNamespace>
<Data><![CDATA[
<cube xmlns="http://www.intersystems.com/deepsee" name="HoleFoodsOutletCube" displayName="HoleFoods Outlet Cube" disabled="false" abstract="false" sourceClass="HoleFoods.Outlet" countMeasureName="%COUNT" bucketSize="8" bitmapChunkInMemory="false" precompute="0">
  <dimension name="Outlet" disabled="false" hasAll="false" allCaption="All Country" allDisplayName="Country" type="data" iKnowType="entity" hidden="false" showHierarchies="default">
    <hierarchy name="H1" disabled="false">
      <level sourceProperty="Country.Region.Name" name="Region" disabled="false" list="false" useDisplayValue="true">
      </level>
      <level sourceProperty="Country.Name" name="Country" disabled="false" list="false" useDisplayValue="true">
      </level>
      <level sourceProperty="City" name="City" disabled="false" list="false" useDisplayValue="true">
      </level>
    </hierarchy>
  </dimension>
  <measure sourceProperty="Population" name="Population" disabled="false" type="number" hidden="false" searchable="false"></measure>
</cube>
]]></Data>
</XData>
</Class>


<Class name="Training.Analytics.HoleFoodsTransactionCube">
<Description>
</Description>
<ProcedureBlock>1</ProcedureBlock>
<Super>%DeepSee.CubeDefinition</Super>
<TimeChanged>62917,37251.091749</TimeChanged>
<TimeCreated>62916,53345.877177</TimeCreated>
<DependsOn>HoleFoods.Transaction</DependsOn>

<Parameter name="DOMAIN"/>

<XData name="Cube">
<Description>
Cube definition from Architect.</Description>
<XMLNamespace>http://www.intersystems.com/deepsee</XMLNamespace>
<Data><![CDATA[
<cube xmlns="http://www.intersystems.com/deepsee" name="HoleFoodsTransactionCube" displayName="HoleFoods Transaction Cube" disabled="false" abstract="false" sourceClass="HoleFoods.Transaction" buildRestriction="Actual=1 And DateOfSale&gt;TO_DATE(&apos;31-12-2012&apos;,&apos;DD-MM-YY&apos;)" countMeasureName="%COUNT" bucketSize="8" bitmapChunkInMemory="false" precompute="0">
  <dimension name="Product" disabled="false" hasAll="true" allCaption="All Product" allDisplayName="Product" type="data" iKnowType="entity" hidden="false" showHierarchies="default">
    <hierarchy name="H1" disabled="false">
      <level sourceProperty="Product.Category" name="Product Category" disabled="false" list="false" useDisplayValue="true">
      </level>
      <level sourceProperty="Product" name="Product Name" disabled="false" list="false" useDisplayValue="true">
        <property sourceProperty="Product.Name" name="Name" disabled="false" hidden="false" isName="true" isReference="false" useDisplayValue="false"></property>
      </level>
    </hierarchy>
  </dimension>
  <dimension name="Channel Name" disabled="false" hasAll="true" allCaption="All Channel" allDisplayName="Channel" type="data" iKnowType="entity" hidden="false" showHierarchies="default">
    <hierarchy name="H1" disabled="false">
      <level sourceProperty="Channel" name="Channel Name" disabled="false" list="false" nullReplacement="No Channel" useDisplayValue="true">
      </level>
    </hierarchy>
  </dimension>
  <dimension name="Outlet" disabled="true" hasAll="false" allCaption="All Outlet" allDisplayName="Outlet" type="data" iKnowType="entity" hidden="false" showHierarchies="default">
    <hierarchy name="H1" disabled="false">
      <level sourceProperty="Outlet.Country.Region.Name" name="Region" disabled="false" list="false" useDisplayValue="true">
      </level>
      <level sourceProperty="Outlet.Country.Name" name="Country" disabled="false" list="false" useDisplayValue="true">
      </level>
      <level sourceExpression="%source.Outlet.Country.Name_&quot; &quot;_%source.Outlet.City" name="City" disabled="false" list="false" useDisplayValue="true">
      </level>
    </hierarchy>
  </dimension>
  <dimension name="DateOfSale" disabled="false" hasAll="false" allCaption="All DateOfSale" allDisplayName="DateOfSale" sourceProperty="DateOfSale" type="time" hidden="false" showHierarchies="default">
    <hierarchy name="H1" disabled="false">
      <level name="FY Year Sold" disabled="false" timeFunction="Year" timeFormat="\F\Yy" timeOffset="-3m" list="false" useDisplayValue="true">
      </level>
      <level name="FY Quarter Sold" disabled="false" timeFunction="QuarterYear" timeFormat="\Qq\F\Y\y" timeOffset="-3m" list="false" useDisplayValue="true">
      </level>
      <level name="Month Sold" disabled="false" timeFunction="MonthYear" list="false" useDisplayValue="true">
      </level>
      <level name="Day Sold" disabled="false" timeFunction="DayMonthYear" list="false" useDisplayValue="true">
      </level>
    </hierarchy>
    <hierarchy name="H2" disabled="false">
      <level name="Quarter" disabled="false" timeFunction="QuarterNumber" list="false" useDisplayValue="true">
      </level>
      <level name="Month" disabled="false" timeFunction="MonthNumber" list="false" useDisplayValue="true">
      </level>
    </hierarchy>
  </dimension>
  <measure sourceProperty="AmountOfSale" name="Amount Sold" disabled="false" aggregate="SUM" type="number" hidden="false" searchable="false" formatString="$#.##"></measure>
  <measure sourceProperty="UnitsSold" name="Units Sold" disabled="false" aggregate="SUM" type="number" hidden="false" searchable="false"></measure>
  <measure sourceExpression="%cube.DetermineBigSale(%source.Product.SKU,%source.UnitsSold,%source.AmountOfSale)" name="BigSale" disabled="false" aggregate="SUM" type="number" hidden="false" searchable="false"></measure>
  <relationship sourceProperty="Outlet.%ID" name="Outlet Cube" disabled="false" relatedCube="HoleFoodsOutletCube" cardinality="one"></relationship>
  <calculatedMember name="Junk Food" disabled="false" dimension="Product Type" valueExpression="Aggregate({[Product].[Candy], [Product].[Snack]})" hidden="false"></calculatedMember>
  <calculatedMember name="Health Food" disabled="false" dimension="Product Type" valueExpression="Aggregate({[Product].[Fruit], [Product].[Seafodd]})" hidden="false"></calculatedMember>
  <listing name="Listing" disabled="false" listingType="table" fieldList="%ID,Product-&gt;SKU,DateOfSale,Outlet-&gt;City As &quot;Outlet City&quot;,Product-&gt;Name As &quot;Product Name&quot;,UnitsSold,AmountOfSale" orderBy="%ID,DateOfSale"></listing>
  <listing name="Geo Listing" disabled="false" listingType="map" fieldList="DateOfSale,%ID,Product-&gt;Name As &quot;Product&quot;,AmountOfSale,Latitude,Longitude" orderBy="DateOfSale,%ID"></listing>
</cube>
]]></Data>
</XData>

<Method name="DetermineBigSale">
<ClassMethod>1</ClassMethod>
<FormalSpec>sku:%String,units:%Integer,amount:%Numeric</FormalSpec>
<ReturnType>%Boolean</ReturnType>
<Implementation><![CDATA[
	Set BigSale=0
	If (amount > 50) || ((sku="SKU-451")&&(units>5))
		{Set BigSale=1
		}
	Else {
	 	Set BigSale=0	
	}
	
	Quit BigSale
]]></Implementation>
</Method>
</Class>
</Export>
