<?xml version="1.0" encoding="UTF-8"?>
<Export generator="Cache" version="25">
<Class name="Demo.DICOM.Process.WorkList">
<Description>
This class demonstrates how to handle DICOM C-FIND-RQ and respond with worklist entries</Description>
<Super>EnsLib.DICOM.Process</Super>
<TimeCreated>61102,65382.716582</TimeCreated>

<Parameter name="SETTINGS">
<Description>
This parameter influences the number of worklist entries returned by a C-FIND-RQ</Description>
<Default>NumberOfWorkListEntries</Default>
</Parameter>

<Property name="NumberOfWorkListEntries">
<Type>%Integer</Type>
<InitialExpression>1</InitialExpression>
</Property>

<Property name="OriginatingMessageID">
<Description>
This keeps track of the OriginatingMessageID</Description>
<Type>%Integer</Type>
</Property>

<Property name="DocumentFromService">
<Description>
This is the incoming document from the business Sservice</Description>
<Type>EnsLib.DICOM.Document</Type>
</Property>

<Property name="ReplyCounter">
<Description>
This keeps track of the number of replies sent to the worklist request</Description>
<Type>%Integer</Type>
</Property>

<Property name="StudyInstanceCounter">
<Description>
This provides a unique counter to disambiguate StudyInstances</Description>
<Type>%Integer</Type>
<InitialExpression>0</InitialExpression>
</Property>

<UDLText name="T">
<Content><![CDATA[
// --------------------------------------------------------------------------------------------------

]]></Content>
</UDLText>

<Method name="OnMessage">
<Description>
This method handles the C-FIND-RQ and C-CANCEL-RQ messages. The find request asks for a query to be performed using the criteria
specified in the request's data-set. The query *may* take significant time and produce many results so individual matches are reported
in one or more messages. The protocol requires that all messages bar the last one have their status set to 'Pending'. This
indicates to the client that there is more data coming. The last message has a status of 'Success' which means that the query
has finished. In this example, the selection criteria are ignored and 'dummy' patient records are returned. A production 
implementation would necessarily be more complex.</Description>
<FormalSpec>pSourceConfigName:%String,pInput:%Library.Persistent</FormalSpec>
<ReturnType>%Status</ReturnType>
<Implementation><![CDATA[
	#dim tSC As %Status = $$$OK
	#dim tMsgType As %String
	#dim tReply As EnsLib.DICOM.Document
	do {
		
		If pInput.%Extends("EnsLib.DICOM.Document") {
	 		
			#; Get the CommandField, it contains the type of request and should ALWAYS be present
			Set tMsgType=$$$MsgTyp2Str(pInput.GetValueAt("CommandSet.CommandField",,.tSC))
			If $$$ISERR(tSC) Quit

			If tMsgType="C-FIND-RQ" {
			
				#; The incoming document is the source document
				Set ..DocumentFromService=pInput
		
				#; Send the required number of responses
				Set ..ReplyCounter=..NumberOfWorkListEntries
				
				#; Initialize the Study Instance Counter
				Set ..StudyInstanceCounter=0
		
				#; Set a timer, will get called back immediately
				Set tSC=..ScheduleWakeupCall(0)
			
			} elseif tMsgType="C-CANCEL-RQ" {
				
				#; We received a cancel, record that fact
				Set ..ReplyCounter=0
				
			} elseif tMsgType="N-CREATE-RQ" {
				
				Set tSC=..CreateNCreateResponse(pInput,.tReply)
				If $$$ISERR(tSC) Quit
				
				#; Send the reply back to the service ( don't want a response )
				Set tSC=..SendRequestAsync(..ServiceDuplexName,tReply,0)
				
			} else {
				Set tSC=$$$ERROR($$$EnsDICOMUnexpectedMessage,tMsgType)
			}
			
		} elseif pInput.%Extends("Ens.AlarmResponse") {
		
			If ..ReplyCounter=0 
			{
				#; No more to send, create and send a final respnse
				Set tSC=..CreateFinalFindResponse(..DocumentFromService,.tReply)
				If $$$ISERR(tSC) Quit
			
				#; Send the reply back to the service ( don't want a response )
				Set tSC=..SendRequestAsync(..ServiceDuplexName,tReply,0)
			
			} else {
			
				#; More to send, create and send an intermediate response
				Set tSC=..CreateIntermediateFindResponse(..DocumentFromService,.tReply)
				If $$$ISERR(tSC) Quit
			
				#; Send the reply back to the service ( don't want a response )
				Set tSC=..SendRequestAsync(..ServiceDuplexName,tReply,0)
			
				#; Decrement the reply counter
				Set ..ReplyCounter=..ReplyCounter-1
				
				#; Set the timer so we are called back again, we use 1 second here
				#; so that the user of the demo has a chance send a cancel request. In
				#; a production implementation this should be set to 0 seconds
				Set tSC=..ScheduleWakeupCall(1)
			}
			
		} else {
			
			#; We are not expecting any other messages here
			$$$ASSERT(0)
		}
 		
	} while (0)
	
	Quit tSC
]]></Implementation>
</Method>

<Method name="OnError">
<Description>
This method is called when any error occurs. Returning the same error will cause the BusinessProcess to set its
status to error and close down</Description>
<FormalSpec><![CDATA[request:%Library.Persistent,&response:%Library.Persistent,callrequest:%Library.Persistent,pErrorStatus:%Status,pCompletionKey:%String]]></FormalSpec>
<ReturnType>%Status</ReturnType>
<Implementation><![CDATA[
	Set tCommandAbort=##class(EnsLib.DICOM.Command.Abort).%New($$$ABORTSOURCESERVICEPROVIDER,$$$ABORTREASONNOTSPECIFIED)
	Do ..AbortAssociation(..ServiceDuplexName,tCommandAbort)
	Quit pErrorStatus
]]></Implementation>
</Method>

<UDLText name="T">
<Content><![CDATA[
// -----------------------------------------------------------------------------------------------------------------------

]]></Content>
</UDLText>

<Method name="CreateIntermediateFindResponse">
<Description>
Create an Intermediate find response</Description>
<FormalSpec>pDocIn:EnsLib.DICOM.Document,*pDocOut:EnsLib.DICOM.Document</FormalSpec>
<ReturnType>%Status</ReturnType>
<Implementation><![CDATA[
	#dim tSC As %Status = $$$OK
	#dim tTemp As %String
	try {
		
		#; Increment the study instance counter
		Set ..StudyInstanceCounter=..StudyInstanceCounter+1
		
		#; Get the current storage location
		Set tStorageLocation=..GetProductionSettingValue("StorageLocation",.tSC)
		If $$$ISERR(tSC) Quit
		
		#; Now create an instance of a message to form the response
		Kill %objlasterror Set pDocOut=##class(EnsLib.DICOM.Document).%New(tStorageLocation)
		If '$IsObject(pDocOut) Set tSC=$Get(%objlasterror,$$$ERROR($$$FailedToNewClass,"EnsLib.DICOM.Document")) Quit
		
		#; Need to copy over the AffectedSOPClassUID (mandatory field)
		Set tTemp=pDocIn.GetValueAt("CommandSet.AffectedSOPClassUID",,.tSC)
		$$$ASSERT('$$$ISERR(tSC))
		
		Set tSC=pDocOut.SetValueAt(tTemp,"CommandSet.AffectedSOPClassUID") If $$$ISERR(tSC) Quit
		If $$$ISERR(tSC) Quit
		
		#; And indicate the message id being responded to
		Set tTemp=pDocIn.GetValueAt("CommandSet.MessageID",,.tSC)
		$$$ASSERT('$$$ISERR(tSC))
		
		Set tSC=pDocOut.SetValueAt(tTemp,"CommandSet.MessageIDBeingRespondedTo") If $$$ISERR(tSC) Quit
		If $$$ISERR(tSC) Quit
		 
		#; Set the CommandField, this is a Find Response
		Set tSC=pDocOut.SetValueAt($$$Str2MsgTyp("C-FIND-RSP"),"CommandSet.CommandField")
		If $$$ISERR(tSC) Quit
		
		#; Set the Status to 'Pending'. A Find response consists of multiple messages, each message that has worklist
		#; data should be sent with a status set to pending. The final message should contain no dataset and should have its
		#; status set to 'Success'
		/* 65281 = "Pending: Optional Keys Supported" */
		Set tSC=pDocOut.SetValueAt(65281,"CommandSet.Status") If $$$ISERR(tSC) Quit
					
		#; Need to copy over the transfer syntax
		Set pDocOut.DataSet.TransferSyntax=pDocIn.DataSet.TransferSyntax
		
		#; Now build the dataset. A real implementation would examine the request's dataset to determine and
		#; act upon the request matching criteria. Here we will just build a dummy worklist entry by way of an example
		
		Set tSC=pDocOut.SetValueAt("80372376","DataSet.AccessionNumber") 
		If $$$ISERR(tSC) Quit
		Set tSC=pDocOut.SetValueAt("Patient"_$Random(100)_"^Name","DataSet.PatientName")
		If $$$ISERR(tSC) Quit
		Set tSC=pDocOut.SetValueAt("43171525","DataSet.PatientID")
		If $$$ISERR(tSC) Quit
		Set tSC=pDocOut.SetValueAt("1.2.40.0.13.0.192.168.1.3.13594894.1206712911593."_..StudyInstanceCounter,"DataSet.StudyInstanceUID")
		If $$$ISERR(tSC) Quit
		Set tSC=pDocOut.SetValueAt("RequestedProcedureDescription","DataSet.RequestedProcedureDescription")
		If $$$ISERR(tSC) Quit
		Set tSC=pDocOut.SetValueAt("OT","DataSet.ScheduledProcedureStepSequence[1].Modality")
		If $$$ISERR(tSC) Quit
		Set tSC=pDocOut.SetValueAt("StationAET","DataSet.ScheduledProcedureStepSequence[1].ScheduledStationAETitle")
		If $$$ISERR(tSC) Quit
		Set tSC=pDocOut.SetValueAt("20080328","DataSet.ScheduledProcedureStepSequence[1].ScheduledProcedureStepStartDate")
		If $$$ISERR(tSC) Quit
		Set tSC=pDocOut.SetValueAt("100151.000","DataSet.ScheduledProcedureStepSequence[1].ScheduledProcedureStepStartTime")
		If $$$ISERR(tSC) Quit
		Set tSC=pDocOut.SetValueAt("ScheduledProcedureStepDescription","DataSet.ScheduledProcedureStepSequence[1].ScheduledProcedureStepDescription")
		If $$$ISERR(tSC)
		Set tSC=pDocOut.SetValueAt("80871868","DataSet.ScheduledProcedureStepSequence[1].ScheduledProcedureStepID")
		If $$$ISERR(tSC) Quit
		Set tSC=pDocOut.SetValueAt("91249028","DataSet.RequestedProcedureID")
		If $$$ISERR(tSC) Quit
		
	} catch {
		Set tSC=$$$EnsSystemError
	}
	Quit tSC
]]></Implementation>
</Method>

<Method name="CreateFinalFindResponse">
<Description>
Create a Final Find Response</Description>
<FormalSpec>pDocIn:EnsLib.DICOM.Document,*pDocOut:EnsLib.DICOM.Document</FormalSpec>
<ReturnType>%Status</ReturnType>
<Implementation><![CDATA[
	#dim tSC As %Status =$$$OK
	#dim tTemp As %String
	
	try {
	
		#; Get the current storage location
		Set tStorageLocation=..GetProductionSettingValue("StorageLocation",.tSC)
		If $$$ISERR(tSC) Quit
		
		#; Now create an instance of a message to indicate that the find process is complete
		Kill %objlasterror Set pDocOut=##class(EnsLib.DICOM.Document).%New(tStorageLocation)
		If '$IsObject(pDocOut) Set tSC=$Get(%objlasterror,$$$ERROR($$$FailedToNewClass,"EnsLib.DICOM.Document")) Quit
		
		#; Need to copy over the AffectedSOPClassUID (mandatory field)
		Set tTemp=pDocIn.GetValueAt("CommandSet.AffectedSOPClassUID",,.tSC)
		$$$ASSERT('$$$ISERR(tSC))
		
		Set tSC=pDocOut.SetValueAt(tTemp,"CommandSet.AffectedSOPClassUID") If $$$ISERR(tSC) Quit
		If $$$ISERR(tSC) Quit
		
		#; And indicate the message id being responded to ( mandatory field)
		Set tTemp=pDocIn.GetValueAt("CommandSet.MessageID",,.tSC)
		$$$ASSERT('$$$ISERR(tSC))
		
		Set tSC=pDocOut.SetValueAt(tTemp,"CommandSet.MessageIDBeingRespondedTo") If $$$ISERR(tSC) Quit
		If $$$ISERR(tSC) Quit
		
		#; Set the CommandField, this is a Find Response
		Set tSC=pDocOut.SetValueAt($$$Str2MsgTyp("C-FIND-RSP"),"CommandSet.CommandField")
		If $$$ISERR(tSC) Quit
		
		#; Need to copy over the transfer syntax
		Set pDocOut.DataSet.TransferSyntax=pDocIn.DataSet.TransferSyntax
		
		#; Set the Status to Success, this means the find process is complete
		/* 0 = SUCCESS */
		Set tSC=pDocOut.SetValueAt(0,"CommandSet.Status") If $$$ISERR(tSC) Quit
		
	} catch {
		Set tSC=$$$EnsSystemError
	}
	Quit tSC
]]></Implementation>
</Method>

<Method name="CreateNCreateResponse">
<Description>
Create a response to N-CREATE-RQ</Description>
<FormalSpec>pDocIn:EnsLib.DICOM.Document,*pDocOut:EnsLib.DICOM.Document</FormalSpec>
<ReturnType>%Status</ReturnType>
<Implementation><![CDATA[
	#dim tSC As %Status =$$$OK
	#dim tTemp As %String
	
	try {
	
		#; Get the current storage location
		Set tStorageLocation=..GetProductionSettingValue("StorageLocation",.tSC)
		If $$$ISERR(tSC) Quit
		
		#; Now create an instance of a message to indicate that the find process is complete
		Kill %objlasterror Set pDocOut=##class(EnsLib.DICOM.Document).%New(tStorageLocation)
		If '$IsObject(pDocOut) Set tSC=$Get(%objlasterror,$$$ERROR($$$FailedToNewClass,"EnsLib.DICOM.Document")) Quit
		
		#; Need to copy over the AffectedSOPClassUID (mandatory field)
		Set tTemp=pDocIn.GetValueAt("CommandSet.AffectedSOPClassUID",,.tSC)
		$$$ASSERT('$$$ISERR(tSC))
		
		Set tSC=pDocOut.SetValueAt(tTemp,"CommandSet.AffectedSOPClassUID") If $$$ISERR(tSC) Quit
		If $$$ISERR(tSC) Quit
		
		#; And indicate the message id being responded to ( mandatory field)
		Set tTemp=pDocIn.GetValueAt("CommandSet.MessageID",,.tSC)
		$$$ASSERT('$$$ISERR(tSC))
		
		Set tSC=pDocOut.SetValueAt(tTemp,"CommandSet.MessageIDBeingRespondedTo") If $$$ISERR(tSC) Quit
		If $$$ISERR(tSC) Quit
		
		#; Set the CommandField, this is a N-CREATE-RSP
		Set tSC=pDocOut.SetValueAt($$$Str2MsgTyp("N-CREATE-RSP"),"CommandSet.CommandField")
		If $$$ISERR(tSC) Quit
		
		#; Need to copy over the transfer syntax
		Set pDocOut.DataSet.TransferSyntax=pDocIn.DataSet.TransferSyntax
		
		#; Set the Status to Success, this means the process is complete
		/* 0 = SUCCESS */
		Set tSC=pDocOut.SetValueAt(0,"CommandSet.Status") If $$$ISERR(tSC) Quit
		
	} catch {
		Set tSC=$$$EnsSystemError
	}
	Quit tSC
]]></Implementation>
</Method>

<Storage name="Default">
<Type>%Library.CacheStorage</Type>
<DefaultData>WorkListDefaultData</DefaultData>
<Data name="WorkListDefaultData">
<Structure>listnode</Structure>
<Subscript>"WorkList"</Subscript>
<Value name="1">
<Value>NumberOfWorkListEntries</Value>
</Value>
<Value name="2">
<Value>OriginatingMessageID</Value>
</Value>
<Value name="3">
<Value>DocumentFromService</Value>
</Value>
<Value name="4">
<Value>ReplyCounter</Value>
</Value>
<Value name="5">
<Value>StudyInstanceCounter</Value>
</Value>
</Data>
</Storage>
</Class>
</Export>
