City,County,Latitude,Longitude,State,0-4,5-9,10-14,15-19,20-29,30-39,40-49,50-59,60-69,70-79,80+,F,M
Abington,Plymouth,42.1047,-70.9458,MA,0.04,0.05,0.05,0.07,0.13,0.14,0.14,0.16,0.12,0.07,0.03,0.51,0.49
Acton,Middlesex,42.485,-71.4333,MA,0.06,0.05,0.07,0.11,0.07,0.09,0.16,0.19,0.1,0.07,0.03,0.52,0.48
Acushnet,Bristol,41.6806,-70.9083,MA,0.06,0.05,0.04,0.04,0.12,0.11,0.13,0.18,0.13,0.11,0.03,0.52,0.48
Adams,Berkshire,42.6242,-73.1181,MA,0.04,0.04,0.05,0.04,0.16,0.12,0.12,0.15,0.16,0.07,0.05,0.48,0.52
Agawam,Hampden,42.0696,-72.6152,MA,0.06,0.04,0.06,0.05,0.1,0.1,0.13,0.17,0.14,0.09,0.06,0.51,0.49
Alford,Berkshire,42.2321,-73.4124,MA,0.05,0.05,0.03,0.02,0.07,0.03,0.06,0.15,0.24,0.22,0.08,0.5,0.5
Amesbury,Essex,42.8565,-70.9335,MA,0.04,0.05,0.07,0.05,0.12,0.11,0.15,0.16,0.14,0.07,0.04,0.51,0.49
Amherst,Hampshire,42.367,-72.517,MA,0.02,0.02,0.1,0.18,0.4,0.05,0.05,0.06,0.05,0.04,0.03,0.51,0.49
Andover,Essex,42.6583,-71.1375,MA,0.08,0.04,0.09,0.06,0.09,0.1,0.15,0.17,0.12,0.06,0.04,0.52,0.48
Aquinnah,Dukes,41.3432,-70.8137,MA,0.08,0.08,0.07,0.08,0.07,0.1,0.12,0.11,0.19,0.08,0.02,0.49,0.51
Arlington,Middlesex,42.4153,-71.1569,MA,0.07,0.06,0.04,0.05,0.1,0.16,0.14,0.14,0.12,0.07,0.05,0.54,0.46
Ashburnham,Worcester,42.6361,-71.9083,MA,0.05,0.1,0.09,0.04,0.08,0.15,0.12,0.15,0.15,0.06,0.01,0.51,0.49
Ashby,Middlesex,42.6776,-71.8206,MA,0.04,0.06,0.07,0.06,0.08,0.11,0.14,0.17,0.18,0.06,0.03,0.48,0.52
Ashfield,Franklin,42.5264,-72.7889,MA,0.03,0.03,0.04,0.04,0.1,0.06,0.11,0.22,0.22,0.1,0.05,0.5,0.5
Ashland,Middlesex,42.2611,-71.4639,MA,0.07,0.06,0.05,0.06,0.1,0.13,0.16,0.15,0.12,0.07,0.03,0.51,0.49
Athol,Worcester,42.5958,-72.2272,MA,0.06,0.07,0.05,0.04,0.13,0.11,0.13,0.15,0.15,0.07,0.04,0.54,0.46
Attleboro,Bristol,41.9333,-71.3,MA,0.05,0.06,0.06,0.06,0.11,0.14,0.14,0.15,0.12,0.06,0.05,0.51,0.49
Auburn,Worcester,42.1951,-71.844,MA,0.05,0.05,0.06,0.06,0.1,0.11,0.13,0.18,0.12,0.08,0.06,0.51,0.49
Avon,Norfolk,42.1306,-71.0417,MA,0.05,0.07,0.04,0.05,0.14,0.15,0.11,0.17,0.13,0.06,0.03,0.52,0.48
Ayer,Middlesex,42.5611,-71.5903,MA,0.06,0.07,0.03,0.03,0.12,0.17,0.12,0.18,0.13,0.05,0.04,0.49,0.51
Barnstable,Barnstable,41.7,-70.3,MA,0.03,0.05,0.05,0.06,0.11,0.1,0.12,0.16,0.16,0.1,0.06,0.51,0.49
Barre,Worcester,42.4228,-72.1056,MA,0.04,0.03,0.06,0.1,0.12,0.08,0.12,0.21,0.16,0.05,0.03,0.54,0.46
Becket,Berkshire,42.3319,-73.0833,MA,0.03,0.04,0.05,0.06,0.1,0.09,0.12,0.17,0.22,0.1,0.02,0.49,0.51
Bedford,Middlesex,42.4906,-71.2767,MA,0.06,0.05,0.09,0.07,0.09,0.1,0.15,0.16,0.09,0.07,0.07,0.52,0.48
Belchertown,Hampshire,42.2769,-72.4014,MA,0.06,0.05,0.07,0.06,0.12,0.12,0.13,0.16,0.14,0.06,0.03,0.49,0.51
Bellingham,Norfolk,42.0867,-71.475,MA,0.06,0.05,0.06,0.06,0.13,0.13,0.14,0.18,0.11,0.05,0.03,0.49,0.51
Belmont,Middlesex,42.3958,-71.1792,MA,0.09,0.05,0.05,0.08,0.08,0.13,0.15,0.15,0.1,0.07,0.05,0.54,0.46
Berkley,Bristol,41.8458,-71.0833,MA,0.06,0.05,0.07,0.05,0.09,0.11,0.19,0.17,0.12,0.08,0.01,0.5,0.5
Berlin,Worcester,42.3811,-71.6375,MA,0.02,0.05,0.05,0.06,0.12,0.09,0.11,0.16,0.17,0.13,0.04,0.52,0.48
Bernardston,Franklin,42.6708,-72.55,MA,0.04,0.03,0.07,0.08,0.06,0.1,0.1,0.21,0.14,0.09,0.08,0.47,0.53
Beverly,Essex,42.558,-70.88,MA,0.05,0.05,0.06,0.06,0.16,0.12,0.13,0.14,0.12,0.06,0.05,0.53,0.47
Billerica,Middlesex,42.5637,-71.2711,MA,0.05,0.04,0.06,0.06,0.14,0.13,0.15,0.15,0.11,0.07,0.04,0.49,0.51
Blackstone,Worcester,42.0193,-71.5338,MA,0.05,0.05,0.07,0.07,0.11,0.12,0.14,0.17,0.14,0.05,0.03,0.51,0.49
Blandford,Hampden,42.1806,-72.9278,MA,0.03,0.02,0.04,0.05,0.1,0.08,0.13,0.17,0.23,0.13,0.02,0.48,0.52
Bolton,Worcester,42.4333,-71.6083,MA,0.1,0.04,0.05,0.1,0.06,0.1,0.14,0.18,0.14,0.05,0.04,0.49,0.51
Boston,Suffolk,42.3581,-71.0636,MA,0.04,0.05,0.05,0.06,0.24,0.18,0.11,0.11,0.08,0.05,0.03,0.52,0.48
Bourne,Barnstable,41.741,-70.5987,MA,0.01,0.07,0.06,0.05,0.13,0.1,0.09,0.16,0.15,0.1,0.08,0.5,0.5
Boxborough,Middlesex,42.4833,-71.5167,MA,0.05,0.04,0.1,0.06,0.1,0.11,0.16,0.19,0.13,0.04,0.02,0.49,0.51
Boxford,Essex,42.6736,-70.9861,MA,0.05,0.04,0.14,0.05,0.05,0.08,0.15,0.19,0.16,0.04,0.05,0.49,0.51
Boylston,Worcester,42.3917,-71.7042,MA,0.04,0.03,0.03,0.04,0.15,0.16,0.15,0.13,0.13,0.09,0.05,0.41,0.59
Braintree,Norfolk,42.206,-71.005,MA,0.04,0.06,0.06,0.07,0.1,0.14,0.14,0.15,0.12,0.07,0.05,0.52,0.48
Brewster,Barnstable,41.76,-70.0833,MA,0.03,0.03,0.07,0.06,0.08,0.06,0.11,0.15,0.19,0.13,0.09,0.52,0.48
Bridgewater,Plymouth,41.9902,-70.9754,MA,0.07,0.08,0.06,0.06,0.12,0.14,0.12,0.13,0.09,0.1,0.03,0.52,0.48
Brimfield,Hampden,42.1228,-72.2014,MA,0.07,0.06,0.05,0.04,0.09,0.08,0.17,0.14,0.17,0.09,0.04,0.5,0.5
Brockton,Plymouth,42.0833,-71.0189,MA,0.06,0.05,0.08,0.08,0.14,0.13,0.13,0.14,0.1,0.06,0.03,0.51,0.49
Brookfield,Worcester,42.2139,-72.1028,MA,0.08,0.02,0.05,0.05,0.14,0.12,0.14,0.16,0.14,0.07,0.03,0.53,0.47
Brookline,Norfolk,42.3317,-71.1217,MA,0.06,0.05,0.04,0.05,0.14,0.12,0.14,0.16,0.14,0.07,0.03,0.53,0.47
Buckland,Franklin,42.5922,-72.7922,MA,0.06,0.05,0.05,0.04,0.07,0.12,0.13,0.2,0.18,0.06,0.04,0.48,0.52
Burlington,Middlesex,42.5047,-71.1961,MA,0.08,0.05,0.06,0.05,0.1,0.14,0.13,0.14,0.11,0.09,0.05,0.52,0.48
Cambridge,Middlesex,42.3652,-71.105,MA,0.03,0.04,0.03,0.08,0.31,0.17,0.11,0.08,0.07,0.05,0.03,0.5,0.5
Canton,Norfolk,42.1583,-71.1453,MA,0.06,0.06,0.06,0.05,0.1,0.13,0.14,0.14,0.13,0.08,0.05,0.52,0.48
Carlisle,Middlesex,42.5288,-71.3498,MA,0.05,0.06,0.07,0.07,0.08,0.05,0.12,0.2,0.2,0.07,0.03,0.47,0.53
Carver,Plymouth,41.8833,-70.7631,MA,0.07,0.04,0.06,0.06,0.12,0.09,0.13,0.16,0.12,0.11,0.04,0.51,0.49
Charlemont,Franklin,42.6281,-72.8701,MA,0.03,0.04,0.03,0.1,0.09,0.05,0.15,0.17,0.14,0.12,0.08,0.56,0.44
Charlton,Worcester,42.1341,-71.969,MA,0.1,0.03,0.07,0.06,0.12,0.1,0.13,0.18,0.12,0.05,0.04,0.52,0.48
Chatham,Barnstable,41.6819,-69.9603,MA,0.01,0.01,0.03,0.04,0.07,0.08,0.05,0.14,0.22,0.22,0.13,0.52,0.48
Chelmsford,Middlesex,42.5997,-71.3678,MA,0.06,0.06,0.05,0.06,0.1,0.11,0.14,0.16,0.13,0.08,0.05,0.52,0.48
Chelsea,Suffolk,42.3917,-71.0333,MA,0.05,0.09,0.06,0.07,0.16,0.19,0.14,0.1,0.08,0.04,0.02,0.48,0.52
Cheshire,Berkshire,42.5619,-73.1633,MA,0.01,0.04,0.04,0.05,0.11,0.08,0.12,0.22,0.17,0.11,0.05,0.47,0.53
Chester,Hampden,42.2794,-72.9828,MA,0.04,0.04,0.06,0.06,0.09,0.16,0.11,0.17,0.15,0.08,0.04,0.49,0.51
Chesterfield,Hampshire,42.3917,-72.8403,MA,0.01,0.03,0.04,0.11,0.07,0.11,0.17,0.14,0.18,0.09,0.05,0.5,0.5
Chicopee,Hampden,42.1486,-72.6083,MA,0.04,0.06,0.07,0.06,0.14,0.13,0.12,0.13,0.13,0.07,0.05,0.52,0.48
Chilmark,Dukes,41.3432,-70.744,MA,0.01,0.03,0.04,0.07,0.15,0.04,0.15,0.13,0.17,0.17,0.04,0.53,0.47
Clarksburg,Berkshire,42.7169,-73.0928,MA,0.06,0.04,0.07,0.03,0.11,0.12,0.13,0.16,0.13,0.1,0.05,0.49,0.51
Clinton,Worcester,42.4167,-71.6833,MA,0.04,0.06,0.06,0.06,0.16,0.17,0.12,0.13,0.12,0.05,0.03,0.5,0.5
Cohasset,Norfolk,42.2417,-70.8042,MA,0.1,0.07,0.08,0.06,0.07,0.06,0.17,0.15,0.12,0.06,0.06,0.53,0.47
Colrain,Franklin,42.6731,-72.6972,MA,0.05,0.04,0.04,0.04,0.12,0.09,0.09,0.16,0.23,0.1,0.04,0.51,0.49
Concord,Middlesex,42.4603,-71.3494,MA,0.06,0.05,0.05,0.1,0.06,0.1,0.14,0.16,0.13,0.08,0.07,0.49,0.51
Conway,Franklin,42.5096,-72.6993,MA,0.03,0.06,0.05,0.08,0.05,0.08,0.14,0.18,0.21,0.08,0.04,0.49,0.51
Cummington,Hampshire,42.4617,-72.8944,MA,0.05,0.05,0.04,0.05,0.07,0.05,0.16,0.2,0.18,0.11,0.04,0.51,0.49
Dalton,Berkshire,42.4733,-73.1712,MA,0.03,0.04,0.05,0.05,0.11,0.11,0.11,0.19,0.17,0.08,0.06,0.53,0.47
Danvers,Essex,42.575,-70.9306,MA,0.05,0.04,0.06,0.05,0.11,0.13,0.11,0.16,0.14,0.08,0.07,0.54,0.46
Dartmouth,Bristol,41.6144,-70.9697,MA,0.05,0.02,0.06,0.09,0.17,0.1,0.12,0.13,0.12,0.08,0.06,0.52,0.48
Dedham,Norfolk,42.2466,-71.1743,MA,0.06,0.05,0.06,0.05,0.12,0.14,0.12,0.14,0.12,0.07,0.07,0.54,0.46
Deerfield,Franklin,42.5444,-72.6061,MA,0.03,0.05,0.06,0.07,0.1,0.09,0.09,0.21,0.18,0.09,0.03,0.53,0.47
Dennis,Barnstable,41.7353,-70.1944,MA,0.03,0.04,0.02,0.04,0.09,0.07,0.09,0.14,0.21,0.17,0.1,0.52,0.48
Dighton,Bristol,41.8139,-71.1208,MA,0.04,0.05,0.07,0.06,0.12,0.12,0.15,0.17,0.14,0.05,0.03,0.53,0.47
Douglas,Worcester,42.0542,-71.74,MA,0.05,0.04,0.07,0.1,0.11,0.08,0.18,0.18,0.09,0.06,0.04,0.48,0.52
Dover,Norfolk,42.2458,-71.2833,MA,0.03,0.09,0.06,0.11,0.08,0.06,0.15,0.19,0.13,0.06,0.04,0.49,0.51
Dracut,Middlesex,42.6667,-71.3,MA,0.06,0.05,0.07,0.06,0.11,0.14,0.12,0.16,0.12,0.07,0.04,0.51,0.49
Dudley,Worcester,42.0556,-71.9512,MA,0.04,0.05,0.09,0.11,0.15,0.09,0.13,0.15,0.1,0.07,0.02,0.52,0.48
Dunstable,Middlesex,42.675,-71.4833,MA,0.04,0.05,0.07,0.1,0.09,0.1,0.15,0.17,0.13,0.08,0.02,0.5,0.5
Duxbury,Plymouth,42.0417,-70.6728,MA,0.05,0.07,0.07,0.09,0.09,0.06,0.16,0.15,0.13,0.1,0.03,0.52,0.48
East Bridgewater,Plymouth,42.0335,-70.9586,MA,0.08,0.07,0.06,0.06,0.12,0.14,0.12,0.13,0.09,0.1,0.03,0.52,0.48
East Brookfield,Worcester,42.2278,-72.0472,MA,0.1,0.06,0.02,0.05,0.15,0.13,0.1,0.15,0.14,0.07,0.03,0.49,0.51
East Longmeadow,Hampden,42.0646,-72.5129,MA,0.06,0.05,0.07,0.07,0.09,0.11,0.12,0.15,0.12,0.08,0.08,0.54,0.46
Eastham,Barnstable,41.83,-69.9744,MA,0.01,0.03,0.03,0.04,0.07,0.06,0.1,0.15,0.22,0.19,0.1,0.54,0.46
Easthampton,Hampshire,42.2655,-72.669,MA,0.04,0.03,0.04,0.06,0.11,0.15,0.14,0.15,0.17,0.07,0.04,0.51,0.49
Easton,Bristol,42.0298,-71.1315,MA,0.04,0.05,0.07,0.1,0.13,0.1,0.15,0.15,0.11,0.07,0.03,0.52,0.48
Edgartown,Dukes,41.3889,-70.5139,MA,0.02,0.04,0.07,0.1,0.11,0.07,0.11,0.18,0.16,0.08,0.06,0.5,0.5
Egremont,Berkshire,42.1983,-73.4382,MA,0.03,0.07,0.04,0.07,0.07,0.07,0.13,0.15,0.17,0.13,0.07,0.53,0.47
Erving,Franklin,42.6,-72.3986,MA,0.05,0.06,0.07,0.06,0.09,0.11,0.15,0.15,0.13,0.1,0.03,0.55,0.45
Essex,Essex,42.6319,-70.7833,MA,0.05,0.06,0.04,0.05,0.11,0.11,0.12,0.15,0.15,0.08,0.08,0.53,0.47
Everett,Middlesex,42.4083,-71.0542,MA,0.06,0.06,0.06,0.06,0.17,0.15,0.15,0.13,0.09,0.04,0.03,0.51,0.49
Fairhaven,Bristol,41.6375,-70.9042,MA,0.05,0.05,0.04,0.05,0.11,0.12,0.12,0.15,0.15,0.1,0.06,0.52,0.48
Fall River,Bristol,41.7014,-71.1556,MA,0.06,0.06,0.06,0.06,0.15,0.12,0.13,0.14,0.11,0.08,0.03,0.52,0.48
Falmouth,Barnstable,41.5514,-70.6153,MA,0.03,0.06,0.05,0.05,0.07,0.09,0.09,0.15,0.19,0.14,0.08,0.52,0.48
Fitchburg,Worcester,42.5833,-71.8028,MA,0.07,0.06,0.07,0.06,0.17,0.12,0.12,0.15,0.09,0.06,0.03,0.5,0.5
Florida,Berkshire,42.6667,-73.0117,MA,0.02,0.06,0.07,0.07,0.12,0.09,0.15,0.14,0.15,0.07,0.06,0.42,0.58
Foxborough,Norfolk,42.0653,-71.2483,MA,0.06,0.05,0.07,0.06,0.1,0.14,0.14,0.14,0.12,0.06,0.06,0.51,0.49
Framingham,Middlesex,42.2792,-71.4167,MA,0.07,0.07,0.06,0.06,0.14,0.17,0.13,0.1,0.1,0.06,0.04,0.51,0.49
Franklin,Norfolk,42.0824,-71.3967,MA,0.04,0.07,0.07,0.1,0.1,0.1,0.15,0.17,0.11,0.06,0.03,0.52,0.48
Freetown,Bristol,41.7728,-71.0272,MA,0.04,0.07,0.06,0.06,0.1,0.12,0.14,0.16,0.14,0.08,0.03,0.52,0.48
Gardner,Worcester,42.575,-71.9986,MA,0.06,0.05,0.06,0.04,0.14,0.12,0.15,0.15,0.13,0.06,0.04,0.48,0.52
Georgetown,Essex,42.725,-70.9917,MA,0.04,0.05,0.09,0.08,0.09,0.11,0.14,0.19,0.1,0.08,0.03,0.5,0.5
Gill,Franklin,42.641,-72.4995,MA,0.02,0.05,0.04,0.05,0.09,0.18,0.09,0.18,0.19,0.07,0.04,0.4,0.6
Gloucester,Essex,42.6161,-70.6689,MA,0.03,0.07,0.04,0.05,0.09,0.11,0.1,0.17,0.19,0.09,0.06,0.52,0.48
Goshen,Hampshire,42.4551,-72.8274,MA,0.01,0.06,0.04,0.05,0.09,0.06,0.1,0.25,0.26,0.05,0.03,0.54,0.46
Gosnold,Dukes,41.4817,-70.7569,MA,0,0,0,0,0,0.12,0.08,0.1,0.47,0.18,0.05,0.41,0.59
Grafton,Worcester,42.2068,-71.6857,MA,0.05,0.06,0.05,0.1,0.1,0.13,0.16,0.17,0.1,0.05,0.03,0.52,0.48
Granby,Hampshire,42.2564,-72.5167,MA,0.03,0.04,0.06,0.06,0.11,0.09,0.16,0.21,0.1,0.08,0.06,0.49,0.51
Granville,Hampden,42.0674,-72.8816,MA,0.07,0.06,0.05,0.05,0.12,0.13,0.11,0.18,0.14,0.06,0.03,0.51,0.49
Great Barrington,Berkshire,42.1938,-73.3629,MA,0.04,0.06,0.08,0.08,0.1,0.07,0.11,0.14,0.2,0.07,0.05,0.53,0.47
Greenfield,Franklin,42.5875,-72.6,MA,0.03,0.06,0.04,0.05,0.12,0.15,0.13,0.13,0.14,0.09,0.06,0.5,0.5
Groton,Middlesex,42.6111,-71.575,MA,0.06,0.05,0.08,0.08,0.08,0.09,0.14,0.19,0.15,0.05,0.03,0.51,0.49
Groveland,Essex,42.7599,-71.0318,MA,0.05,0.07,0.06,0.05,0.13,0.09,0.09,0.19,0.15,0.09,0.03,0.49,0.51
Hadley,Hampshire,42.3417,-72.5889,MA,0.04,0.03,0.07,0.08,0.18,0.11,0.12,0.12,0.11,0.08,0.06,0.61,0.39
Halifax,Plymouth,41.9909,-70.8614,MA,0.05,0.06,0.05,0.06,0.12,0.13,0.13,0.16,0.13,0.07,0.04,0.53,0.47
Hamilton,Essex,42.6197,-70.8548,MA,0.05,0.09,0.08,0.07,0.08,0.12,0.12,0.18,0.11,0.06,0.04,0.49,0.51
Hampden,Hampden,42.0639,-72.4139,MA,0.04,0.04,0.05,0.05,0.13,0.11,0.13,0.2,0.11,0.09,0.05,0.5,0.5
Hancock,Berkshire,42.5431,-73.3242,MA,0.02,0.06,0.03,0.06,0.05,0.1,0.08,0.26,0.22,0.07,0.05,0.5,0.5
Hanover,Plymouth,42.1167,-70.8167,MA,0.06,0.07,0.08,0.08,0.1,0.09,0.16,0.15,0.1,0.07,0.04,0.52,0.48
Hanson,Plymouth,42.075,-70.8806,MA,0.04,0.05,0.06,0.07,0.12,0.11,0.12,0.18,0.14,0.08,0.03,0.5,0.5
Hardwick,Worcester,42.35,-72.2,MA,0.05,0.06,0.07,0.06,0.13,0.11,0.08,0.17,0.16,0.08,0.03,0.5,0.5
Harvard,Worcester,42.496,-71.5824,MA,0.05,0.06,0.05,0.07,0.07,0.11,0.14,0.19,0.16,0.08,0.02,0.42,0.58
Harwich,Barnstable,41.6863,-70.0728,MA,0.03,0.04,0.04,0.05,0.09,0.06,0.1,0.13,0.22,0.16,0.08,0.53,0.47
Hatfield,Hampshire,42.3708,-72.5986,MA,0.02,0.03,0.08,0.06,0.12,0.09,0.12,0.18,0.17,0.09,0.04,0.53,0.47
Haverhill,Essex,42.7833,-71.0833,MA,0.07,0.06,0.08,0.05,0.14,0.14,0.12,0.15,0.11,0.05,0.03,0.52,0.48
Hawley,Franklin,42.5667,-72.8833,MA,0.05,0.05,0.03,0.04,0.11,0.07,0.11,0.18,0.18,0.12,0.06,0.48,0.52
Heath,Franklin,42.6734,-72.8298,MA,0.06,0.08,0.06,0.06,0.09,0.13,0.07,0.12,0.16,0.08,0.09,0.56,0.44
Hingham,Plymouth,42.2333,-70.8833,MA,0.05,0.09,0.06,0.07,0.06,0.09,0.15,0.15,0.12,0.08,0.08,0.52,0.48
Hinsdale,Berkshire,42.4386,-73.1258,MA,0.02,0.05,0.04,0.06,0.09,0.14,0.08,0.18,0.18,0.11,0.05,0.49,0.51
Holbrook,Norfolk,42.155,-71.0092,MA,0.04,0.04,0.05,0.08,0.09,0.12,0.16,0.16,0.13,0.08,0.05,0.53,0.47
Holden,Worcester,42.3517,-71.8639,MA,0.04,0.06,0.07,0.08,0.09,0.1,0.15,0.15,0.13,0.08,0.05,0.51,0.49
Holland,Hampden,42.0639,-72.1578,MA,0.04,0.06,0.05,0.1,0.1,0.08,0.13,0.19,0.15,0.08,0.02,0.48,0.52
Holliston,Middlesex,42.1833,-71.425,MA,0.05,0.07,0.08,0.08,0.08,0.11,0.14,0.18,0.12,0.06,0.03,0.52,0.48
Holyoke,Hampden,42.2042,-72.6167,MA,0.07,0.06,0.06,0.08,0.16,0.14,0.12,0.12,0.09,0.06,0.04,0.52,0.48
Hopedale,Worcester,42.1314,-71.5419,MA,0.03,0.05,0.08,0.09,0.09,0.09,0.16,0.16,0.13,0.06,0.06,0.51,0.49
Hopkinton,Middlesex,42.2293,-71.5189,MA,0.07,0.07,0.07,0.07,0.06,0.14,0.16,0.15,0.11,0.06,0.04,0.51,0.49
Hubbardston,Worcester,42.4744,-72.0062,MA,0.04,0.06,0.06,0.04,0.13,0.1,0.11,0.18,0.16,0.09,0.03,0.5,0.5
Hudson,Middlesex,42.3912,-71.5681,MA,0.05,0.04,0.07,0.05,0.1,0.11,0.17,0.15,0.13,0.09,0.04,0.51,0.49
Kingston,Plymouth,41.9933,-70.7285,MA,0.05,0.06,0.06,0.08,0.09,0.11,0.14,0.15,0.12,0.08,0.06,0.52,0.48
Huntington,Hampshire,42.2335,-72.8797,MA,0.04,0.04,0.04,0.05,0.14,0.11,0.11,0.2,0.17,0.08,0.02,0.5,0.5
Ipswich,Essex,42.6792,-70.8417,MA,0.04,0.05,0.07,0.07,0.09,0.08,0.13,0.18,0.14,0.09,0.06,0.52,0.48
Lakeville,Plymouth,41.8458,-70.95,MA,0.05,0.07,0.06,0.07,0.1,0.1,0.14,0.17,0.15,0.06,0.03,0.5,0.5
Lancaster,Worcester,42.4571,-71.6738,MA,0.04,0.03,0.07,0.08,0.14,0.14,0.12,0.14,0.12,0.06,0.06,0.39,0.61
Lanesborough,Berkshire,42.5172,-73.2286,MA,0.03,0.07,0.04,0.05,0.09,0.09,0.08,0.18,0.22,0.11,0.04,0.51,0.49
Lawrence,Essex,42.7069,-71.1636,MA,0.1,0.05,0.06,0.04,0.19,0.14,0.12,0.13,0.1,0.03,0.04,0.51,0.49
Lee,Berkshire,42.3042,-73.2486,MA,0.05,0.03,0.07,0.06,0.11,0.12,0.12,0.14,0.13,0.1,0.07,0.54,0.46
Leicester,Worcester,42.2458,-71.9092,MA,0.05,0.06,0.07,0.06,0.13,0.11,0.11,0.18,0.12,0.08,0.03,0.52,0.48
Lenox,Berkshire,42.3564,-73.2853,MA,0.02,0.04,0.05,0.05,0.1,0.08,0.09,0.12,0.13,0.15,0.17,0.54,0.46
Leominster,Worcester,42.525,-71.7603,MA,0.07,0.06,0.05,0.06,0.12,0.13,0.14,0.14,0.12,0.07,0.04,0.52,0.48
Leverett,Franklin,42.4519,-72.5285,MA,0.03,0.05,0.06,0.06,0.1,0.09,0.13,0.12,0.18,0.13,0.05,0.5,0.5
Lexington,Middlesex,42.4482,-71.2247,MA,0.07,0.04,0.08,0.1,0.05,0.08,0.18,0.15,0.12,0.07,0.06,0.52,0.48
Leyden,Franklin,42.7,-72.63,MA,0.02,0.05,0.03,0.06,0.05,0.14,0.12,0.23,0.19,0.09,0.02,0.49,0.51
Lincoln,Middlesex,42.4258,-71.3044,MA,0.07,0.06,0.07,0.08,0.07,0.1,0.12,0.17,0.11,0.07,0.08,0.5,0.5
Littleton,Middlesex,42.5375,-71.5125,MA,0.05,0.06,0.07,0.08,0.07,0.11,0.14,0.18,0.12,0.07,0.05,0.51,0.49
Longmeadow,Hampden,42.0505,-72.5829,MA,0.06,0.05,0.07,0.07,0.09,0.11,0.12,0.15,0.12,0.08,0.08,0.54,0.46
Lowell,Middlesex,42.6394,-71.3147,MA,0.02,0.07,0.05,0.06,0.22,0.14,0.12,0.15,0.1,0.04,0.03,0.49,0.51
Ludlow,Hampden,42.16,-72.4764,MA,0.05,0.05,0.06,0.06,0.12,0.12,0.11,0.16,0.14,0.07,0.06,0.49,0.51
Lunenburg,Worcester,42.5951,-71.7246,MA,0.03,0.05,0.07,0.09,0.08,0.11,0.15,0.17,0.13,0.08,0.04,0.52,0.48
Lynn,Essex,42.4644,-70.9485,MA,0.08,0.06,0.07,0.08,0.12,0.15,0.12,0.12,0.11,0.06,0.03,0.49,0.51
Lynnfield,Essex,42.5389,-71.0486,MA,0.07,0.06,0.07,0.07,0.08,0.1,0.14,0.16,0.12,0.07,0.06,0.52,0.48
Malden,Middlesex,42.425,-71.0667,MA,0.05,0.07,0.04,0.04,0.2,0.18,0.12,0.13,0.09,0.05,0.03,0.52,0.48
Manchester-by-the-Sea,Essex,42.5754,-70.7718,MA,0.04,0.04,0.07,0.1,0.06,0.07,0.14,0.17,0.16,0.11,0.04,0.5,0.5
Mansfield,Bristol,42.0333,-71.2194,MA,0.05,0.06,0.07,0.07,0.14,0.12,0.15,0.17,0.1,0.05,0.02,0.5,0.5
Marblehead,Essex,42.4957,-70.8633,MA,0.05,0.06,0.07,0.08,0.05,0.07,0.16,0.17,0.14,0.1,0.05,0.53,0.47
Marion,Plymouth,41.7174,-70.7723,MA,0.03,0.07,0.06,0.09,0.05,0.08,0.13,0.16,0.13,0.13,0.07,0.52,0.48
Marlborough,Middlesex,42.3458,-71.5528,MA,0.06,0.06,0.05,0.06,0.13,0.14,0.14,0.15,0.11,0.06,0.04,0.52,0.48
Marshfield,Plymouth,42.0917,-70.7061,MA,0.06,0.06,0.06,0.06,0.09,0.11,0.14,0.17,0.12,0.09,0.04,0.52,0.48
Mashpee,Barnstable,41.649,-70.4812,MA,0.04,0.05,0.04,0.05,0.11,0.09,0.08,0.16,0.18,0.13,0.07,0.54,0.46
Mattapoisett,Plymouth,41.6583,-70.8167,MA,0.02,0.04,0.05,0.06,0.08,0.09,0.09,0.18,0.22,0.1,0.07,0.51,0.49
Maynard,Middlesex,42.4303,-71.4605,MA,0.06,0.05,0.06,0.05,0.09,0.15,0.14,0.18,0.11,0.07,0.04,0.51,0.49
Medfield,Norfolk,42.1875,-71.3069,MA,0.07,0.08,0.07,0.1,0.06,0.1,0.14,0.19,0.1,0.06,0.03,0.5,0.5
Medford,Middlesex,42.4183,-71.1067,MA,0.02,0.07,0.04,0.05,0.21,0.17,0.11,0.13,0.11,0.05,0.04,0.51,0.49
Medway,Norfolk,42.1417,-71.3972,MA,0.05,0.07,0.06,0.1,0.09,0.12,0.14,0.18,0.1,0.06,0.03,0.54,0.46
Melrose,Middlesex,42.4583,-71.0667,MA,0.06,0.05,0.05,0.06,0.11,0.15,0.14,0.15,0.13,0.06,0.04,0.54,0.46
Mendon,Worcester,42.1054,-71.5515,MA,0.02,0.09,0.04,0.1,0.11,0.08,0.13,0.2,0.15,0.06,0.02,0.51,0.49
Merrimac,Essex,42.8306,-71.0028,MA,0.03,0.06,0.1,0.06,0.06,0.08,0.18,0.18,0.14,0.07,0.04,0.5,0.5
Methuen,Essex,42.7261,-71.1914,MA,0.05,0.06,0.07,0.07,0.13,0.12,0.14,0.15,0.11,0.06,0.04,0.52,0.48
Middleborough,Plymouth,41.8894,-70.8942,MA,0.05,0.05,0.07,0.05,0.13,0.11,0.12,0.16,0.14,0.09,0.03,0.49,0.51
Middlefield,Hampshire,42.3497,-73.0084,MA,0,0.01,0.02,0.04,0.1,0.05,0.03,0.29,0.34,0.08,0.04,0.54,0.46
Middleton,Essex,42.595,-71.0167,MA,0.03,0.06,0.06,0.05,0.14,0.13,0.11,0.18,0.13,0.08,0.03,0.47,0.53
Milford,Worcester,42.1397,-71.5167,MA,0.07,0.07,0.06,0.05,0.12,0.13,0.15,0.13,0.12,0.06,0.04,0.5,0.5
Millbury,Worcester,42.1939,-71.7606,MA,0.06,0.05,0.05,0.05,0.11,0.12,0.15,0.17,0.11,0.09,0.04,0.52,0.48
Millis,Norfolk,42.1687,-71.3542,MA,0.04,0.06,0.06,0.09,0.08,0.1,0.15,0.17,0.17,0.06,0.02,0.52,0.48
Millville,Worcester,42.0278,-71.5814,MA,0.06,0.05,0.07,0.07,0.11,0.11,0.16,0.17,0.11,0.04,0.05,0.54,0.46
Milton,Norfolk,42.2486,-71.0692,MA,0.07,0.06,0.08,0.07,0.1,0.12,0.12,0.14,0.11,0.07,0.06,0.53,0.47
Monroe,Franklin,42.7219,-72.9414,MA,0.07,0.04,0.05,0.05,0.09,0.1,0.05,0.24,0.1,0.21,0,0.49,0.51
Monson,Hampden,42.1042,-72.3194,MA,0.04,0.04,0.06,0.06,0.1,0.1,0.13,0.2,0.15,0.09,0.03,0.51,0.49
Montague,Franklin,42.5353,-72.5217,MA,0.04,0.04,0.04,0.04,0.12,0.13,0.16,0.13,0.15,0.09,0.06,0.54,0.46
Monterey,Berkshire,42.1792,-73.2125,MA,0.01,0.04,0.03,0.09,0.03,0.06,0.08,0.2,0.22,0.16,0.08,0.52,0.48
Montgomery,Hampden,42.2068,-72.8051,MA,0.06,0.04,0.02,0.05,0.13,0.06,0.13,0.2,0.19,0.09,0.03,0.48,0.52
Mount Washington,Berkshire,42.0833,-73.4517,MA,0,0.01,0,0.02,0.07,0.1,0.07,0.31,0.17,0.18,0.07,0.41,0.59
Nahant,Essex,42.4264,-70.9194,MA,0.01,0.03,0.03,0.1,0.07,0.09,0.14,0.17,0.2,0.1,0.06,0.54,0.46
Nantucket,Nantucket,41.2835,-70.0995,MA,0.06,0.05,0.06,0.06,0.11,0.16,0.15,0.14,0.12,0.06,0.03,0.49,0.51
Natick,Middlesex,42.2838,-71.3473,MA,0.07,0.06,0.07,0.07,0.09,0.13,0.16,0.14,0.12,0.06,0.03,0.51,0.49
Needham,Norfolk,42.2833,-71.2333,MA,0.07,0.06,0.05,0.11,0.06,0.1,0.14,0.15,0.12,0.08,0.06,0.52,0.48
New Ashford,Berkshire,42.605,-73.24,MA,0,0.02,0.04,0.09,0.12,0.05,0.08,0.23,0.19,0.09,0.09,0.45,0.55
New Bedford,Bristol,41.6361,-70.9347,MA,0.07,0.07,0.06,0.06,0.15,0.15,0.12,0.11,0.1,0.06,0.05,0.51,0.49
New Braintree,Worcester,42.3327,-72.1134,MA,0.04,0.06,0.05,0.08,0.08,0.07,0.14,0.24,0.15,0.07,0.02,0.52,0.48
New Marlborough,Berkshire,42.1222,-73.231,MA,0.02,0.06,0.03,0.07,0.05,0.09,0.1,0.21,0.16,0.12,0.09,0.49,0.51
New Salem,Franklin,42.5034,-72.3323,MA,0.02,0.07,0.1,0.02,0.04,0.04,0.12,0.23,0.19,0.12,0.05,0.46,0.54
Newbury,Essex,42.7667,-70.8458,MA,0.05,0.04,0.09,0.07,0.05,0.08,0.15,0.19,0.16,0.08,0.04,0.55,0.45
Newburyport,Essex,42.8097,-70.8767,MA,0.05,0.06,0.06,0.06,0.07,0.09,0.14,0.18,0.14,0.1,0.05,0.54,0.46
Newton,Middlesex,42.3369,-71.2097,MA,0.05,0.05,0.07,0.08,0.13,0.11,0.12,0.13,0.13,0.08,0.05,0.54,0.46
Norfolk,Norfolk,42.1193,-71.3251,MA,0.06,0.06,0.07,0.06,0.08,0.14,0.16,0.16,0.12,0.06,0.03,0.42,0.58
North Adams,Berkshire,42.7,-73.1167,MA,0.03,0.06,0.07,0.05,0.15,0.1,0.11,0.15,0.14,0.09,0.05,0.5,0.5
North Andover,Essex,42.6877,-71.1216,MA,0.06,0.06,0.08,0.07,0.12,0.12,0.12,0.15,0.11,0.06,0.05,0.52,0.48
North Attleborough,Bristol,41.9833,-71.3333,MA,0.04,0.06,0.07,0.09,0.12,0.13,0.15,0.15,0.12,0.05,0.02,0.52,0.48
North Brookfield,Worcester,42.2667,-72.0833,MA,0.05,0.06,0.04,0.05,0.14,0.12,0.14,0.16,0.14,0.07,0.03,0.53,0.47
North Reading,Middlesex,42.574,-71.0793,MA,0.04,0.07,0.06,0.06,0.1,0.1,0.15,0.19,0.13,0.07,0.03,0.51,0.49
Northampton,Hampshire,42.3333,-72.65,MA,0.05,0.03,0.07,0.07,0.17,0.12,0.11,0.13,0.15,0.06,0.04,0.58,0.42
Northborough,Worcester,42.3194,-71.6417,MA,0.04,0.07,0.06,0.08,0.1,0.11,0.14,0.18,0.12,0.07,0.03,0.53,0.47
Northbridge,Worcester,42.1514,-71.65,MA,0.06,0.07,0.05,0.06,0.12,0.13,0.13,0.15,0.11,0.07,0.05,0.53,0.47
Northfield,Franklin,42.6973,-72.4548,MA,0.04,0.04,0.07,0.07,0.1,0.08,0.12,0.17,0.17,0.08,0.06,0.51,0.49
Norton,Bristol,41.9667,-71.1875,MA,0.03,0.06,0.1,0.05,0.16,0.09,0.13,0.17,0.12,0.07,0.02,0.52,0.48
Norwell,Plymouth,42.1618,-70.7938,MA,0.06,0.08,0.08,0.07,0.07,0.11,0.14,0.16,0.11,0.07,0.05,0.51,0.49
Norwood,Norfolk,42.1944,-71.2,MA,0.06,0.05,0.05,0.04,0.13,0.15,0.12,0.14,0.11,0.08,0.07,0.53,0.47
Oak Bluffs,Dukes,41.4542,-70.5625,MA,0.06,0.08,0.06,0.06,0.07,0.15,0.14,0.1,0.14,0.1,0.04,0.51,0.49
Oakham,Worcester,42.3498,-72.0392,MA,0.03,0.04,0.05,0.06,0.12,0.09,0.12,0.22,0.18,0.07,0.02,0.52,0.48
Orange,Franklin,42.5903,-72.3103,MA,0.06,0.05,0.05,0.05,0.11,0.11,0.14,0.15,0.16,0.08,0.04,0.54,0.46
Orleans,Barnstable,41.7897,-69.9903,MA,0.01,0.06,0.02,0.08,0.04,0.09,0.08,0.12,0.23,0.17,0.1,0.55,0.45
Otis,Berkshire,42.1931,-73.0922,MA,0.02,0.05,0.01,0.03,0.07,0.1,0.14,0.21,0.17,0.15,0.05,0.48,0.52
Oxford,Worcester,42.1167,-71.8653,MA,0.06,0.05,0.07,0.07,0.15,0.12,0.12,0.16,0.1,0.06,0.04,0.51,0.49
Palmer,Hampden,42.1849,-72.3479,MA,0.04,0.02,0.07,0.08,0.15,0.09,0.15,0.16,0.14,0.05,0.05,0.52,0.48
Paxton,Worcester,42.3111,-71.9286,MA,0.06,0.04,0.06,0.11,0.13,0.1,0.09,0.18,0.13,0.06,0.04,0.49,0.51
Peabody,Essex,42.5278,-70.9292,MA,0.05,0.05,0.05,0.05,0.13,0.13,0.1,0.15,0.13,0.08,0.08,0.52,0.48
Pelham,Hampshire,42.3921,-72.4035,MA,0.05,0.05,0.04,0.04,0.12,0.13,0.1,0.14,0.16,0.11,0.06,0.53,0.47
Pembroke,Plymouth,42.0667,-70.8167,MA,0.04,0.05,0.05,0.1,0.11,0.1,0.14,0.18,0.12,0.08,0.03,0.51,0.49
Pepperell,Middlesex,42.6658,-71.5889,MA,0.06,0.06,0.05,0.06,0.11,0.11,0.14,0.18,0.14,0.05,0.04,0.51,0.49
Peru,Berkshire,42.4379,-73.0458,MA,0.07,0.06,0.04,0.03,0.11,0.07,0.14,0.25,0.17,0.06,0,0.5,0.5
Petersham,Worcester,42.4875,-72.1875,MA,0.02,0.05,0.02,0.09,0.09,0.08,0.13,0.2,0.16,0.09,0.07,0.52,0.48
Phillipston,Worcester,42.5486,-72.1333,MA,0.05,0.04,0.06,0.07,0.12,0.1,0.13,0.18,0.17,0.05,0.03,0.5,0.5
Pittsfield,Berkshire,42.445,-73.2528,MA,0.05,0.04,0.05,0.05,0.12,0.13,0.13,0.15,0.14,0.08,0.06,0.53,0.47
Plainfield,Hampshire,42.5153,-72.9167,MA,0.05,0.02,0.03,0.05,0.08,0.08,0.16,0.14,0.22,0.12,0.05,0.47,0.53
Plainville,Norfolk,42.0042,-71.3333,MA,0.06,0.04,0.08,0.06,0.11,0.13,0.16,0.15,0.1,0.08,0.03,0.51,0.49
Plymouth,Plymouth,41.9558,-70.6644,MA,0.04,0.05,0.06,0.05,0.11,0.11,0.12,0.16,0.16,0.1,0.04,0.52,0.48
Plympton,Plymouth,41.9559,-70.8148,MA,0.06,0.06,0.05,0.06,0.1,0.11,0.13,0.17,0.12,0.12,0.02,0.52,0.48
Princeton,Worcester,42.4486,-71.8778,MA,0.03,0.06,0.05,0.09,0.07,0.07,0.14,0.18,0.19,0.09,0.03,0.48,0.52
Provincetown,Barnstable,42.058,-70.179,MA,0,0.04,0.02,0.01,0.06,0.1,0.09,0.27,0.23,0.13,0.05,0.42,0.58
Quincy,Norfolk,42.2529,-71.0023,MA,0.04,0.05,0.03,0.04,0.16,0.17,0.12,0.12,0.13,0.08,0.06,0.52,0.48
Randolph,Norfolk,42.1626,-71.0413,MA,0.06,0.05,0.05,0.06,0.15,0.12,0.13,0.15,0.13,0.06,0.04,0.52,0.48
Raynham,Bristol,41.9486,-71.0736,MA,0.06,0.06,0.06,0.06,0.11,0.14,0.12,0.15,0.12,0.08,0.04,0.54,0.46
Reading,Middlesex,42.5256,-71.0958,MA,0.07,0.06,0.07,0.06,0.08,0.12,0.14,0.16,0.12,0.07,0.05,0.51,0.49
Rehoboth,Bristol,41.8403,-71.25,MA,0.04,0.06,0.07,0.07,0.13,0.09,0.15,0.19,0.11,0.06,0.03,0.48,0.52
Revere,Suffolk,42.4084,-71.012,MA,0.05,0.07,0.05,0.05,0.12,0.17,0.15,0.13,0.11,0.06,0.04,0.5,0.5
Richmond,Berkshire,42.3731,-73.3681,MA,0.06,0.03,0.03,0.04,0.04,0.11,0.08,0.19,0.21,0.15,0.06,0.51,0.49
Rochester,Plymouth,41.7317,-70.8206,MA,0.05,0.07,0.08,0.09,0.08,0.07,0.13,0.19,0.16,0.06,0.02,0.46,0.54
Rockland,Plymouth,42.1263,-70.9164,MA,0.06,0.07,0.05,0.06,0.13,0.13,0.14,0.14,0.12,0.07,0.03,0.52,0.48
Rockport,Essex,42.6556,-70.6208,MA,0.02,0.06,0.04,0.05,0.07,0.08,0.1,0.16,0.2,0.14,0.08,0.56,0.44
Rowe,Franklin,42.6957,-72.8985,MA,0.03,0.03,0.06,0.07,0.11,0.12,0.07,0.1,0.2,0.14,0.07,0.55,0.45
Rowley,Essex,42.7167,-70.8792,MA,0.03,0.06,0.05,0.09,0.09,0.12,0.11,0.19,0.14,0.08,0.04,0.54,0.46
Royalston,Worcester,42.6775,-72.1883,MA,0.03,0.04,0.05,0.07,0.05,0.11,0.13,0.2,0.2,0.1,0.02,0.48,0.52
Russell,Hampden,42.1897,-72.8591,MA,0.07,0.06,0.06,0.05,0.11,0.14,0.13,0.14,0.15,0.07,0.02,0.52,0.48
Rutland,Worcester,42.3694,-71.9486,MA,0.07,0.06,0.08,0.1,0.1,0.1,0.19,0.12,0.11,0.06,0.01,0.46,0.54
Salem,Essex,42.5214,-70.8986,MA,0.04,0.05,0.06,0.04,0.18,0.16,0.12,0.13,0.11,0.07,0.04,0.55,0.45
Salisbury,Essex,42.8418,-70.8604,MA,0.04,0.04,0.05,0.05,0.1,0.12,0.15,0.16,0.16,0.09,0.04,0.5,0.5
Sandisfield,Berkshire,42.1112,-73.1399,MA,0.05,0.05,0.06,0.06,0.06,0.08,0.16,0.15,0.16,0.09,0.08,0.48,0.52
Sandwich,Barnstable,41.7589,-70.4944,MA,0.03,0.06,0.07,0.05,0.1,0.09,0.1,0.18,0.17,0.1,0.05,0.51,0.49
Saugus,Essex,42.4647,-71.0106,MA,0.04,0.05,0.05,0.05,0.12,0.11,0.12,0.18,0.14,0.08,0.06,0.51,0.49
Savoy,Lanesborough,42.5667,-73.0292,MA,0.06,0.05,0.03,0.05,0.09,0.09,0.08,0.18,0.22,0.11,0.04,0.51,0.49
Scituate,Plymouth,42.2,-70.7724,MA,0.05,0.06,0.05,0.07,0.06,0.09,0.12,0.18,0.18,0.09,0.05,0.53,0.47
Seekonk,Bristol,41.8083,-71.3375,MA,0.04,0.05,0.06,0.08,0.09,0.11,0.15,0.16,0.13,0.09,0.04,0.53,0.47
Sharon,Norfolk,42.1236,-71.1786,MA,0.04,0.08,0.1,0.08,0.07,0.09,0.16,0.16,0.12,0.06,0.04,0.52,0.48
Sheffield,Lanesborough,42.1107,-73.3531,MA,0.01,0.04,0.05,0.05,0.12,0.06,0.14,0.18,0.17,0.12,0.06,0.5,0.5
Shelburne,Franklin,42.6003,-72.6705,MA,0.01,0.04,0.04,0.05,0.06,0.09,0.07,0.22,0.23,0.12,0.07,0.57,0.43
Sherborn,Middlesex,42.2391,-71.3694,MA,0.06,0.05,0.08,0.1,0.05,0.08,0.14,0.22,0.13,0.05,0.04,0.54,0.46
Shirley,Middlesex,42.5586,-71.6464,MA,0.01,0.05,0.02,0.05,0.16,0.11,0.15,0.19,0.16,0.05,0.05,0.48,0.52
Shrewsbury,Worcester,42.2966,-71.7136,MA,0.06,0.06,0.07,0.06,0.11,0.12,0.14,0.16,0.11,0.06,0.05,0.51,0.49
Shutesbury,Franklin,42.4521,-72.41,MA,0.03,0.06,0.05,0.06,0.08,0.12,0.13,0.16,0.23,0.06,0.02,0.53,0.47
Somerset,Bristol,41.7694,-71.1292,MA,0.04,0.05,0.05,0.07,0.09,0.12,0.11,0.16,0.14,0.08,0.09,0.5,0.5
Somerville,Middlesex,42.3875,-71.1,MA,0.04,0.04,0.05,0.04,0.27,0.24,0.1,0.07,0.08,0.05,0.02,0.53,0.47
South Hadley,Hampshire,42.2583,-72.575,MA,0.03,0.04,0.08,0.07,0.18,0.11,0.12,0.12,0.11,0.08,0.06,0.61,0.39
Southampton,Hampshire,42.2292,-72.7306,MA,0.04,0.04,0.07,0.06,0.12,0.07,0.14,0.17,0.18,0.09,0.02,0.49,0.51
Southborough,Worcester,42.3056,-71.525,MA,0.05,0.08,0.07,0.09,0.08,0.09,0.15,0.19,0.11,0.06,0.03,0.51,0.49
Southbridge,Worcester,42.075,-72.0339,MA,0.06,0.06,0.06,0.06,0.15,0.11,0.15,0.13,0.12,0.06,0.04,0.51,0.49
Southwick,Hampden,42.0547,-72.7708,MA,0.04,0.05,0.06,0.06,0.09,0.12,0.12,0.15,0.14,0.11,0.06,0.5,0.5
Spencer,Worcester,42.2439,-71.9928,MA,0.03,0.04,0.06,0.07,0.1,0.15,0.12,0.16,0.15,0.08,0.04,0.48,0.52
Springfield,Hampden,42.1124,-72.5475,MA,0.08,0.08,0.06,0.07,0.18,0.12,0.12,0.11,0.1,0.06,0.02,0.53,0.47
Sterling,Worcester,42.4375,-71.7611,MA,0.03,0.06,0.06,0.1,0.08,0.1,0.14,0.18,0.13,0.1,0.02,0.52,0.48
Stockbridge,Berkshire,42.2875,-73.3208,MA,0.01,0.03,0.02,0.04,0.07,0.08,0.05,0.2,0.28,0.13,0.09,0.57,0.43
Stoneham,Middlesex,42.48,-71.1002,MA,0.04,0.05,0.04,0.04,0.12,0.14,0.14,0.14,0.14,0.08,0.07,0.5,0.5
Stoughton,Norfolk,42.125,-71.1028,MA,0.05,0.04,0.06,0.06,0.1,0.13,0.12,0.17,0.14,0.08,0.05,0.53,0.47
Stow,Middlesex,42.4369,-71.5061,MA,0.05,0.1,0.07,0.07,0.08,0.11,0.13,0.18,0.09,0.07,0.05,0.52,0.48
Sturbridge,Worcester,42.0981,-72.0639,MA,0.06,0.07,0.08,0.06,0.08,0.12,0.15,0.14,0.11,0.1,0.03,0.55,0.45
Sudbury,Middlesex,42.3825,-71.4125,MA,0.07,0.07,0.06,0.09,0.06,0.08,0.15,0.19,0.12,0.07,0.04,0.49,0.51
Sunderland,Franklin,42.4667,-72.5792,MA,0.05,0.02,0.04,0.04,0.3,0.12,0.09,0.12,0.13,0.06,0.03,0.52,0.48
Sutton,Worcester,42.15,-71.7633,MA,0.04,0.05,0.06,0.09,0.1,0.09,0.15,0.18,0.14,0.06,0.04,0.48,0.52
Swampscott,Essex,42.4708,-70.9181,MA,0.06,0.05,0.07,0.05,0.1,0.1,0.15,0.16,0.14,0.06,0.06,0.54,0.46
Swansea,Bristol,41.7482,-71.1896,MA,0.04,0.05,0.05,0.06,0.1,0.13,0.14,0.15,0.16,0.07,0.05,0.49,0.51
Taunton,Bristol,41.9017,-71.0927,MA,0.05,0.07,0.07,0.06,0.12,0.14,0.12,0.14,0.12,0.07,0.04,0.52,0.48
Templeton,Worcester,42.5561,-72.0676,MA,0.05,0.04,0.06,0.07,0.13,0.12,0.13,0.16,0.12,0.08,0.04,0.51,0.49
Tewksbury,Middlesex,42.6106,-71.2347,MA,0.04,0.05,0.07,0.07,0.11,0.11,0.14,0.15,0.15,0.06,0.05,0.52,0.48
Tisbury,Dukes,41.4535,-70.6033,MA,0.01,0.04,0.05,0.1,0.1,0.11,0.13,0.14,0.16,0.11,0.05,0.46,0.54
Tolland,Hampden,42.0813,-73.0115,MA,0.01,0.03,0.04,0.05,0.08,0.08,0.09,0.21,0.26,0.12,0.03,0.49,0.51
Topsfield,Essex,42.6375,-70.95,MA,0.07,0.06,0.07,0.08,0.05,0.09,0.14,0.15,0.12,0.09,0.08,0.52,0.48
Townsend,Middlesex,42.6669,-71.7058,MA,0.06,0.06,0.06,0.06,0.12,0.12,0.12,0.18,0.14,0.05,0.03,0.5,0.5
Truro,Barnstable,41.9991,-70.0537,MA,0.02,0.04,0.02,0.03,0.03,0.04,0.18,0.09,0.33,0.15,0.07,0.46,0.54
Tyngsborough,Middlesex,42.6717,-71.4169,MA,0.05,0.03,0.08,0.06,0.13,0.11,0.15,0.19,0.13,0.05,0.02,0.5,0.5
Tyringham,Berkshire,42.2458,-73.2042,MA,0.04,0.04,0.03,0.04,0.11,0.05,0.09,0.16,0.23,0.13,0.08,0.55,0.45
Upton,Worcester,42.1744,-71.6028,MA,0.04,0.07,0.06,0.08,0.09,0.12,0.14,0.19,0.13,0.06,0.02,0.5,0.5
Uxbridge,Worcester,42.0772,-71.63,MA,0.06,0.07,0.05,0.07,0.11,0.12,0.13,0.19,0.09,0.06,0.05,0.49,0.51
Wakefield,Middlesex,42.5064,-71.0733,MA,0.05,0.06,0.06,0.05,0.11,0.13,0.13,0.15,0.14,0.07,0.05,0.52,0.48
Wales,Hampden,42.0694,-72.2228,MA,0.07,0.06,0.07,0.07,0.12,0.11,0.12,0.16,0.14,0.05,0.03,0.51,0.49
Walpole,Norfolk,42.1417,-71.25,MA,0.07,0.06,0.07,0.08,0.08,0.13,0.15,0.15,0.09,0.08,0.04,0.49,0.51
Waltham,Middlesex,42.3806,-71.235,MA,0.05,0.03,0.06,0.04,0.21,0.18,0.12,0.11,0.1,0.06,0.04,0.51,0.49
Ware,Hampshire,42.2597,-72.2403,MA,0.06,0.05,0.04,0.05,0.1,0.14,0.12,0.14,0.15,0.09,0.06,0.51,0.49
Wareham,Plymouth,41.7625,-70.7222,MA,0.03,0.05,0.05,0.06,0.11,0.11,0.1,0.19,0.16,0.09,0.05,0.52,0.48
Warren,Worcester,42.2125,-72.1917,MA,0.06,0.07,0.07,0.05,0.1,0.18,0.14,0.13,0.1,0.04,0.06,0.56,0.44
Warwick,Franklin,42.6819,-72.3394,MA,0.04,0.05,0.04,0.05,0.09,0.06,0.11,0.22,0.23,0.08,0.03,0.5,0.5
Washington,Berkshire,42.3667,-73.1167,MA,0.02,0.05,0.05,0.02,0.04,0.08,0.11,0.19,0.27,0.13,0.04,0.47,0.53
Watertown,Middlesex,42.3674,-71.1875,MA,0.07,0.04,0.02,0.04,0.15,0.21,0.11,0.12,0.13,0.06,0.05,0.53,0.47
Wayland,Middlesex,42.3625,-71.3619,MA,0.05,0.09,0.07,0.07,0.06,0.11,0.13,0.17,0.11,0.09,0.05,0.5,0.5
Webster,Worcester,42.05,-71.8806,MA,0.05,0.06,0.05,0.06,0.12,0.12,0.11,0.18,0.12,0.08,0.05,0.54,0.46
Wellesley,Norfolk,42.2964,-71.2931,MA,0.04,0.07,0.12,0.11,0.12,0.07,0.13,0.13,0.1,0.07,0.04,0.57,0.43
Wellfleet,Barnstable,41.9375,-70.0333,MA,0.01,0.04,0.03,0.06,0.11,0.06,0.06,0.18,0.2,0.16,0.09,0.56,0.44
Wendell,Franklin,42.5481,-72.3972,MA,0.03,0.07,0.04,0.06,0.04,0.12,0.15,0.14,0.24,0.1,0.01,0.49,0.51
Wenham,Essex,42.6042,-70.8868,MA,0.04,0.03,0.14,0.11,0.2,0.07,0.09,0.12,0.09,0.05,0.06,0.57,0.43
West Boylston,Worcester,42.3667,-71.7861,MA,0.03,0.04,0.03,0.04,0.15,0.16,0.15,0.13,0.13,0.09,0.05,0.41,0.59
West Bridgewater,Plymouth,42.0189,-71.0083,MA,0.06,0.05,0.07,0.06,0.11,0.11,0.15,0.13,0.14,0.08,0.04,0.51,0.49
West Brookfield,Worcester,42.2353,-72.1417,MA,0.04,0.05,0.06,0.04,0.1,0.13,0.12,0.17,0.11,0.1,0.08,0.51,0.49
West Newbury,Essex,42.8014,-70.9903,MA,0.03,0.06,0.05,0.1,0.07,0.09,0.1,0.19,0.2,0.08,0.03,0.48,0.52
West Springfield,Hampden,42.1069,-72.6208,MA,0.05,0.05,0.06,0.06,0.13,0.13,0.13,0.16,0.11,0.07,0.05,0.51,0.49
West Stockbridge,Berkshire,42.3458,-73.3667,MA,0.03,0.06,0.04,0.05,0.08,0.06,0.14,0.19,0.19,0.12,0.04,0.49,0.51
West Tisbury,Dukes,41.3811,-70.675,MA,0.01,0.03,0.04,0.09,0.03,0.08,0.1,0.19,0.21,0.18,0.04,0.58,0.42
Westborough,Worcester,42.2694,-71.6167,MA,0.06,0.07,0.07,0.07,0.09,0.15,0.15,0.15,0.09,0.05,0.05,0.5,0.5
Westfield,Hampden,42.125,-72.75,MA,0.03,0.06,0.06,0.1,0.17,0.1,0.11,0.14,0.12,0.07,0.04,0.52,0.48
Westford,Middlesex,42.5811,-71.4396,MA,0.06,0.05,0.08,0.1,0.07,0.09,0.18,0.18,0.1,0.06,0.03,0.51,0.49
Westhampton,Hampshire,42.3028,-72.775,MA,0.03,0.06,0.09,0.02,0.12,0.09,0.11,0.21,0.16,0.08,0.03,0.51,0.49
Westminster,Worcester,42.5458,-71.9111,MA,0.03,0.06,0.06,0.06,0.1,0.12,0.11,0.16,0.2,0.08,0.02,0.5,0.5
Weston,Middlesex,42.3667,-71.3031,MA,0.05,0.07,0.07,0.1,0.09,0.05,0.13,0.17,0.11,0.08,0.08,0.52,0.48
Westport,Bristol,41.6389,-71.05,MA,0.03,0.05,0.05,0.06,0.09,0.09,0.14,0.17,0.15,0.11,0.06,0.5,0.5
Westwood,Norfolk,42.2139,-71.225,MA,0.06,0.07,0.07,0.07,0.09,0.07,0.15,0.18,0.1,0.07,0.07,0.52,0.48
Weymouth,Norfolk,42.2208,-70.9403,MA,0.05,0.05,0.06,0.05,0.13,0.13,0.13,0.14,0.14,0.08,0.04,0.53,0.47
Whately,Franklin,42.4448,-72.6258,MA,0.04,0.05,0.07,0.05,0.08,0.13,0.12,0.15,0.19,0.09,0.03,0.48,0.52
Whitman,Plymouth,42.0806,-70.9361,MA,0.07,0.05,0.06,0.08,0.14,0.12,0.14,0.15,0.09,0.07,0.03,0.51,0.49
Wilbraham,Hampden,42.1236,-72.4319,MA,0.05,0.04,0.06,0.08,0.09,0.12,0.11,0.16,0.14,0.09,0.06,0.54,0.46
Williamsburg,Hampshire,42.3927,-72.7303,MA,0.01,0.05,0.04,0.05,0.1,0.12,0.12,0.18,0.21,0.07,0.05,0.52,0.48
Williamstown,Berkshire,42.7119,-73.2042,MA,0.03,0.03,0.09,0.13,0.22,0.07,0.07,0.1,0.13,0.08,0.05,0.55,0.45
Wilmington,Middlesex,42.55,-71.1667,MA,0.06,0.05,0.06,0.06,0.12,0.12,0.13,0.17,0.12,0.06,0.05,0.51,0.49
Winchendon,Worcester,42.6871,-72.044,MA,0.06,0.07,0.06,0.07,0.15,0.12,0.1,0.17,0.11,0.05,0.04,0.48,0.52
Winchester,Middlesex,42.4522,-71.1375,MA,0.06,0.1,0.07,0.08,0.06,0.09,0.16,0.16,0.1,0.06,0.06,0.51,0.49
Windsor,Berkshire,42.5114,-73.0578,MA,0.02,0.04,0.04,0.06,0.1,0.06,0.15,0.19,0.26,0.06,0.02,0.49,0.51
Winthrop,Suffolk,42.375,-70.9833,MA,0.04,0.05,0.06,0.05,0.11,0.15,0.12,0.15,0.15,0.08,0.04,0.53,0.47
Woburn,Middlesex,42.4791,-71.1518,MA,0.06,0.05,0.05,0.05,0.12,0.16,0.12,0.14,0.13,0.07,0.05,0.49,0.51
Worcester,Worcester,42.2667,-71.8,MA,0.06,0.05,0.07,0.07,0.18,0.14,0.12,0.12,0.1,0.05,0.04,0.51,0.49
Worthington,Hampshire,42.3972,-72.9361,MA,0.02,0.05,0.06,0.06,0.1,0.09,0.13,0.14,0.21,0.1,0.04,0.54,0.46
Wrentham,Norfolk,42.0639,-71.3315,MA,0.07,0.06,0.07,0.07,0.09,0.11,0.12,0.19,0.13,0.05,0.04,0.48,0.52
Yarmouth,Barnstable,41.7055,-70.2286,MA,0.02,0.06,0.02,0.06,0.11,0.1,0.08,0.14,0.16,0.14,0.11,0.55,0.45