<?xml version="1.0" encoding="UTF-8"?>
<Export generator="Cache" version="25" zv="Cache for Windows (x86-64) 2011.1 (Build 496)" ts="2011-07-26 16:23:05">
<Class name="TrainingManagement.Course">
<Super>%Persistent,%Populate,%XML.Adaptor,%ZEN.DataModel.Adaptor</Super>
<TimeChanged>62298,40566.042339</TimeChanged>
<TimeCreated>62294,57823.640126</TimeCreated>

<Property name="Title">
<Type>%String</Type>
</Property>

<Property name="Product">
<Type>%String</Type>
</Property>

<Property name="NumDays">
<Type>%Integer</Type>
</Property>

<Property name="Price">
<Type>%Numeric</Type>
<Parameter name="MINVAL" value="0"/>
<Parameter name="SCALE"/>
</Property>

<XData name="Data">
<Data><![CDATA[
<data>
		<products>
			<product>
				Building AlphaFlex Applications^2^AlphaFlex^5500
			</product>
			<product>
				Building Findex Systems^3^Findex^8500
			</product>
			<product>
				Integrating Bio QuadTouch Systems^5^Bio QuadTouch^13500
			</product>
			<product>
				Building AlphaFlex Systems^2^AlphaFlex^5500
			</product>
			<product>
				Integrating AlphaFlex Applications^5^AlphaFlex^13500
			</product>
			<product>
				Integrating Quadex Solutions^2^Quadex^5500
			</product>
			<product>
				Integrating Findex Systems^3^Findex^8500
			</product>
			<product>
				Building Bio QuadTouch Solutions^2^Bio QuadTouch^5500
			</product>
			<product>
				Managing Bio QuadTouch Systems^2^Bio QuadTouch^5500
			</product>
			<product>
				Building Quadex Applications^5^Quadex^13500
			</product>
		</products>
	</data>
]]></Data>
</XData>

<Method name="BuildAll">
<ClassMethod>1</ClassMethod>
<ReturnType>%Status</ReturnType>
<Implementation><![CDATA[
	//Create instances based on the XDATA block
	Set tStream=##class(%Dictionary.CompiledXData).IDKEYOpen($CLASSNAME(),"Data").Data
	Set status=##class(%XML.XPATH.Document).CreateFromStream(tStream,.tDoc)
	Set status=tDoc.EvaluateExpression("/data","products/product/text()",.tRes)		
	For i=1:1:tRes.Count()
	{
		set product=$ZStrip(tRes.GetAt(i).Value,"*C")
		set obj=##class(TrainingManagement.Course).%New()
	 	set obj.Title=$piece(product,"^",1)
	 	set obj.NumDays=$piece(product,"^",2)
	 	set obj.Product=$piece(product,"^",3)
	 	set obj.Price=$piece(product,"^",4)
	 	set status=obj.%Save()
	 	Quit:$$$ISERR(status)
			
	}	

	quit status
]]></Implementation>
</Method>

<Storage name="Default">
<Type>%Library.CacheStorage</Type>
<DataLocation>^TrainingManagement.CourseD</DataLocation>
<DefaultData>CourseDefaultData</DefaultData>
<IdLocation>^TrainingManagement.CourseD</IdLocation>
<IndexLocation>^TrainingManagement.CourseI</IndexLocation>
<StreamLocation>^TrainingManagement.CourseS</StreamLocation>
<Data name="CourseDefaultData">
<Structure>listnode</Structure>
<Subscript/>
<Value name="1">
<Value>%%CLASSNAME</Value>
</Value>
<Value name="2">
<Value>Title</Value>
</Value>
<Value name="3">
<Value>Product</Value>
</Value>
<Value name="4">
<Value>NumDays</Value>
</Value>
<Value name="5">
<Value>Price</Value>
</Value>
</Data>
</Storage>
</Class>


<Class name="TrainingManagement.CourseDelivery">
<Super>%Persistent,%Populate,%XML.Adaptor,%ZEN.DataModel.Adaptor</Super>
<TimeChanged>62298,40552.070733</TimeChanged>
<TimeCreated>62294,62212.617808</TimeCreated>

<Parameter name="DSTIME">
<Default>auto</Default>
</Parameter>

<Property name="SaleDate">
<Type>%Date</Type>
</Property>

<Property name="Course">
<Type>TrainingManagement.Course</Type>
</Property>

<Property name="Instructor">
<Type>%String</Type>
</Property>

<Property name="NumAttendees">
<Type>%Integer</Type>
<Parameter name="MAXVAL" value="15"/>
<Parameter name="MINVAL" value="3"/>
</Property>

<Property name="Customer">
<Type>TrainingManagement.Customer</Type>
</Property>

<Property name="AmountPaid">
<Type>%Numeric</Type>
</Property>

<Property name="Discount">
<Type>%Numeric</Type>
<Parameter name="MINVAL" value="0"/>
</Property>

<Property name="EvaluationResults">
<Type>TrainingManagement.EvaluationResults</Type>
</Property>

<XData name="Data">
<Data><![CDATA[
<data>
	<instructors>
	<instructor>Eisenstien,Howard B.</instructor>
	<instructor>Klausner,Tara U.</instructor>
	<instructor>Ipsen,Kirsten J.</instructor>
	<instructor>Xavier,Martin H.</instructor>
	<instructor>Zucherro,Alfred P.</instructor>
	<instructor>Emerson,Nataliya J.</instructor>
	</instructors>
</data>
]]></Data>
</XData>

<Storage name="Default">
<Type>%Library.CacheStorage</Type>
<DataLocation>^TrainingManDD4F.CourseDeliveryD</DataLocation>
<DefaultData>CourseDeliveryDefaultData</DefaultData>
<IdLocation>^TrainingManDD4F.CourseDeliveryD</IdLocation>
<IndexLocation>^TrainingManDD4F.CourseDeliveryI</IndexLocation>
<StreamLocation>^TrainingManDD4F.CourseDeliveryS</StreamLocation>
<Data name="CourseDeliveryDefaultData">
<Structure>listnode</Structure>
<Subscript/>
<Value name="1">
<Value>%%CLASSNAME</Value>
</Value>
<Value name="2">
<Value>DatePaid</Value>
</Value>
<Value name="3">
<Value>Course</Value>
</Value>
<Value name="4">
<Value>Instructor</Value>
</Value>
<Value name="5">
<Value>NumAttendees</Value>
</Value>
<Value name="6">
<Value>Customer</Value>
</Value>
<Value name="7">
<Value>AmountPaid</Value>
</Value>
<Value name="8">
<Value>EvaluationResults</Value>
</Value>
<Value name="9">
<Value>SaleDate</Value>
</Value>
<Value name="10">
<Value>Discount</Value>
</Value>
</Data>
<Property name="%%CLASSNAME">
</Property>
<Property name="AmountPaid">
</Property>
<Property name="Course">
</Property>
<Property name="Customer">
</Property>
<Property name="DatePaid">
</Property>
<Property name="EvaluationResults">
</Property>
<Property name="Instructor">
</Property>
<Property name="NumAttendees">
</Property>
</Storage>
</Class>


<Class name="TrainingManagement.Cube">
<Description>
</Description>
<ProcedureBlock>1</ProcedureBlock>
<Super>%DeepSee.CubeDefinition</Super>
<TimeChanged>62298,57108.386283</TimeChanged>
<TimeCreated>62298,40967.721081</TimeCreated>
<DependsOn>TrainingManagement.CourseDelivery</DependsOn>
<LegacyInstanceContext>1</LegacyInstanceContext>

<Parameter name="DOMAIN"/>

<XData name="Cube">
<Description>
Cube definition from Architect.</Description>
<XMLNamespace>http://www.intersystems.com/deepsee</XMLNamespace>
<Data><![CDATA[
<cube xmlns="http://www.intersystems.com/deepsee" name="TrainingManagement Cube" displayName="TrainingManagement Cube" disabled="false" abstract="false" sourceClass="TrainingManagement.CourseDelivery" countMeasureName="%COUNT" bucketSize="8" bitmapChunkInMemory="false" precompute="0">
  <dimension name="Instructor" disabled="false" hasAll="false" allCaption="All Instructor" allDisplayName="Instructor" type="data" hidden="false" showHierarchies="default">
    <hierarchy name="H1" disabled="false">
      <level sourceProperty="Instructor" name="Instructor" disabled="false" list="false" useDisplayValue="true">
      </level>
    </hierarchy>
  </dimension>
  <dimension name="SaleDate" disabled="false" hasAll="false" allCaption="All SaleDate" allDisplayName="SaleDate" sourceProperty="SaleDate" type="time" hidden="false" showHierarchies="default">
    <hierarchy name="H1" disabled="false">
      <level name="Year" disabled="false" timeFunction="Year" list="false" nullReplacement="null" useDisplayValue="true">
      </level>
      <level name="Quarter" disabled="false" timeFunction="QuarterYear" list="false" nullReplacement="null" useDisplayValue="true">
      </level>
      <level name="Month" disabled="false" timeFunction="MonthYear" list="false" nullReplacement="null" useDisplayValue="true">
      </level>
    </hierarchy>
  </dimension>
  <dimension name="Title" disabled="false" hasAll="false" allCaption="All Title" allDisplayName="Title" type="data" hidden="false" showHierarchies="default">
    <hierarchy name="H1" disabled="false">
      <level sourceProperty="Course.Title" name="Title" disabled="false" list="false" useDisplayValue="true">
      </level>
    </hierarchy>
  </dimension>
  <dimension name="Customer" disabled="false" hasAll="false" allCaption="All Customer" allDisplayName="Customer" type="data" hidden="false" showHierarchies="default">
    <hierarchy name="H1" disabled="false">
      <level sourceProperty="Customer.SalesRep" name="SalesRep" disabled="false" list="false" useDisplayValue="true">
      </level>
      <level sourceProperty="Customer" name="Type" disabled="false" list="false" useDisplayValue="true">
        <property sourceProperty="Customer.Type" name="Name" disabled="false" hidden="false" isName="true" isReference="false" useDisplayValue="false"></property>
      </level>
      <level sourceProperty="Customer.Name" name="Customer" disabled="false" list="false" useDisplayValue="true">
      </level>
    </hierarchy>
  </dimension>
  <measure sourceProperty="AmountPaid" name="AmountPaid" disabled="false" type="number" hidden="false" searchable="false"></measure>
  <measure sourceProperty="EvaluationResults.AvgCourseScore" name="AvgCourseScore" disabled="false" aggregate="AVG" type="number" hidden="false" searchable="false"></measure>
  <measure sourceProperty="EvaluationResults.AvgInstructorScore" name="AvgInstructorScore" disabled="false" aggregate="AVG" type="number" hidden="false" searchable="false"></measure>
  <measure sourceProperty="NumAttendees" name="NumAttendees" disabled="false" type="number" hidden="false" searchable="false"></measure>
</cube>
]]></Data>
</XData>
</Class>


<Class name="TrainingManagement.Customer">
<Super>%Persistent,%Populate,%XML.Adaptor,%ZEN.DataModel.Adaptor</Super>
<TimeChanged>62298,40578.74495</TimeChanged>
<TimeCreated>62294,43062.093611</TimeCreated>

<Property name="Name">
<Type>%String</Type>
</Property>

<Property name="Type">
<Type>%String</Type>
</Property>

<Property name="SalesRep">
<Type>%String</Type>
</Property>

<XData name="Data">
<Data><![CDATA[
<data>
	<customers>
		<customer>
		IntraTech Holdings, Inc.^O'Donnell,Patricia W.^Technology Partner
		</customer>
		<customer>
		Medigy Holdings^LaRocca,Geoffrey R.^Application Partner
		</customer>
		<customer>
		Globamo Media Inc.^O'Donnell,Patricia W.^Application Partner
		</customer>
		<customer>
		RoboTech.com^LaRocca,Geoffrey R.^Technology Partner
		</customer>
		<customer>
		KwalMatrix Holdings Inc.^Zevon,Will C.^End User
		</customer>
		<customer>
		GigaNet.com^Zevon,Will C.^Application Partner
		</customer>
	</customers>
</data>
]]></Data>
</XData>

<Method name="BuildAll">
<ClassMethod>1</ClassMethod>
<ReturnType>%Status</ReturnType>
<Implementation><![CDATA[
		
	
	//Create instances based on the data in the XData block.
	Set tStream=##class(%Dictionary.CompiledXData).IDKEYOpen($CLASSNAME(),"Data").Data
	Set status=##class(%XML.XPATH.Document).CreateFromStream(tStream,.tDoc)
	Set status=tDoc.EvaluateExpression("/data","customers/customer/text()",.tRes)		
	For i=1:1:tRes.Count()
	{
		set product=$ZStrip(tRes.GetAt(i).Value,"*C")
		set obj=##class(TrainingManagement.Customer).%New()
	 	set obj.Name=$piece(product,"^",1)
	 	set obj.SalesRep=$piece(product,"^",2)
	 	set obj.Type=$piece(product,"^",3)
	 	set status=obj.%Save()
	 	Quit:$$$ISERR(status)
			
	}
	
	

 Quit status
]]></Implementation>
</Method>

<Storage name="Default">
<Type>%Library.CacheStorage</Type>
<DataLocation>^TrainingManagement.CustomerD</DataLocation>
<DefaultData>CustomerDefaultData</DefaultData>
<IdLocation>^TrainingManagement.CustomerD</IdLocation>
<IndexLocation>^TrainingManagement.CustomerI</IndexLocation>
<StreamLocation>^TrainingManagement.CustomerS</StreamLocation>
<Data name="CustomerDefaultData">
<Structure>listnode</Structure>
<Subscript/>
<Value name="1">
<Value>%%CLASSNAME</Value>
</Value>
<Value name="2">
<Value>Name</Value>
</Value>
<Value name="3">
<Value>Type</Value>
</Value>
<Value name="4">
<Value>SalesRep</Value>
</Value>
</Data>
</Storage>
</Class>


<Class name="TrainingManagement.EvaluationResults">
<Super>%Persistent,%Populate,%XML.Adaptor,%ZEN.DataModel.Adaptor</Super>
<TimeChanged>62298,40591.517663</TimeChanged>
<TimeCreated>62294,61733.760859</TimeCreated>

<Property name="AvgInstructorScore">
<Type>%Numeric</Type>
<Parameter name="MAXVAL" value="5"/>
<Parameter name="MINVAL" value="0"/>
</Property>

<Property name="AvgCourseScore">
<Type>%Numeric</Type>
<Parameter name="MAXVAL" value="5"/>
<Parameter name="MINVAL" value="0"/>
</Property>

<Property name="AvgCustSatisfactionScore">
<Type>%Numeric</Type>
<Parameter name="MAXVAL" value="5"/>
<Parameter name="MINVAL" value="0"/>
</Property>

<Property name="NumCompletedEvals">
<Type>%Integer</Type>
<Parameter name="MAXVAL" value="20"/>
<Parameter name="MINVAL" value="0"/>
</Property>

<Property name="Comments">
<Type>%String</Type>
</Property>

<Storage name="Default">
<Type>%Library.CacheStorage</Type>
<DataLocation>^TrainingMaDD4F.EvaluationRC846D</DataLocation>
<DefaultData>EvaluationResultsDefaultData</DefaultData>
<IdLocation>^TrainingMaDD4F.EvaluationRC846D</IdLocation>
<IndexLocation>^TrainingMaDD4F.EvaluationRC846I</IndexLocation>
<StreamLocation>^TrainingMaDD4F.EvaluationRC846S</StreamLocation>
<Data name="EvaluationResultsDefaultData">
<Structure>listnode</Structure>
<Subscript/>
<Value name="1">
<Value>%%CLASSNAME</Value>
</Value>
<Value name="2">
<Value>AvgInstructorScore</Value>
</Value>
<Value name="3">
<Value>AvgCourseScore</Value>
</Value>
<Value name="4">
<Value>AvgCustSatisfactionScore</Value>
</Value>
<Value name="5">
<Value>NumCompletedEvals</Value>
</Value>
<Value name="6">
<Value>Comments</Value>
</Value>
</Data>
<Property name="%%CLASSNAME">
</Property>
<Property name="AvgCourseScore">
</Property>
<Property name="AvgCustSatisfactionScore">
</Property>
<Property name="AvgInstructorScore">
</Property>
<Property name="Comments">
</Property>
<Property name="NumCompletedEvals">
</Property>
</Storage>
</Class>


<Class name="TrainingManagement.Utils">
<IncludeCode>%DeepSee</IncludeCode>
<Super>%RegisteredObject</Super>
<TimeChanged>62298,55635.246594</TimeChanged>
<TimeCreated>62297,35098.14481</TimeCreated>

<Method name="CreateRecords">
<ClassMethod>1</ClassMethod>
<FormalSpec>numRecords:%Integer</FormalSpec>
<ReturnType>%Status</ReturnType>
<Implementation><![CDATA[
		//Create Courses, Customers, and Evaluation Results
		
		Set status = ##class(TrainingManagement.Course).BuildAll()
		Quit:$$$ISERR(status)
		
		Set status=##class(TrainingManagement.Customer).BuildAll()
		Quit:$$$ISERR(status)
		
		Set status=##class(TrainingManagement.EvaluationResults).Populate(numRecords)
		Quit:$$$ISERR(status)
		
		//Need this property later to add 1 evaluation to each delivery.
		Set tEvalCounter=1
		
			//Random distribution of instructors
			
			Set tStream=##class(%Dictionary.CompiledXData).IDKEYOpen("TrainingManagement.CourseDelivery","Data").Data
			Set status=##class(%XML.XPATH.Document).CreateFromStream(tStream,.tDoc)
			Set status=tDoc.EvaluateExpression("/data","instructors/instructor/text()",.tRes)	
			Quit:$$$ISERR(status)
			For i=1:1:tRes.Count()
		
			{
				set tInstructor=$ZStrip(tRes.GetAt(i).Value,"*C")
				Set c = $R(10)+1
					For k = 1:1:c {
						Set tInstructors($I(tInstructorCount)) = tInstructor
					}
		
			
			}
			
		
			//Random distribution of customers
			Set tRS = ##class(%ResultSet).%New()
			Set tSC = tRS.Prepare("SELECT ID FROM TrainingManagement.Customer")
			If $$$ISERR(tSC) Quit
			Set tSC = tRS.Execute()
			If $$$ISERR(tSC) Quit

			While (tRS.Next()) {
				Set tID = tRS.Data("ID")
				Set tCustomer = ##class(TrainingManagement.Customer).%OpenId(tID)
				If $IsObject(tCustomer) {
					// build random distribution of products
					Set c = $R(10)+1
					For k = 1:1:c {
						Set tCustomers($I(tCustomerCount)) = tCustomer
					}
				}
			}
			//Random distribution of courses
			Set tRS = ##class(%ResultSet).%New()
			Set tSC = tRS.Prepare("SELECT ID FROM TrainingManagement.Course")
			If $$$ISERR(tSC) Quit
			Set tSC = tRS.Execute()
			If $$$ISERR(tSC) Quit

			While (tRS.Next()) {
				Set tID = tRS.Data("ID")
				Set tCourse = ##class(TrainingManagement.Course).%OpenId(tID)
				If $IsObject(tCourse) {
					// build random distribution of products
					Set c = $R(10)+1
					For k = 1:1:c {
						Set tCourses($I(tCourseCount)) = tCourse
					}
				}
			}
			// distribution of dates increasing with time
		// last 5 full years, plus part of current yea
		Set tCurrYear = +$E($ZDT($H,3),1,4)
		Set tStartYear = tCurrYear - 5
		Set tCurrMonth = +$E($ZDT($H,3),6,7)
		Set tMonthSeed = 1000
		Set tMonthTotal = tMonthSeed
		Set tMonths = 60 + tCurrMonth
		For m = 1:1:tMonths {
			Set tMonthTotal = (tMonthTotal * 1.01)\1
			Set tMonthDist(tMonthTotal) = m
		}
		for i=1:1:numRecords
		{
			Set tRecord=##class(TrainingManagement.CourseDelivery).%New()
			
			// last 5 full years plus part of current year, with distribution increasing with time
			Set tMonth = 1
			Set mr = $R(tMonthTotal - tMonthSeed) + tMonthSeed
			Set mi = $O(tMonthDist(mr))
			Set:mi'="" tMonth = $G(tMonthDist(mi),1)

			Set tYear = tStartYear + ((tMonth-1)\12)
			Set tMonth = ((tMonth-1)#12) + 1
			Set tDay = $R($$$iscDaysInMonth(tYear,tMonth)) + 1
			Set tH = +$ZDTH(tYear_"-"_$$$iscPadZero(tMonth,2)_"-"_$$$iscPadZero(tDay,2),3)

			Set tRecord.SaleDate = tH	
			
			
			// product
			Set tCourse = tCourses($R(tCourseCount)+1)
			Set tRecord.Course = tCourse
			
			//customer
			Set tCustomer = tCustomers($R(tCustomerCount)+1)
			Set tRecord.Customer = tCustomer
		
		
			//Discount and AmountPaid
			Set tRecord.Discount = $S($R(10)<6:0,$R(10)<7:0.1,$R(10)<7:0.2,1:0.5)
			Set tRecord.AmountPaid = tCourse.Price * (1 - tRecord.Discount)
		
			//Instructor
			Set tInstructor=tInstructors($R(tInstructorCount)+1)
			Set tRecord.Instructor=tInstructor
			
			//NumAttendees
			Set tRecord.NumAttendees=$R(11)+4
			
			//Evaluations
			Set tRS = ##class(%ResultSet).%New()
			Set tSC = tRS.Prepare("SELECT ID FROM TrainingManagement.EvaluationResults")
			If $$$ISERR(tSC) Quit
			Set tSC = tRS.Execute()
			If $$$ISERR(tSC) Quit

			While (tRS.Next()) {
				Set tID = tRS.Data("ID")
				Set tEvalResults = ##class(TrainingManagement.EvaluationResults).%OpenId(tID)
				If $IsObject(tEvalResults) {
					//make sure that #evals not greater than #students
						if tEvalResults.NumCompletedEvals>tRecord.NumAttendees
						{
							Set tEvalResults.NumCompletedEvals=$R(tRecord.NumAttendees)+1
							Set status=tEvalResults.%Save()
							Quit:$$$ISERR(status)
						}
				Set tEvals($I(tEvalCount)) = tEvalResults
				}
			}
			
			Set tRecord.EvaluationResults=tEvals(tEvalCounter)
			Set tEvalCounter=tEvalCounter+1
			Set status=tRecord.%Save()
			Quit:$$$ISERR(status)
			
			
		}
		quit status
]]></Implementation>
</Method>

<Method name="DeleteAll">
<ClassMethod>1</ClassMethod>
<ReturnType>%Status</ReturnType>
<Implementation><![CDATA[
	Set status=##class(TrainingManagement.CourseDelivery).%KillExtent()
	Quit:$$$ISERR(status)
	
	Set status=##class(TrainingManagement.Course).%KillExtent()
	Quit:$$$ISERR(status)
	
	Set status=##class(TrainingManagement.Customer).%KillExtent()
	Quit:$$$ISERR(status)
	
	Set status=##class(TrainingManagement.EvaluationResults).%KillExtent()
	Quit:$$$ISERR(status)
	
	Quit status
]]></Implementation>
</Method>
</Class>
</Export>
