<?xml version="1.0" encoding="UTF-8"?>
<Export generator="Cache" version="25" zv="Cache for Windows (x86-64) 2011.1.1 (Build 600)" ts="2011-11-04 10:29:42">
<Class name="DSF.Address">
<Super>%SerialObject,%Populate,%XML.Adaptor,%ZEN.DataModel.Adaptor</Super>
<TimeChanged>62398,54385.101967</TimeChanged>
<TimeCreated>62398,36968.308431</TimeCreated>

<Property name="Street">
<Description>
The street address.</Description>
<Type>%String</Type>
<Parameter name="MAXLEN" value="80"/>
<Parameter name="POPSPEC" value="Street()"/>
</Property>

<Property name="City">
<Description>
The city name.</Description>
<Type>%String</Type>
<Parameter name="MAXLEN" value="80"/>
<Parameter name="POPSPEC" value="City()"/>
</Property>

<Property name="State">
<Description>
The 2-letter state abbreviation.</Description>
<Type>%String</Type>
<Parameter name="MAXLEN" value="2"/>
<Parameter name="POPSPEC" value="USState()"/>
</Property>

<Property name="Zip">
<Description>
The 5-digit U.S. Zone Improvement Plan (ZIP) code.</Description>
<Type>%String</Type>
<Parameter name="MAXLEN" value="5"/>
<Parameter name="POPSPEC" value="USZip()"/>
</Property>

<Storage name="Default">
<Type>%Library.CacheSerialState</Type>
<State>AddressState</State>
<StreamLocation>^DSF.AddressS</StreamLocation>
<Data name="AddressState">
<Structure>listnode</Structure>
<Subscript/>
<Value name="1">
<Value>Street</Value>
</Value>
<Value name="2">
<Value>City</Value>
</Value>
<Value name="3">
<Value>State</Value>
</Value>
<Value name="4">
<Value>Zip</Value>
</Value>
</Data>
</Storage>
</Class>


<Class name="DSF.Customer">
<Super>%Persistent,%Populate,%XML.Adaptor</Super>
<TimeChanged>62399,36957.697236</TimeChanged>
<TimeCreated>61513,40580.746548</TimeCreated>
<Inheritance>right</Inheritance>

<Property name="Name">
<Type>%String</Type>
</Property>

<Property name="Address">
<Type>DSF.Address</Type>
</Property>

<Storage name="Default">
<Type>%Library.CacheStorage</Type>
<DataLocation>^DSF.CustomerD</DataLocation>
<DefaultData>CustomerDefaultData</DefaultData>
<IdLocation>^DSF.CustomerD</IdLocation>
<IndexLocation>^DSF.CustomerI</IndexLocation>
<StreamLocation>^DSF.CustomerS</StreamLocation>
<Data name="CustomerDefaultData">
<Structure>listnode</Structure>
<Subscript/>
<Value name="1">
<Value>%%CLASSNAME</Value>
</Value>
<Value name="2">
<Value>Name</Value>
</Value>
<Value name="3">
<Value>Address</Value>
</Value>
</Data>
<Property name="%%CLASSNAME">
</Property>
<Property name="Address">
</Property>
<Property name="Name">
</Property>
</Storage>
</Class>


<Class name="DSF.DSFOrderCube">
<Description>
</Description>
<ProcedureBlock>1</ProcedureBlock>
<Super>%DeepSee.CubeDefinition</Super>
<TimeChanged>62399,34554.740145</TimeChanged>
<TimeCreated>62398,54739.649056</TimeCreated>
<DependsOn>DSF.Order</DependsOn>

<Parameter name="DOMAIN">
</Parameter>

<XData name="Cube">
<Description>
Cube definition from Architect.</Description>
<XMLNamespace>http://www.intersystems.com/deepsee</XMLNamespace>
<Data><![CDATA[
<cube xmlns="http://www.intersystems.com/deepsee" name="DSFOrderCube" displayName="DSFOrderCube" disabled="false" abstract="false" sourceClass="DSF.Order" countMeasureName="%COUNT" bucketSize="8" bitmapChunkInMemory="false" precompute="0">
  <dimension name="SaleDate" disabled="false" hasAll="false" allCaption="All SaleDate" allDisplayName="SaleDate" sourceProperty="SaleDate" type="time" hidden="false" showHierarchies="default">
    <hierarchy name="H1" disabled="false">
      <level name="Year" disabled="false" timeFunction="Year" list="false" useDisplayValue="true">
      </level>
      <level name="Month" disabled="false" timeFunction="MonthYear" list="false" useDisplayValue="true">
      </level>
      <level name="Day" disabled="false" timeFunction="DayMonthYear" list="false" useDisplayValue="true">
      </level>
    </hierarchy>
  </dimension>
  <dimension name="Customer" disabled="false" hasAll="false" allCaption="All Name" allDisplayName="Name" type="data" hidden="false" showHierarchies="default">
    <hierarchy name="H1" disabled="false">
      <level sourceProperty="Customer.Name" name="Name" disabled="false" list="false" useDisplayValue="true">
      </level>
    </hierarchy>
    <hierarchy name="Address" disabled="false">
      <level sourceProperty="Customer.Address.State" name="State" disabled="false" timeFunction="DayMonthYear" list="false" useDisplayValue="true">
      </level>
      <level sourceProperty="Customer.Address.City" name="City" disabled="false" timeFunction="DayMonthYear" list="false" useDisplayValue="true">
      </level>
    </hierarchy>
  </dimension>
</cube>
]]></Data>
</XData>
</Class>


<Class name="DSF.DSFOrderItemCube">
<Description>
</Description>
<Super>%DeepSee.CubeDefinition</Super>
<TimeChanged>62399,37710.204497</TimeChanged>
<TimeCreated>62398,55167.197534</TimeCreated>
<DependsOn>DSF.OrderItem</DependsOn>

<Parameter name="DOMAIN"/>

<XData name="Cube">
<Description>
Cube definition from Architect.</Description>
<XMLNamespace>http://www.intersystems.com/deepsee</XMLNamespace>
<Data><![CDATA[
<cube xmlns="http://www.intersystems.com/deepsee" name="DSFOrderItemCube" displayName="DSFOrderItemCube" disabled="false" abstract="false" sourceClass="DSF.OrderItem" countMeasureName="%COUNT" bucketSize="8" bitmapChunkInMemory="false" precompute="0">
  <dimension name="Item" disabled="false" hasAll="false" allCaption="All ITem" allDisplayName="ITem" type="data" hidden="false" showHierarchies="default">
    <hierarchy name="H1" disabled="false">
      <level sourceProperty="SKU.SKU" name="Item" disabled="false" list="false" useDisplayValue="true">
      </level>
      <level sourceProperty="Color" name="Color" disabled="false" list="false" useDisplayValue="true">
      </level>
    </hierarchy>
  </dimension>
</cube>
]]></Data>
</XData>
</Class>


<Class name="DSF.Order">
<Super>%Persistent,%Populate,%XML.Adaptor,%ZEN.DataModel.Adaptor</Super>
<TimeChanged>62399,36957.229881</TimeChanged>
<TimeCreated>62398,52987.697078</TimeCreated>

<Property name="Customer">
<Type>DSF.Customer</Type>
</Property>

<Property name="SaleDate">
<Type>%Date</Type>
<Parameter name="MAXVAL" value="+$H"/>
<Parameter name="MINVAL" value="59901"/>
</Property>

<Property name="OrderItems">
<Type>DSF.OrderItem</Type>
<Cardinality>many</Cardinality>
<Inverse>Order</Inverse>
<Relationship>1</Relationship>
</Property>

<Storage name="Default">
<Type>%Library.CacheStorage</Type>
<DataLocation>^DSF.OrderD</DataLocation>
<DefaultData>OrderDefaultData</DefaultData>
<IdLocation>^DSF.OrderD</IdLocation>
<IndexLocation>^DSF.OrderI</IndexLocation>
<StreamLocation>^DSF.OrderS</StreamLocation>
<Data name="OrderDefaultData">
<Structure>listnode</Structure>
<Subscript/>
<Value name="1">
<Value>%%CLASSNAME</Value>
</Value>
<Value name="2">
<Value>Customer</Value>
</Value>
<Value name="3">
<Value>SaleDate</Value>
</Value>
</Data>
<Property name="%%CLASSNAME">
</Property>
<Property name="Customer">
</Property>
<Property name="SaleDate">
</Property>
</Storage>
</Class>


<Class name="DSF.OrderItem">
<Super>%Persistent,%Populate,%XML.Adaptor,%ZEN.DataModel.Adaptor</Super>
<TimeChanged>62399,36957.321955</TimeChanged>
<TimeCreated>62398,53375.553257</TimeCreated>

<Property name="SKU">
<Type>DSF.SKU</Type>
</Property>

<Property name="Color">
<Type>%String</Type>
<Parameter name="VALUELIST" value=",Red,Green,Blue,Black,Purple"/>
</Property>

<Property name="Order">
<Type>DSF.Order</Type>
<Cardinality>one</Cardinality>
<Inverse>OrderItems</Inverse>
<Relationship>1</Relationship>
</Property>

<Storage name="Default">
<Type>%Library.CacheStorage</Type>
<DataLocation>^DSF.OrderItemD</DataLocation>
<DefaultData>OrderItemDefaultData</DefaultData>
<IdLocation>^DSF.OrderItemD</IdLocation>
<IndexLocation>^DSF.OrderItemI</IndexLocation>
<StreamLocation>^DSF.OrderItemS</StreamLocation>
<Data name="OrderItemDefaultData">
<Structure>listnode</Structure>
<Subscript/>
<Value name="1">
<Value>%%CLASSNAME</Value>
</Value>
<Value name="2">
<Value>SKU</Value>
</Value>
<Value name="3">
<Value>Color</Value>
</Value>
<Value name="4">
<Value>Order</Value>
</Value>
</Data>
<Property name="%%CLASSNAME">
</Property>
<Property name="Color">
</Property>
<Property name="Order">
</Property>
<Property name="SKU">
</Property>
</Storage>
</Class>


<Class name="DSF.OrderUtils">
<Super>%RegisteredObject,%XML.Adaptor,%ZEN.DataModel.Adaptor</Super>
<TimeChanged>62399,32051.844541</TimeChanged>
<TimeCreated>62399,31218.021263</TimeCreated>

<Method name="Populate">
<ClassMethod>1</ClassMethod>
<ReturnType>%Status</ReturnType>
<Implementation><![CDATA[
		
			Kill ^SKU
			Set tSC=##class(DSF.SKU).%KillExtent() Quit:$$$ISERR(tSC) tSC
			Set tSC=##class(DSF.OrderItem).%KillExtent() Quit:$$$ISERR(tSC) tSC
			Set tSC=##class(DSF.Customer).%KillExtent() Quit:$$$ISERR(tSC) tSC
			Set tSC=##class(DSF.Order).%KillExtent() Quit:$$$ISERR(tSC) tSC
			
			Set tSC=##class(DSF.SKU).Populate(25) Quit:$$$ISERR(tSC) tSC
			Set tSC=##class(DSF.Customer).Populate(500) Quit:$$$ISERR(tSC) tSC
			Set tSC=##class(DSF.Order).Populate(1000) Quit:$$$ISERR(tSC) tSC
			Set tSC=##class(DSF.OrderItem).Populate(15000) Quit:$$$ISERR(tSC) tSC
			
			Quit tSC
]]></Implementation>
</Method>
</Class>


<Class name="DSF.SKU">
<Super>%Persistent,%Populate,%XML.Adaptor,%ZEN.DataModel.Adaptor</Super>
<TimeChanged>62399,36957.462003</TimeChanged>
<TimeCreated>62398,53375.388912</TimeCreated>

<Property name="SKU">
<Type>%String</Type>
<Parameter name="POPSPEC" value="##class(DSF.SKU).GetSKU()"/>
</Property>

<Method name="GetSKU">
<ClassMethod>1</ClassMethod>
<ReturnType>%String</ReturnType>
<Implementation><![CDATA[
	
	Quit "SKU-10"_$I(^SKU)
]]></Implementation>
</Method>

<Storage name="Default">
<Type>%Library.CacheStorage</Type>
<DataLocation>^DSF.SKUD</DataLocation>
<DefaultData>SKUDefaultData</DefaultData>
<IdLocation>^DSF.SKUD</IdLocation>
<IndexLocation>^DSF.SKUI</IndexLocation>
<StreamLocation>^DSF.SKUS</StreamLocation>
<Data name="SKUDefaultData">
<Structure>listnode</Structure>
<Subscript/>
<Value name="1">
<Value>%%CLASSNAME</Value>
</Value>
<Value name="2">
<Value>SKU</Value>
</Value>
</Data>
<Property name="%%CLASSNAME">
</Property>
<Property name="SKU">
</Property>
</Storage>
</Class>
</Export>
