<?xml version="1.0" encoding="UTF-8"?>
<Export generator="Cache" version="25">
<Class name="Demo.X12.SorterDTL.GroupTransform">
<Super>Ens.DataTransformDTL</Super>
<TimeCreated>63305,39208.373043</TimeCreated>
<DependsOn>EnsLib.EDI.X12.Document</DependsOn>

<Parameter name="IGNOREMISSINGSOURCE">
<Default>1</Default>
</Parameter>

<Parameter name="REPORTERRORS">
<Default>1</Default>
</Parameter>

<XData name="DTL">
<XMLNamespace>http://www.intersystems.com/dtl</XMLNamespace>
<Data><![CDATA[
<transform sourceClass='EnsLib.EDI.X12.Document' targetClass='EnsLib.EDI.X12.Document' sourceDocType='HIPAA_5010:Group' targetDocType='HIPAA_5010:Group' create='existing' language='objectscript' >
<annotation>Copy the existing Group, but transform one value within it</annotation>
<assign value='$ZDATE($HOROLOG,8)' property='target.{GS:Date}' action='set' >
<annotation>Transform a value in the Group</annotation>
</assign>
</transform>
]]></Data>
</XData>
</Class>
</Export>
