<?xml version="1.0" encoding="UTF-8"?>
<Export generator="Cache" version="25">
<Class name="Cinema.Film">
<Description>
Information about films</Description>
<Super>%Library.Persistent</Super>
<TimeCreated>58755,59417</TimeCreated>

<Index name="TicketsSoldIndex">
<Description>
Index for property TicketsSold</Description>
<Properties>TicketsSold</Properties>
</Index>

<Index name="TitleIndex">
<Description>
Index for property Title</Description>
<Properties>Title</Properties>
</Index>

<Property name="Category">
<Type>Cinema.FilmCategory</Type>
</Property>

<Property name="Description">
<Type>%Library.String</Type>
<Parameter name="MAXLEN" value="300"/>
</Property>

<Property name="Length">
<Type>Cinema.Duration</Type>
</Property>

<Property name="PlayingNow">
<Type>%Library.Boolean</Type>
<InitialExpression>1</InitialExpression>
</Property>

<Property name="Rating">
<Type>%Library.String</Type>
<Parameter name="VALUELIST" value=",G,PG,PG-13,R"/>
</Property>

<Property name="TicketsSold">
<Type>%Library.Integer</Type>
<InitialExpression>0</InitialExpression>
</Property>

<Property name="Title">
<Type>%Library.String</Type>
<Required>1</Required>
</Property>

<Query name="TopCategory">
<Description>
Top films (by tickets sold) in a genre</Description>
<Type>%Library.SQLQuery</Type>
<FormalSpec>P1:%Library.String</FormalSpec>
<SqlQuery><![CDATA[ SELECT TOP 3 ID, Description, Length, Rating, Title, Category->CategoryName
 	FROM Film
 	WHERE (PlayingNow = 1) AND (Category = :P1)
 	ORDER BY TicketsSold DESC]]></SqlQuery>
<Parameter name="CONTAINID" value="1"/>
<Parameter name="ROWSPEC" value="ID,Description:%Library.String,Length:Cinema.Duration,Rating:%Library.String,Title:%Library.String,CategoryName:%Library.String"/>
</Query>

<Query name="TopFilms">
<Description>
List of most popular films.</Description>
<Type>%Library.SQLQuery</Type>
<FormalSpec>P1:%Library.String</FormalSpec>
<SqlProc>1</SqlProc>
<SqlQuery><![CDATA[ SELECT Top 3 ID, Description, Length, Rating, Title, Category->CategoryName
 	FROM Film
 	WHERE (PlayingNow = 1)
 	ORDER BY TicketsSold DESC]]></SqlQuery>
<Parameter name="CONTAINID" value="1"/>
<Parameter name="ROWSPEC" value="ID,Description:%Library.String,Length:Cinema.Duration,Rating:%Library.String,Title:%Library.String,CategoryName:%Library.String"/>
</Query>

<Storage name="Default">
<Type>%Library.CacheStorage</Type>
<DataLocation>^CinemaooFilmD</DataLocation>
<DefaultData>FilmDefaultData</DefaultData>
<IdLocation>^CinemaooFilmD</IdLocation>
<IndexLocation>^CinemaooFilmI</IndexLocation>
<StreamLocation>^Cinema.FilmS</StreamLocation>
<Data name="FilmDefaultData">
<Value name="1">
<Value>Description</Value>
</Value>
<Value name="2">
<Value>PlayingNow</Value>
</Value>
<Value name="3">
<Value>TicketsSold</Value>
</Value>
<Value name="4">
<Value>Title</Value>
</Value>
<Value name="5">
<Value>Category</Value>
</Value>
<Value name="6">
<Value>Length</Value>
</Value>
<Value name="7">
<Value>Rating</Value>
</Value>
<Value name="8">
<Value>%%CLASSNAME</Value>
</Value>
</Data>
</Storage>
</Class>
</Export>
