<?xml version="1.0" encoding="UTF-8"?>
<Export generator="Cache" version="25" zv="Cache for Windows (x86-64) 2012.1 (Build 531U)" ts="2012-02-07 14:04:57">
<Class name="Hospital.RecordMapperRoutingRule">
<Description>
</Description>
<ProcedureBlock>1</ProcedureBlock>
<Super>Ens.Rule.Definition</Super>
<TimeChanged>62494,50489.298805</TimeChanged>
<TimeCreated>62494,50416.594851</TimeCreated>

<Parameter name="RuleAssistClass">
<Default>EnsLib.MsgRouter.RuleAssist</Default>
</Parameter>

<XData name="RuleDefinition">
<XMLNamespace>http://www.intersystems.com/rule</XMLNamespace>
<Data><![CDATA[
<ruleDefinition alias="" context="EnsLib.MsgRouter.RoutingEngine" production="">
<ruleSet name="" effectiveBegin="" effectiveEnd="">
<send transform="Hospital.TextDataToTransferADTA02" target="To_Transfer"></send>
</ruleSet>
</ruleDefinition>
]]></Data>
</XData>
</Class>


<Class name="Hospital.TextDataToTransferADTA02">
<ClassType/>
<ProcedureBlock>1</ProcedureBlock>
<Super>Ens.DataTransformDTL</Super>
<TimeChanged>62494,47979.743604</TimeChanged>
<TimeCreated>62494,42588.113305</TimeCreated>

<Parameter name="REPORTERRORS">
<Default>1</Default>
</Parameter>

<XData name="DTL">
<XMLNamespace>http://www.intersystems.com/dtl</XMLNamespace>
<Data><![CDATA[
<transform sourceClass="Hospital.PatientDataRequest" targetClass="EnsLib.HL7.Message" targetDocType="2.3.1:ADT_A02" create="new" language="objectscript" >
<assign value="source.PatientID" property="target.{PID:PatientID}" key="&quot;&quot;" action="set" />
<assign value="$ZDATE($H)" property="target.{EVN:RecordedDateTime}" key="&quot;&quot;" action="set" />
<assign value="source.PatientClass" property="target.{PV1:PatientClass}" key="&quot;&quot;" action="set" />
<assign value="source.Name" property="target.{PID:PatientName(1)}" key="&quot;&quot;" action="set" />
<assign value="&quot;A02&quot;" property="target.{EVN:EventTypeCode}" key="&quot;&quot;" action="set" />
<assign value="&quot;TRANSFER&quot;" property="target.{MSH:SendingApplication}" key="&quot;&quot;" action="set" />
<assign value="&quot;ADT&quot;" property="target.{MSH:MessageType.messagetype}" key="&quot;&quot;" action="set" />
<assign value="&quot;A02&quot;" property="target.{MSH:MessageType.triggerevent}" key="&quot;&quot;" action="set" />
<assign value="&quot;2.3.1&quot;" property="target.{MSH:VersionID}" key="&quot;&quot;" action="set" />
<assign value="source.MessageControlID" property="target.{MSH:MessageControlID}" key="&quot;&quot;" action="set" />
</transform>
]]></Data>
</XData>
</Class>
</Export>
