<?xml version="1.0" encoding="UTF-8"?>
<Export generator="Cache" version="21">
<Class name="Demo.HL7.MsgRouter.Functions">
<Description>
Functions to use in rule definitions for the sample message router production.</Description>
<ClassType/>
<ProcedureBlock>1</ProcedureBlock>
<Super>Ens.Rule.FunctionSet</Super>
<TimeCreated>60211,45594.129234</TimeCreated>

<Method name="DayOfWeek">
<Description>
Returns the ordinal position of the day in the week, 
where 1 is Sunday, 2 is Monday, and so on.</Description>
<Final>1</Final>
<ClassMethod>1</ClassMethod>
<CodeMode>expression</CodeMode>
<ReturnType>%Integer</ReturnType>
<Implementation><![CDATA[$zd($H,10)
]]></Implementation>
</Method>

<Method name="TimeInSeconds">
<Description>
Returns the time as a number of seconds since midnight.</Description>
<Final>1</Final>
<ClassMethod>1</ClassMethod>
<CodeMode>expression</CodeMode>
<ReturnType>%Integer</ReturnType>
<Implementation><![CDATA[$p($H,",",2)
]]></Implementation>
</Method>
</Class>
</Export>
