<?xml version="1.0" encoding="UTF-8"?>
<Export generator="Cache" version="25">
<Class name="Demo.HL7.MsgRouter.ORMLastNameTransform">
<ClassType/>
<ProcedureBlock>1</ProcedureBlock>
<Super>Ens.DataTransformDTL</Super>
<TimeCreated>60213,48814</TimeCreated>
<DependsOn>EnsLib.HL7.Message</DependsOn>

<Parameter name="IGNOREMISSINGSOURCE">
<Default>0</Default>
</Parameter>

<Parameter name="REPORTERRORS">
<Default>0</Default>
</Parameter>

<XData name="DTL">
<XMLNamespace>http://www.intersystems.com/dtl</XMLNamespace>
<Data><![CDATA[
<transform sourceClass='EnsLib.HL7.Message' targetClass='EnsLib.HL7.Message' sourceDocType='Demo.HL7.MsgRouter.Schema:ORM_O01' targetDocType='2.3.1:ORM_O01' create='new' language='objectscript' >
<assign value='source.{MSH}' property='target.{MSH}' action='set'  />
<assign value='source.{NTE(1)}' property='target.{NTE(1)}' action='set'  />
<assign value='source.{ORCgrp(1)}' property='target.{ORCgrp(1)}' action='set'  />
<assign value='source.{PIDgrp.PID}' property='target.{PIDgrp.PID}' action='set'  />
<assign value='"NEWNAME"' property='target.{PIDgrp.PID:5.1}' action='set'  />
</transform>
]]></Data>
</XData>
</Class>
</Export>
