<?xml version="1.0" encoding="UTF-8"?> <Export generator="Cache" version="25" zv="Cache for Windows (x86-32) 2012.1 (Build 504U)" ts="2011-10-27 15:17:59"> <Class name="Scan.ScanEmailProduction"> <ClassType/> <ProcedureBlock>1</ProcedureBlock> <Super>Ens.Production</Super> <TimeChanged>59958,53970</TimeChanged> <TimeCreated>59958,53845.466986</TimeCreated>  <XData name="ProductionDefinition"> <Data><![CDATA[ <Production Name="Scan.ScanEmailProduction" TestingEnabled="true">   <Description></Description>   <ActorPoolSize>2</ActorPoolSize>   <Item Name="Scan.ScanCSPRequestService" ClassName="Scan.ScanCSPRequestService" PoolSize="1" Enabled="true" Foreground="false" DisableErrorTraps="false" InactivityTimeout="0">   </Item>   <Item Name="Scan.DetermineBlackList" ClassName="Scan.DetermineBlackList" PoolSize="1" Enabled="true" Foreground="false" DisableErrorTraps="false" InactivityTimeout="0">   </Item>   <Item Name="Scan.GetEmployeeInfo" ClassName="Scan.GetEmployeeInfo" PoolSize="1" Enabled="true" Foreground="false" DisableErrorTraps="false" InactivityTimeout="0">   </Item>   <Item Name="Scan.AddToAddressFile" ClassName="Scan.AddToAddressFile" PoolSize="1" Enabled="true" Foreground="false" DisableErrorTraps="false" InactivityTimeout="0">   </Item>   <Item Name="Scan.GetEmployeeDetails" ClassName="Scan.GetEmployeeDetails" PoolSize="1" Enabled="true" Foreground="false" DisableErrorTraps="false" InactivityTimeout="0">     <Setting Target="Host" Name="RetryInterval">5</Setting>     <Setting Target="Host" Name="FailureTimeout">15</Setting>     <Setting Target="Adapter" Name="DSN">Access</Setting>     <Setting Target="Adapter" Name="StayConnected">-1</Setting>     <Setting Target="Adapter" Name="ConnectTimeout">5</Setting>   </Item>   <Item Name="Scan.MakeFileOperation" ClassName="Scan.MakeFileOperation" PoolSize="1" Enabled="true" Foreground="false" DisableErrorTraps="false" InactivityTimeout="0">     <Setting Target="Host" Name="RetryInterval">5</Setting>     <Setting Target="Host" Name="FailureTimeout">15</Setting>     <Setting Target="Adapter" Name="FilePath">c:\Integration\scan</Setting>     <Setting Target="Adapter" Name="Overwrite">0</Setting>     <Setting Target="Adapter" Name="Charset">Default</Setting>     <Setting Target="Adapter" Name="OpenTimeout">5</Setting>   </Item>   <Item Name="Scan.BlackListCountMetric" ClassName="Scan.BlackListCountMetric" PoolSize="1" Enabled="true" Foreground="false" DisableErrorTraps="false" InactivityTimeout="0">   </Item>   <Item Name="Scan.SafeEmailCountMetric" ClassName="Scan.SafeEmailCountMetric" PoolSize="1" Enabled="true" Foreground="false" DisableErrorTraps="false" InactivityTimeout="0">   </Item> </Production> ]]></Data> </XData> </Class> </Export> 