<?xml version="1.0" encoding="UTF-8"?>
<dataroot xmlns:od="urn:schemas-microsoft-com:officedata" generated="2013-01-13T16:04:57">
<Operations>
<ID>1</ID>
<OperationName>Appendectomy</OperationName>
<ORNum>3</ORNum>
</Operations>
<Operations>
<ID>2</ID>
<OperationName>Face Lift</OperationName>
<ORNum>2</ORNum>
</Operations>
<Operations>
<ID>3</ID>
<OperationName>Kidney Transplant</OperationName>
<ORNum>3</ORNum>
</Operations>
<Operations>
<ID>4</ID>
<OperationName>Thoracotomy</OperationName>
<ORNum>4</ORNum>
</Operations>
<Operations>
<ID>5</ID>
<OperationName>Liver Resection</OperationName>
<ORNum>5</ORNum>
</Operations>
<Operations>
<ID>6</ID>
<OperationName>Nose Job</OperationName>
<ORNum>1</ORNum>
</Operations>
<Operations>
<ID>7</ID>
<OperationName>Triple Bypass</OperationName>
<ORNum>2</ORNum>
</Operations>
<Operations>
<ID>8</ID>
<OperationName>Ileum Surgery</OperationName>
<ORNum>1</ORNum>
</Operations>
<Operations>
<ID>9</ID>
<OperationName>Cochlear Implant</OperationName>
<ORNum>3</ORNum>
</Operations>
<Operations>
<ID>10</ID>
<OperationName>Avulsion Repair</OperationName>
<ORNum>4</ORNum>
</Operations>
<Operations>
<ID>11</ID>
<OperationName>Endovascular Repair</OperationName>
<ORNum>5</ORNum>
</Operations>
<Operations>
<ID>12</ID>
<OperationName>Stomach Stapling</OperationName>
<ORNum>1</ORNum>
</Operations>
<Operations>
<ID>13</ID>
<OperationName>Cornea Transplant</OperationName>
<ORNum>2</ORNum>
</Operations>
<Operations>
<ID>14</ID>
<OperationName>Tendon Transfer</OperationName>
<ORNum>5</ORNum>
</Operations>
<Operations>
<ID>15</ID>
<OperationName>Knee Arthroscopy</OperationName>
<ORNum>2</ORNum>
</Operations>
<Operations>
<ID>16</ID>
<OperationName>Cervical Spinal Fusion</OperationName>
<ORNum>4</ORNum>
</Operations>
<Operations>
<ID>17</ID>
<OperationName>Hip Replacement</OperationName>
<ORNum>3</ORNum>
</Operations>
<Operations>
<ID>18</ID>
<OperationName>Hernia Repair</OperationName>
<ORNum>1</ORNum>
</Operations>
<Operations>
<ID>19</ID>
<OperationName>Esophogeal Restructuring</OperationName>
<ORNum>5</ORNum>
</Operations>
<Operations>
<ID>20</ID>
<OperationName>Aspiration Biopsy</OperationName>
<ORNum>4</ORNum>
</Operations>
</dataroot>
