<?xml version="1.0" encoding="UTF-8"?>
<Export generator="Cache" version="25">
<Class name="Demo.ComplexMap.Summary.Student.Record">
<Description>
RECORDMAP: Generated from RecordMap 'Demo.ComplexMap.Summary.Student'
on 2012-12-05 at 17:47:28.581 [2012-12-05 22:47:28.581 UTC]
by user DemoUser</Description>
<ProcedureBlock>1</ProcedureBlock>
<Super>EnsLib.RecordMap.ComplexChild,%XML.Adaptor,Ens.Request,EnsLib.RecordMap.Base</Super>
<TimeCreated>62796,64048.581273</TimeCreated>
<Inheritance>right</Inheritance>

<Index name="StudentIDIdx">
<Properties>StudentID</Properties>
</Index>

<Parameter name="RECORDMAPGENERATED">
<Default>1</Default>
</Parameter>

<Parameter name="INCLUDETOPFIELDS">
<Default>1</Default>
</Parameter>

<Property name="StudentID">
<Type>%Integer</Type>
</Property>

<Property name="Name">
<Type>Demo.ComplexMap.Summary.Student.Record.Name</Type>
</Property>

<Property name="Grade">
<Type>%Integer</Type>
</Property>

<Property name="Email">
<Type>%String</Type>
</Property>

<Property name="Phone">
<Type>%String</Type>
</Property>

<Property name="NumberClasses">
<Type>%Integer</Type>
</Property>

<Property name="GPA">
<Type>%Numeric</Type>
</Property>

<Trigger name="OnDelete">
<Code>	Set %ok = ##class(Demo.ComplexMap.Summary.Student.Record).%OnDelete($$$oidForm({ID})) If $$$ISERR(%ok) Quit
</Code>
<Event>DELETE</Event>
</Trigger>

<Storage name="Default">
<Type>%Library.CacheStorage</Type>
<DataLocation>^Demo.ComplexMap.Sum86EC.RecordD</DataLocation>
<DefaultData>RecordDefaultData</DefaultData>
<IdLocation>^Demo.ComplexMap.Sum86EC.RecordD</IdLocation>
<IndexLocation>^Demo.ComplexMap.Sum86EC.RecordI</IndexLocation>
<StreamLocation>^Demo.ComplexMap.Sum86EC.RecordS</StreamLocation>
<ExtentSize>2000000</ExtentSize>
<Data name="RecordDefaultData">
<Structure>listnode</Structure>
<Subscript/>
<Value name="1">
<Value>%%CLASSNAME</Value>
</Value>
<Value name="2">
<Value>StudentID</Value>
</Value>
<Value name="3">
<Value>%Source</Value>
</Value>
<Value name="4">
<Value>Grade</Value>
</Value>
<Value name="5">
<Value>Email</Value>
</Value>
<Value name="6">
<Value>Phone</Value>
</Value>
<Value name="7">
<Value>NumberClasses</Value>
</Value>
<Value name="8">
<Value>GPA</Value>
</Value>
<Value name="9">
<Value>Name</Value>
</Value>
</Data>
</Storage>
</Class>
</Export>
