<?xml version="1.0" encoding="UTF-8"?>
<Export generator="Cache" version="25">
<Class name="Demo.REST.DirectoryRequest">
<IncludeCode>Ensemble</IncludeCode>
<Super>%Persistent,%XML.Adaptor</Super>
<TimeChanged>62675,45979.493591</TimeChanged>
<TimeCreated>62636,28344.589637</TimeCreated>

<Parameter name="RESPONSECLASSNAME">
<Default>Demo.REST.DirectoryResponse</Default>
</Parameter>

<Property name="Command">
<Type>%String</Type>
<InitialExpression>"GET"</InitialExpression>
</Property>

<Property name="Type">
<Type>%String</Type>
<InitialExpression>"person"</InitialExpression>
</Property>

<Property name="Key">
<Type>%String</Type>
<InitialExpression>"name"</InitialExpression>
</Property>

<Property name="KeyValue">
<Type>%String</Type>
</Property>

<Property name="Field">
<Type>%String</Type>
</Property>

<Property name="Body">
<Description>
For JSON content submission</Description>
<Type>%GlobalCharacterStream</Type>
</Property>

<Method name="NewResponse">
<ClassMethod>1</ClassMethod>
<FormalSpec>*pResponse:Ens.Response</FormalSpec>
<ReturnType>%Status</ReturnType>
<Implementation><![CDATA[
	try {
		Set pResponse = $classmethod(..#RESPONSECLASSNAME,"%New")  Set tSC=$S($IsObject(pResponse):$$$OK, 1:%objlasterror)
	} catch {
		Set tSC=$$$SystemError
	}
	Quit tSC
]]></Implementation>
</Method>

<Storage name="Default">
<Type>%Library.CacheStorage</Type>
<DataLocation>^Demo.REST.DirectoryRequestD</DataLocation>
<DefaultData>DirectoryRequestDefaultData</DefaultData>
<IdLocation>^Demo.REST.DirectoryRequestD</IdLocation>
<IndexLocation>^Demo.REST.DirectoryRequestI</IndexLocation>
<StreamLocation>^Demo.REST.DirectoryRequestS</StreamLocation>
<ExtentSize>100000</ExtentSize>
<Data name="DirectoryRequestDefaultData">
<Structure>listnode</Structure>
<Subscript/>
<Value name="1">
<Value>%%CLASSNAME</Value>
</Value>
<Value name="2">
<Value>Command</Value>
</Value>
<Value name="3">
<Value>Type</Value>
</Value>
<Value name="4">
<Value>Key</Value>
</Value>
<Value name="5">
<Value>KeyValue</Value>
</Value>
<Value name="6">
<Value>Field</Value>
</Value>
<Value name="7">
<Value>Body</Value>
</Value>
</Data>
</Storage>
</Class>
</Export>
