<?xml version="1.0" encoding="UTF-8"?>
<Export generator="Cache" version="25">
<Class name="Demo.ComplexMap.SemesterFixed.Semester.Record">
<Description>
RECORDMAP: Generated from RecordMap 'Demo.ComplexMap.SemesterFixed.Semester'
on 2012-12-06 at 17:55:25.784 [2012-12-06 22:55:25.784 UTC]
by user DemoUser</Description>
<ProcedureBlock>1</ProcedureBlock>
<Super>EnsLib.RecordMap.ComplexChild,%XML.Adaptor,Ens.Request,EnsLib.RecordMap.Base</Super>
<TimeCreated>62797,64525.784001</TimeCreated>
<Inheritance>right</Inheritance>

<Index name="SemesterIDIdx">
<Properties>SemesterID</Properties>
</Index>

<Parameter name="RECORDMAPGENERATED">
<Default>1</Default>
</Parameter>

<Parameter name="INCLUDETOPFIELDS">
<Default>1</Default>
</Parameter>

<Property name="SemesterID">
<Type>%Integer</Type>
<Parameter name="MAXVAL" value="9999"/>
</Property>

<Property name="Year">
<Type>%Integer</Type>
<Parameter name="MAXVAL" value="9999"/>
</Property>

<Property name="Name">
<Type>%String</Type>
<Parameter name="MAXLEN" value="10"/>
</Property>

<Property name="NumWeeks">
<Type>%Integer</Type>
<Parameter name="MAXVAL" value="99"/>
</Property>

<Property name="RecordCount">
<Type>%Integer</Type>
<Parameter name="MAXVAL" value="99999"/>
</Property>

<Trigger name="OnDelete">
<Code>	Set %ok = ##class(Demo.ComplexMap.SemesterFixed.Semester.Record).%OnDelete($$$oidForm({ID})) If $$$ISERR(%ok) Quit
</Code>
<Event>DELETE</Event>
</Trigger>

<Storage name="Default">
<Type>%Library.CacheStorage</Type>
<DataLocation>^Demo.ComplexSFix.RecordD</DataLocation>
<DefaultData>RecordDefaultData</DefaultData>
<IdLocation>^Demo.ComplexSFix.RecordD</IdLocation>
<IndexLocation>^Demo.ComplexSFix.RecordI</IndexLocation>
<StreamLocation>^Demo.ComplexSFix.RecordS</StreamLocation>
<ExtentSize>2000000</ExtentSize>
<Data name="RecordDefaultData">
<Structure>listnode</Structure>
<Subscript/>
<Value name="1">
<Value>%%CLASSNAME</Value>
</Value>
<Value name="2">
<Value>SemesterID</Value>
</Value>
<Value name="3">
<Value>%Source</Value>
</Value>
<Value name="4">
<Value>Name</Value>
</Value>
<Value name="5">
<Value>NumWeeks</Value>
</Value>
<Value name="6">
<Value>RecordCount</Value>
</Value>
<Value name="7">
<Value>Year</Value>
</Value>
</Data>
</Storage>
</Class>
</Export>
