<?xml version="1.0" encoding="UTF-8"?>
<Export generator="Cache" version="25">
<Class name="Demo.HL7v3.Operation.FileOut">
<ClassType/>
<ProcedureBlock>1</ProcedureBlock>
<Super>Ens.BusinessOperation</Super>
<TimeCreated>60277,39171.945377</TimeCreated>

<Parameter name="ADAPTER">
<Default>EnsLib.File.OutboundAdapter</Default>
</Parameter>

<Parameter name="INVOCATION">
<Default>Queue</Default>
</Parameter>

<Parameter name="SETTINGS">
<Default>Filename</Default>
</Parameter>

<Property name="Filename">
<Type>%String</Type>
</Property>

<Method name="WriteToFile">
<FormalSpec>pRequest:Demo.HL7v3.Message,*pResponse:Ens.Response</FormalSpec>
<ReturnType>%Status</ReturnType>
<Implementation><![CDATA[
	Do pRequest.Content.Rewind()
	Set tFilename=..Adapter.CreateFilename(##class(%File).GetFilename($Piece(pRequest.Source, $Char(13))), ..Filename)

	Set $ZTrap = "WriteToFileET"
	Set tStatus = ..Adapter.PutStream(tFilename, pRequest.Content)

	Quit $$$OK

WriteToFileET
	Set $ZTrap = ""

	Quit $$$ERROR($$$GeneralError, "An error has occurred in WriteToFile(" _ tFilename _ "):  " _ $ZError)
]]></Implementation>
</Method>

<XData name="MessageMap">
<Data><![CDATA[
<MapItems>
	<MapItem MessageType="Demo.HL7v3.Message"> 
		<Method>WriteToFile</Method>
	</MapItem>
</MapItems>
]]></Data>
</XData>
</Class>
</Export>
