<?xml version="1.0" encoding="UTF-8"?>
<Export generator="Cache" version="25" zv="Cache for Windows (x86-64) 2011.1.1 (Build 600)" ts="2011-11-02 11:05:40">
<Class name="DSF.PatientDataConnectorXData">
<Super>%DeepSee.DataConnector</Super>
<TimeChanged>62397,37986.905588</TimeChanged>
<TimeCreated>62397,32911.230094</TimeCreated>

<Parameter name="SUPPORTSIDLIST">
<Default>1</Default>
</Parameter>

<Parameter name="SUPPORTSSINGLE">
<Default>1</Default>
</Parameter>

<XData name="SourceQuery">
<XMLNamespace>http://www.intersystems.com/deepsee/connector/query</XMLNamespace>
<Data><![CDATA[<sql>SELECT %ID, PatientId, Name, InsuranceCompany, PrimaryPhysician, HomePhone, WorkPhone, HomeAdd_State From nullschema.PatientData Where $$$RESTRICT</sql>
]]></Data>
</XData>

<XData name="Output">
<XMLNamespace>http://www.intersystems.com/deepsee/connector/output</XMLNamespace>
<Data><![CDATA[
<connector> 
   <property name="InsuranceCompany" sourceProperty="InsuranceCompany" /> 
   <property name="PrimaryPhysician" sourceProperty="PrimaryPhysician" />
   <property name="HomeState" sourceProperty="HomeAdd_State"/>
	<property name="HomePhone" sourceProperty="HomePhone"/>
	<property name="WorkPhone" sourceProperty="WorkPhone"/>
    <property name="Name" sourceProperty="Name"/>
	<property name="%ID" sourceProperty="%ID"/>
	<property name="PatientID" sourceProperty="PatientID" idKey="true"/>
</connector>
]]></Data>
</XData>
</Class>


<Class name="DSF.XDataPatientDataCube">
<Description>
</Description>
<ProcedureBlock>1</ProcedureBlock>
<Super>%DeepSee.CubeDefinition</Super>
<TimeChanged>62397,39683.322599</TimeChanged>
<TimeCreated>62395,42648.499085</TimeCreated>
<DependsOn>DSF.PatientDataConnectorXData</DependsOn>

<Parameter name="DOMAIN"/>

<XData name="Cube">
<Description>
Cube definition from Architect.</Description>
<XMLNamespace>http://www.intersystems.com/deepsee</XMLNamespace>
<Data><![CDATA[
<cube xmlns="http://www.intersystems.com/deepsee" name="XDataPatientData" displayName="PatientData" disabled="false" abstract="false" sourceClass="DSF.PatientDataConnectorXData" countMeasureName="%COUNT" bucketSize="8" bitmapChunkInMemory="false" precompute="0">
  <dimension name="InsuranceCompany" disabled="false" hasAll="false" allCaption="All InsuranceCompany" allDisplayName="InsuranceCompany" type="data" hidden="false" showHierarchies="default">
    <hierarchy name="H1" disabled="false">
      <level sourceProperty="InsuranceCompany" name="InsuranceCompany" disabled="false" list="false" nullReplacement="No Insurance " useDisplayValue="true">
      </level>
    </hierarchy>
  </dimension>
  <dimension name="PrimaryPhysician" disabled="false" hasAll="false" allCaption="All PrimaryPhysician" allDisplayName="PrimaryPhysician" type="data" hidden="false" showHierarchies="default">
    <hierarchy name="H1" disabled="false">
      <level sourceProperty="PrimaryPhysician" name="PrimaryPhysician" disabled="false" list="false" useDisplayValue="true">
      </level>
    </hierarchy>
  </dimension>
  <dimension name="HomeState" disabled="false" hasAll="false" allCaption="All HomeState" allDisplayName="HomeState" type="data" hidden="false" showHierarchies="default">
    <hierarchy name="H1" disabled="false">
      <level sourceProperty="HomeState" name="HomeState" disabled="false" list="false" useDisplayValue="true">
      </level>
    </hierarchy>
  </dimension>
  <namedSet name="New England" disabled="false" setExpression="Aggregate({[HomeState].[HomeState].[ME],[HomeState].[HomeState].[MA], [HomeState].[HomeState].[NH],[HomeState].[HomeState].[VT],[HomeState].[HomeState].[RI],[HomeState].[HomeState].[CT]})"></namedSet>
  <listing name="listing" disabled="false" listingType="table" fieldList="%ID,PatientID,Name,InsuranceCompany,PrimaryPhysician,HomePhone,WorkPhone,HomeState" sourceClass="DSF.PatientDataConnectorXData"></listing>
</cube>
]]></Data>
</XData>
</Class>
</Export>
