<?xml version="1.0" encoding="UTF-8"?>
<Export generator="Cache" version="25" zv="Cache for Windows (x86-64) 2011.1.1 (Build 600)" ts="2011-11-02 10:47:07">
<Class name="DSF.PatientDataConnector">
<Super>%DeepSee.DataConnector</Super>
<TimeChanged>62397,38021.631101</TimeChanged>
<TimeCreated>62395,42481.493833</TimeCreated>

<Parameter name="SUPPORTSIDLIST">
<Default>1</Default>
</Parameter>

<Parameter name="SUPPORTSSINGLE">
<Default>1</Default>
</Parameter>

<XData name="Output">
<XMLNamespace>http://www.intersystems.com/deepsee/connector/output</XMLNamespace>
<Data><![CDATA[
<connector> 
   <property name="InsuranceCompany" sourceProperty="InsuranceCompany" /> 
   <property name="PrimaryPhysician" sourceProperty="PrimaryPhysician" />
   <property name="HomeState" sourceProperty="HomeAdd_State"/>
	<property name="HomePhone" sourceProperty="HomePhone"/>
	
	<property name="WorkPhone" sourceProperty="WorkPhone"/>
    <property name="Name" sourceProperty="Name"/>
	<property name="%ID" sourceProperty="%ID"/>
	<property name="PatientID" sourceProperty="PatientID" idKey="true"/>
</connector>
]]></Data>
</XData>

<Method name="%OnGetSourceResultSet">
<Description><![CDATA[
If implemented, this method is responsible for
creating an instance of result set that will serve the data for this connector.<br/>
This method should test the current value of the <property>%mode</property> property. If
<property>%mode</property> is "idlist", the query is responsible for restricting the set
of records the ids in the listing table, <property>%listingTable</property>.]]></Description>
<FormalSpec><![CDATA[&pParameters,*pResultSet]]></FormalSpec>
<ReturnType>%Status</ReturnType>
<Implementation><![CDATA[
	Set pResultSet = ""
	
		Set sql = "SELECT %ID, PatientId, Name, InsuranceCompany, PrimaryPhysician, HomePhone, WorkPhone, HomeAdd_State From nullschema.PatientData"
		
		Set tStatement=##class(%SQL.Statement).%New()
		
		if (..%mode="idlist") {
			
			Set table=..%listingTable
			Set key=..%listingKey
			
			&SQL(Select LIST(_DSsourceId) into :list from DSF_PatientDataCube.Listing where _DSqueryKey = :key)
		
			//Set listingSQL="Select %ID, PatientID, Name, InsuranceCompany, PrimaryPhysician, HomePhone, WorkPhone, HomeAdd_State FROM nullschema.PatientData Where PatientID IN("_list_")"
			
			Set listingSQL=sql_" Where PatientID IN("_list_")"
			Set tSC=tStatement.%Prepare(listingSQL)
			Set pResultSet=tStatement.%Execute()
			
		}
		elseif (..%mode="single")
		{
			
			Set sql = sql_" where %ID = "_..%singleId
			Set tSC=tStatement.%Prepare(sql)
			Set pResultSet=tStatement.%Execute()
			
		}
		else {
			Set tSC=tStatement.%Prepare(sql)	
			Set pResultSet=tStatement.%Execute()
		}
		
	
	Quit $$$OK
]]></Implementation>
</Method>
</Class>


<Class name="DSF.PatientDataCube">
<Description>
</Description>
<ProcedureBlock>1</ProcedureBlock>
<Super>%DeepSee.CubeDefinition</Super>
<TimeChanged>62397,38484.165614</TimeChanged>
<TimeCreated>62395,42648.499085</TimeCreated>
<DependsOn>DSF.PatientDataConnector</DependsOn>

<Parameter name="DOMAIN">
</Parameter>

<XData name="Cube">
<Description>
Cube definition from Architect.</Description>
<XMLNamespace>http://www.intersystems.com/deepsee</XMLNamespace>
<Data><![CDATA[
<cube xmlns="http://www.intersystems.com/deepsee" name="PatientData" displayName="PatientData" disabled="false" abstract="false" sourceClass="DSF.PatientDataConnector" countMeasureName="%COUNT" bucketSize="8" bitmapChunkInMemory="false" precompute="0">
  <dimension name="InsuranceCompany" disabled="false" hasAll="false" allCaption="All InsuranceCompany" allDisplayName="InsuranceCompany" type="data" hidden="false" showHierarchies="default">
    <hierarchy name="H1" disabled="false">
      <level sourceProperty="InsuranceCompany" name="InsuranceCompany" disabled="false" list="false" nullReplacement="No Insurance " useDisplayValue="true">
      </level>
    </hierarchy>
  </dimension>
  <dimension name="PrimaryPhysician" disabled="false" hasAll="false" allCaption="All PrimaryPhysician" allDisplayName="PrimaryPhysician" type="data" hidden="false" showHierarchies="default">
    <hierarchy name="H1" disabled="false">
      <level sourceProperty="PrimaryPhysician" name="PrimaryPhysician" disabled="false" list="false" useDisplayValue="true">
      </level>
    </hierarchy>
  </dimension>
  <dimension name="HomeState" disabled="false" hasAll="false" allCaption="All HomeState" allDisplayName="HomeState" type="data" hidden="false" showHierarchies="default">
    <hierarchy name="H1" disabled="false">
      <level sourceProperty="HomeState" name="HomeState" disabled="false" list="false" useDisplayValue="true">
      </level>
    </hierarchy>
  </dimension>
  <namedSet name="New England" disabled="false" setExpression="Aggregate({[HomeState].[HomeState].[ME],[HomeState].[HomeState].[MA], [HomeState].[HomeState].[NH],[HomeState].[HomeState].[VT],[HomeState].[HomeState].[RI],[HomeState].[HomeState].[CT]})"></namedSet>
  <listing name="listing" disabled="false" listingType="table" fieldList="%ID,PatientID,Name,InsuranceCompany,PrimaryPhysician,HomePhone,WorkPhone,HomeState" sourceClass="DSF.PatientDataConnector"></listing>
</cube>
]]></Data>
</XData>
</Class>
</Export>
