<?xml version="1.0" encoding="UTF-8"?>
<Export generator="Cache" version="9" zv="Cache for Windows NT (Intel) 5.0.5 (Build 916U)" ts="2004-03-17 13:50:28">
<Class name="Expenses.EmployeeDBOperations">
<ProcedureBlock>1</ProcedureBlock>
<Super>Ens.BusinessOperation</Super>
<TimeChanged>59598,41120.567731</TimeChanged>
<TimeCreated>59598,39814.339095</TimeCreated>
<ClassDefinitionError>0</ClassDefinitionError>

<Parameter name="ADAPTER">
<Default>EnsLib.SQL.OutboundAdapter</Default>
</Parameter>

<Parameter name="INVOCATION">
<Default>Queue</Default>
</Parameter>

<Method name="EnterExpense">
<FormalSpec>pRequest:Expenses.EnterExpenseRequest,*pResponse:Ens.Response</FormalSpec>
<ReturnType>%Status</ReturnType>
<Implementation><![CDATA[
	set stmt = "INSERT INTO ExpenseReports (EmployeeID,AmountDue,Exchange) VALUES ("_pRequest.ID_","_pRequest.AmountDue_","_pRequest.Exchange_")"
	set sc = ..Adapter.ExecuteUpdate(1,stmt)
	Quit $$$OK
]]></Implementation>
</Method>

<XData name="MessageMap">
<Data><![CDATA[
<MapItems>
	<MapItem MessageType="Expenses.EnterExpenseRequest"> 
		<Method>EnterExpense</Method>
	</MapItem>
</MapItems>
]]></Data>
</XData>
</Class>
<Checksum value="2687735712"/>
</Export>
