<?xml version="1.0" encoding="UTF-8"?>
<Export generator="Cache" version="9" zv="Cache for Windows NT (Intel) 5.0.5 (Build 916U)" ts="2004-03-17 13:53:27">
<Class name="Expenses.GetRates">
<ProcedureBlock>1</ProcedureBlock>
<Super>Ens.BusinessOperation</Super>
<TimeChanged>59598,41467.130209</TimeChanged>
<TimeCreated>59598,39814.389235</TimeCreated>
<ClassDefinitionError>0</ClassDefinitionError>

<Parameter name="ADAPTER">
<Default>EnsLib.SQL.OutboundAdapter</Default>
</Parameter>

<Parameter name="INVOCATION">
<Default>Queue</Default>
</Parameter>

<Method name="GetExchangeRate">
<FormalSpec>pRequest:Expenses.GetExchangeRateRequest,*pResponse:Expenses.GetExchangeRateResponse</FormalSpec>
<ReturnType>%Status</ReturnType>
<Implementation><![CDATA[
	set pResponse = ##class(Expenses.GetExchangeRateResponse).%New()
	
	//Access requires fields of datatype Date to have values enclosed in #'s
	//For example Select * from ExchangeRates where Date=#1/1/2003#
	//Ensemble stores dates in an internal format. Use $ZD to convert
	//from the internal format.
	
	set stmt = "SELECT ExchangeRate FROM ExchangeRates"
	set stmt = stmt_" WHERE Currency='"_pRequest.Currency_"'"
	set stmt = stmt_" AND ExchangeDate=#"_$ZD(pRequest.Date)_"#"
	set tSc = ..Adapter.ExecuteQuery(.tResult,stmt)
	
	//Need to position at first returned row in Result Set
	//tResult.Data("Field") and tResult.Get("Field") are returning nothing
	//GetData(x) returns the xth field asked for in the Select.
	do tResult.Next()
	set pResponse.ExchangeRate = tResult.GetData(1)
	Quit $$$OK
]]></Implementation>
</Method>

<Method name="GetInterestRate">
<FormalSpec>pRequest:Expenses.GetInterestRateRequest,*pResponse:Expenses.GetInterestRateResponse</FormalSpec>
<ReturnType>%Status</ReturnType>
<Implementation><![CDATA[
	set pResponse = ##class(Expenses.GetInterestRateResponse).%New()
	
	//Access requires fields of datatype Date to have values enclosed in #'s
	//For example Select * from ExchangeRates where Date=#1/1/2003#
	//Ensemble stores dates in an internal format. Use $ZD to convert
	//from the internal format.
	
	set stmt = "SELECT InterestRate FROM InterestRates WHERE InterestDate=#"_$ZD(pRequest.Date)_"#"
	set tSc = ..Adapter.ExecuteQuery(.tResult,stmt)
	
	//Need to position at first returned row in Result Set
	//tResult.Data("Field") and tResult.Get("Field") are returning nothing
	//GetData(x) returns the xth field asked for in the Select.
	do tResult.Next()
	set pResponse.InterestRate = tResult.GetData(1)
	Quit $$$OK
]]></Implementation>
</Method>

<XData name="MessageMap">
<Data><![CDATA[
<MapItems>
	<MapItem MessageType="Expenses.GetExchangeRateRequest"> 
		<Method>GetExchangeRate</Method>
	</MapItem>
	<MapItem MessageType="Expenses.GetInterestRateRequest"> 
		<Method>GetInterestRate</Method>
	</MapItem>
</MapItems>
]]></Data>
</XData>
</Class>
<Checksum value="966851834"/>
</Export>
