<?xml version="1.0" encoding="UTF-8"?>
<Export generator="Cache" version="9" zv="Cache for Windows NT (Intel) 5.0.5 (Build 916U)" ts="2004-03-17 13:53:13">
<Class name="Expenses.GetInterestRateRequest">
<Description>
</Description>
<ClassType>persistent</ClassType>
<ProcedureBlock>1</ProcedureBlock>
<Super>Ens.Request</Super>
<TimeChanged>59590,50350.422185</TimeChanged>
<TimeCreated>59598,39814.376189</TimeCreated>

<Property name="Date">
<Type>%Date</Type>
</Property>

<Storage name="Default">
<Type>%Library.CacheStorage</Type>
<DefaultData>GetInterestRateRequestDefaultData</DefaultData>
<Data name="GetInterestRateRequestDefaultData">
<Structure>listnode</Structure>
<Subscript>"GetInterestRateRequest"</Subscript>
<Value name="1">
<Value>Date</Value>
</Value>
</Data>
</Storage>
</Class>
<Class name="Expenses.GetInterestRateResponse">
<ClassType>persistent</ClassType>
<ProcedureBlock>1</ProcedureBlock>
<Super>Ens.Response</Super>
<TimeChanged>59592,58498.41655</TimeChanged>
<TimeCreated>59598,39814.382071</TimeCreated>
<ClassDefinitionError>0</ClassDefinitionError>

<Property name="InterestRate">
<Type>%Numeric</Type>
<Parameter name="SCALE" value="2"/>
</Property>

<Storage name="Default">
<Type>%Library.CacheStorage</Type>
<DefaultData>GetInterestRateResponseDefaultData</DefaultData>
<Data name="GetInterestRateResponseDefaultData">
<Structure>listnode</Structure>
<Subscript>"GetInterestRateResponse"</Subscript>
<Value name="1">
<Value>InterestRate</Value>
</Value>
</Data>
</Storage>
</Class>
<Checksum value="1321941874"/>
</Export>
