<?xml version="1.0" encoding="UTF-8"?>
<Export generator="Cache" version="25">
<Class name="Demo.ComplexMap.Rule.SemesterBatchRouting">
<Description>
</Description>
<Super>Ens.Rule.Definition</Super>
<TimeCreated>62770,56249.973895</TimeCreated>

<Parameter name="RuleAssistClass">
<Default>EnsLib.MsgRouter.RuleAssist</Default>
</Parameter>

<XData name="RuleDefinition">
<XMLNamespace>http://www.intersystems.com/rule</XMLNamespace>
<Data><![CDATA[
<ruleDefinition alias="" context="EnsLib.MsgRouter.RoutingEngine" production="Demo.ComplexMap.SemesterProduction">
<ruleSet name="" effectiveBegin="" effectiveEnd="">
<rule name="" disabled="false">
<constraint name="source" value="Semester_Data_FileService"></constraint>
<constraint name="msgClass" value="Demo.ComplexMap.Semester.Batch"></constraint>
<when condition="1">
<send transform="" target="Semester_Data_FileOperation"></send>
<send transform="Demo.ComplexMap.Transform.SemesterBatchToSemesterSummaryBatch" target="Semester_Summary_FileOperation"></send>
<send transform="Demo.ComplexMap.Transform.SemesterBatchToFixedClassBatch" target="Semester_FixedClassBatch_FileOperation"></send>
<send transform="Demo.ComplexMap.Transform.SemesterBatchToFixedStudentBatch" target="Semester_FixedStudentBatch_FileOperation"></send>
<send transform="" target="Semester_FixedStudent_BatchCreator"></send>
<return></return>
</when>
</rule>
</ruleSet>
</ruleDefinition>
]]></Data>
</XData>
</Class>
</Export>
