<?xml version="1.0" encoding="UTF-8"?>
<Export generator="Cache" version="9" zv="Cache for Windows NT (Intel) 5.0.16 (Build 2651U)" ts="2006-04-19 12:00:58">
<Class name="Scan.ChangeForSafeEmailDTL">
<ProcedureBlock>1</ProcedureBlock>
<Super>Ens.DataTransformDTL</Super>
<TimeChanged>60374,43176</TimeChanged>
<TimeCreated>60374,41164</TimeCreated>

<XData name="DTL">
<Data><![CDATA[<?xml version="1.0" ?>
<transform targetClass='Scan.CheckEmployeeRequest' sourceClass='Scan.CheckEmployeeRequest' create='new' language='objectscript'>
<assign property='target.EmailText' value='"Contains gizmo "_source.EmailText' action='set'/>
<assign property='target.ID' value='source.ID' action='set'/>
<assign property='target.Name' value='source.Name' action='set'/>
<assign property='target.ToAddress' value='$piece(source.ToAddress,"@",2)' action='set'/>
</transform>
]]></Data>
</XData>
</Class>
<Checksum value="891815235"/>
</Export>
