<?xml version="1.0" encoding="UTF-8"?>
<Export generator="Cache" version="22" zv="Cache for Windows (x86-32) 2009.1 (Build 446U)" ts="2009-09-22 17:07:47">
<Class name="Scan.AddToAddressFile">
<ClassType>persistent</ClassType>
<ProcedureBlock>1</ProcedureBlock>
<Super>Ens.BusinessProcessBPL</Super>
<TimeChanged>61626,60005.494912</TimeChanged>
<TimeCreated>59486,49919</TimeCreated>

<XData name="BPL">
<Description>
BPL Definition</Description>
<XMLNamespace>http://www.intersystems.com/bpl</XMLNamespace>
<Data><![CDATA[
<process language='objectscript' request='Scan.AddAddressRequest' response='Ens.Response' height='2000' width='2000' >
<context>
<property name='NewReq' type='Scan.AddressFileRequest' />
</context>
<sequence xend='550' yend='400' >
<transform name='Create AddToAddressRequest' class='Scan.CreateAddToAddressReqDTL' source='request' target='context.NewReq' xpos='550' ypos='200' />
<call name='Add to AddressFile' target='Scan.MakeFileOperation' async='1' xpos='550' ypos='304' >
<request type='Scan.AddressFileRequest' >
<assign property='callrequest' value='context.NewReq' action='set' />
</request>
</call>
</sequence>
</process>
]]></Data>
</XData>

<Storage name="Default">
<Type>%Library.CacheStorage</Type>
</Storage>
</Class>


<Class name="Scan.CreateAddToAddressReqDTL">
<ClassType/>
<ProcedureBlock>1</ProcedureBlock>
<Super>Ens.DataTransformDTL</Super>
<TimeChanged>61626,59194.121462</TimeChanged>
<TimeCreated>61625,62397.541566</TimeCreated>

<XData name="DTL">
<XMLNamespace>http://www.intersystems.com/dtl</XMLNamespace>
<Data><![CDATA[
<?xml version="1.0" ?>
<transform targetClass='Scan.AddressFileRequest' sourceClass='Scan.AddAddressRequest' create='new' language='objectscript'>
<assign property='target.IsExternal' value='source.IsExternal' action='set'/>
<assign property='target.IsRelated' value='source.IsRelated' action='set'/>
<assign property='target.ToAddress' value='..Piece(source.ToAddress,"@",2)' action='set'/>
<assign property='target.FileName' value='"Address.txt"' action='set'/>
</transform>
]]></Data>
</XData>
</Class>
</Export>
