<?xml version="1.0" encoding="UTF-8"?>
<Export generator="Cache" version="9" zv="Cache for Windows NT (Intel) 5.0.5 (Build 916U)" ts="2004-01-28 19:43:02">
<Class name="Temp.MyBankProduction">
<Language>Basic</Language>
<ProcedureBlock>1</ProcedureBlock>
<Super>Ens.Production</Super>
<TimeChanged>59562,70837</TimeChanged>

<XData name="ProductionDefinition">
<Data><![CDATA[
<Production Name="Temp.MyBankProduction" TestingEnabled="true">
  <ActorPoolSize>2</ActorPoolSize>
  <Item Name="Demo.Loan.FindRateDecisionProcessBPL" ClassName="Demo.Loan.FindRateDecisionProcessBPL" PoolSize="1" Enabled="true" Foreground="false" DisableErrorTraps="false" InactivityTimeout="0">
  </Item>
  <Item Name="Demo.Loan.FindRateCSPService" ClassName="Demo.Loan.FindRateCSPService" PoolSize="1" Enabled="true" Foreground="false" DisableErrorTraps="false" InactivityTimeout="0">
  </Item>
  <Item Name="Demo.Loan.BankUS" ClassName="Demo.Loan.BankUS" PoolSize="1" Enabled="true" Foreground="false" DisableErrorTraps="false" InactivityTimeout="0">
  </Item>
  <Item Name="Demo.Loan.BankManana" ClassName="Demo.Loan.BankManana" PoolSize="1" Enabled="true" Foreground="false" DisableErrorTraps="false" InactivityTimeout="0">
  </Item>
  <Item Name="Demo.Loan.BankSoprano" ClassName="Demo.Loan.BankSoprano" PoolSize="1" Enabled="true" Foreground="false" DisableErrorTraps="false" InactivityTimeout="0">
  </Item>
  <Item Name="Demo.Loan.FindRateEMailOperation" ClassName="Demo.Loan.FindRateEMailOperation" PoolSize="1" Enabled="true" Foreground="false" DisableErrorTraps="false" InactivityTimeout="0">
  </Item>
  <Item Name="Demo.Loan.WebOperations" ClassName="Demo.Loan.WebOperations" PoolSize="1" Enabled="true" Foreground="false" DisableErrorTraps="false" InactivityTimeout="0">
  </Item>
</Production>
]]></Data>
</XData>
</Class>
<Checksum value="14568940"/>
</Export>
