<?xml version="1.0" encoding="UTF-8"?>
<Export generator="Cache" version="9" zv="Cache for Windows NT (Intel) 5.0.5 (Build 916U)" ts="2004-02-05 16:10:21">
<Class name="Scan.AddAddressResponse">
<ClassType>persistent</ClassType>
<Language>basic</Language>
<ProcedureBlock>1</ProcedureBlock>
<Super>Ens.Response</Super>
<TimeChanged>59570,58134.717971</TimeChanged>
<ClassDefinitionError>0</ClassDefinitionError>

<Property name="Success">
<Type>%Boolean</Type>
</Property>

<Property name="NumChar">
<Type>%Numeric</Type>
</Property>

<Storage name="Default">
<Type>%Library.CacheStorage</Type>
<DefaultData>AddAddressResponseDefaultData</DefaultData>
<Data name="AddAddressResponseDefaultData">
<Structure>listnode</Structure>
<Subscript>"AddAddressResponse"</Subscript>
<Value name="1">
<Value>NumChar</Value>
</Value>
<Value name="2">
<Value>Success</Value>
</Value>
</Data>
</Storage>
</Class>
<Class name="Scan.AddressFileResponse">
<ClassType>persistent</ClassType>
<Language>basic</Language>
<ProcedureBlock>1</ProcedureBlock>
<Super>Ens.Response</Super>
<TimeChanged>59570,58167.234442</TimeChanged>
<ClassDefinitionError>0</ClassDefinitionError>

<Property name="Success">
<Type>%Boolean</Type>
</Property>

<Property name="NumChar">
<Type>%Numeric</Type>
</Property>

<Storage name="Default">
<Type>%Library.CacheStorage</Type>
<DefaultData>AddressFileResponseDefaultData</DefaultData>
<Data name="AddressFileResponseDefaultData">
<Structure>listnode</Structure>
<Subscript>"AddressFileResponse"</Subscript>
<Value name="1">
<Value>NumChar</Value>
</Value>
<Value name="2">
<Value>Success</Value>
</Value>
</Data>
</Storage>
</Class>
<Checksum value="1515429398"/>
</Export>
