<?xml version="1.0" encoding="UTF-8"?>
<Export generator="Cache" version="25">
<Class name="Demo.RecordMapBatch.Map.TrainDataOut.BatchOut">
<Description>
RECORDMAP: Modified during compilation of RecordMap 'Demo.RecordMapBatch.Map.TrainDataOut'
on 2015-12-18 at 17:32:14.992 [2015-12-18 22:32:14.992 UTC]
by user UnknownUser</Description>
<Super>%Library.Persistent,EnsLib.RecordMap.SimpleBatch</Super>
<TimeCreated>63904,49945.513392</TimeCreated>

<Parameter name="XMLNAME">
<Default>BatchOut</Default>
</Parameter>

<Parameter name="RECORDMAPGENERATED">
<Default>1</Default>
</Parameter>

<Parameter name="BatchHeader">
<Default>Date,TrainID,Direction,Station,Time</Default>
</Parameter>

<Parameter name="HeaderTerm">
<Default>\x0d\x0a</Default>
</Parameter>

<Parameter name="BatchTrailer">
</Parameter>

<Parameter name="TrailerTerm">
</Parameter>

<Parameter name="IgnoreLeadingData">
<Default>0</Default>
</Parameter>

<Property name="Records">
<Type>Demo.RecordMapBatch.Map.TrainDataOut.Record</Type>
<Cardinality>many</Cardinality>
<Inverse>%ParentBatch</Inverse>
<Relationship>1</Relationship>
</Property>

<Trigger name="OnDelete">
<Code>	Set %ok = ..deleteRecords({ID})
</Code>
<Event>DELETE</Event>
</Trigger>

<Parameter name="XMLTYPE">
<Default>Demo_RecordMapBatch_Map_TrainDataOut_BatchOut</Default>
</Parameter>

<Storage name="Default">
<Type>%Library.CacheStorage</Type>
<DataLocation>^Demo.RecordMapBat7CD0.BatchOutD</DataLocation>
<DefaultData>BatchOutDefaultData</DefaultData>
<IdLocation>^Demo.RecordMapBat7CD0.BatchOutD</IdLocation>
<IndexLocation>^Demo.RecordMapBat7CD0.BatchOutI</IndexLocation>
<StreamLocation>^Demo.RecordMapBat7CD0.BatchOutS</StreamLocation>
<Data name="BatchOutDefaultData">
<Structure>listnode</Structure>
<Subscript/>
<Value name="1">
<Value>%%CLASSNAME</Value>
</Value>
<Value name="2">
<Value>%Source</Value>
</Value>
<Value name="3">
<Value>BatchHeader</Value>
</Value>
<Value name="4">
<Value>BatchTrailer</Value>
</Value>
</Data>
</Storage>
</Class>
</Export>
