<?xml version="1.0" encoding="UTF-8"?>
<Export generator="Cache" version="25">
<Class name="Demo.RecordMapBatch.Map.TrainDataOut.Record">
<Description>
RECORDMAP: Generated from RecordMap 'Demo.RecordMapBatch.Map.TrainDataOut'
on 2015-12-18 at 17:32:14.985 [2015-12-18 22:32:14.985 UTC]
by user UnknownUser</Description>
<ProcedureBlock>1</ProcedureBlock>
<Super>%Persistent,%XML.Adaptor,Ens.Request,EnsLib.RecordMap.Base</Super>
<TimeCreated>63904,63134.985523</TimeCreated>
<Inheritance>right</Inheritance>

<Parameter name="INCLUDETOPFIELDS">
<Default>1</Default>
</Parameter>

<Property name="Date">
<Type>%Date</Type>
</Property>

<Property name="TrainID">
<Type>%Integer</Type>
</Property>

<Property name="Direction">
<Type>%String</Type>
</Property>

<Property name="Station">
<Type>%String</Type>
</Property>

<Property name="Time">
<Type>%Time</Type>
<Parameter name="XMLTIMEZONE" value="IGNORE"/>
</Property>

<Property name="%ParentBatch">
<Type>Demo.RecordMapBatch.Map.TrainDataOut.BatchOut</Type>
<Cardinality>one</Cardinality>
<Inverse>Records</Inverse>
<Relationship>1</Relationship>
</Property>

<Index name="%ParentBatchIdx">
<Properties>%ParentBatch</Properties>
</Index>

<Parameter name="RECORDMAPGENERATED">
<Default>1</Default>
</Parameter>

<Storage name="Default">
<Type>%Library.CacheStorage</Type>
<DataLocation>^Demo.RecordMapBatch7CD0.RecordD</DataLocation>
<DefaultData>RecordDefaultData</DefaultData>
<IdLocation>^Demo.RecordMapBatch7CD0.RecordD</IdLocation>
<IndexLocation>^Demo.RecordMapBatch7CD0.RecordI</IndexLocation>
<StreamLocation>^Demo.RecordMapBatch7CD0.RecordS</StreamLocation>
<ExtentSize>2000000</ExtentSize>
<Data name="RecordDefaultData">
<Structure>listnode</Structure>
<Subscript/>
<Value name="1">
<Value>%%CLASSNAME</Value>
</Value>
<Value name="2">
<Value>Date</Value>
</Value>
<Value name="3">
<Value>%Source</Value>
</Value>
<Value name="4">
<Value>Direction</Value>
</Value>
<Value name="5">
<Value>Station</Value>
</Value>
<Value name="6">
<Value>Time</Value>
</Value>
<Value name="7">
<Value>%ParentBatch</Value>
</Value>
<Value name="8">
<Value>TrainID</Value>
</Value>
</Data>
</Storage>
</Class>
</Export>
