<?xml version="1.0" encoding="UTF-8"?>
<Export generator="Cache" version="25" zv="Cache for Windows (x86-64) 2013.2 (Build 343U)" ts="2013-04-29 08:45:13">
<Document name="Demo.HL7.MsgRouter.Schema.HL7">
<Category name="Demo.HL7.MsgRouter.Schema" base="2.3.1">

<MessageType name='ADT_A01' structure='ADT_A01' returntype='base:ACK_A01'/>
<MessageType name='ADT_A02' structure='ADT_A01' returntype='base:ACK_A02'/>
<MessageType name='ADT_A03' structure='ADT_A01' returntype='base:ACK_A03'/>
<MessageType name='ADT_A04' structure='ADT_A01' returntype='base:ACK_A04'/>
<MessageType name='ADT_A05' structure='ADT_A01' returntype='base:ACK_A05'/>
<MessageType name='ADT_A06' structure='ADT_A01' returntype='base:ACK_A06'/>
<MessageType name='ADT_A07' structure='ADT_A01' returntype='base:ACK_A07'/>
<MessageType name='ADT_A08' structure='ADT_A01' returntype='base:ACK_A08'/>
<MessageType name='ADT_A11' structure='ADT_A01' returntype='base:ACK_A11'/>
<MessageType name='ADT_A13' structure='ADT_A01' returntype='base:ACK_A13'/>
<MessageType name='ADT_A16' structure='ADT_A16' returntype='base:ACK_A16'/>
<MessageType name='ADT_A25' structure='ADT_A25' returntype='base:ACK_A25'/>
<MessageType name='ADT_A31' structure='ADT_A01' returntype='base:ACK_A31'/>
<MessageType name='ADT_Z44' structure='base:ADT_A30' returntype='base:ACK_A47'/>
<MessageType name='ADT_Z47' structure='base:ADT_A30' returntype='base:ACK_A47'/>
<MessageType name='MFN_M03' structure='MFN_M03' returntype='base:MFK_M03'/>
<MessageType name='ORM_O01' structure='ORM_O01' returntype='base:ACK'/>

<MessageStructure name='ADT_A01' definition='base:MSH~base:EVN~base:PID~[~base:PD1~]~[~{~base:NK1~}~]~base:PV1~[~base:PV2~]~[~{~base:DB1~}~]~[~{~base:OBX~}~]~[~{~base:AL1~}~]~[~{~base:DG1~}~]~[~base:DRG~]~[~{~base:PR1~[~{~base:ROL~}~]~}~]~[~{~base:GT1~}~]~[~{~base:IN1~[~base:IN2~]~[~{~base:IN3~}~]~}~]~[~base:ACC~]~[~base:UB1~]~[~base:UB2~]~[~{~ZPI~}~]~[~{~ZPV~}~]~[~{~ZDG~}~]~[~{~ZPR~}~]~[~{~ZIN~}~]~[~{~ZAC~}~]~[~{~ZAB~}~]~[~{~ZCA~}~]~[~{~ZNB~}~]' description='ADT message including Additional Z Segments'/>
<MessageStructure name='ADT_A16' definition='base:MSH~base:EVN~base:PID~[~base:PD1~]~[~{~base:NK1~}~]~base:PV1~[~base:PV2~]~[~{~base:DB1~}~]~[~{~base:OBX~}~]~[~{~base:AL1~}~]~[~{~base:DG1~}~]~[~base:DRG~]~[~{~base:GT1~}~]~[~{~base:IN1~[~base:IN2~]~[~{~base:IN3~}~]~}~]' description='HNB ADT_A16 message'/>
<MessageStructure name='ADT_A25' definition='base:MSH~base:EVN~base:PID~[~base:PD1~]~base:PV1~[~base:PV2~]~[~{~base:DB1~}~]~[~{~base:OBX~}~]' description='HNB ADT_A25 message'/>
<MessageStructure name='MFN_M03' definition='base:MSH~base:MFI~{~base:MFE~[~ZSI~]~base:OM1~[~Hxx~]~}' description='HNB MFN message'/>
<MessageStructure name='ORM_O01' definition='base:MSH~[~{~base:NTE~}~]~[~base:PID~[~base:PD1~]~[~{~base:NTE~}~]~[~base:PV1~[~base:PV2~]~]~[~{~base:IN1~[~base:IN2~]~[~{~base:IN3~}~]~}~]~[~base:GT1~]~[~{~base:AL1~}~]~]~{~base:ORC~[~&lt;~base:OBR~|~base:RQD~|~base:RQ1~|~{~base:ODS~}~|~base:ODT~|~base:RXO~&gt;~[~{~base:NTE~}~]~[~{~base:DG1~}~]~[~{~base:OBX~[~{~base:NTE~}~]~}~]~]~[~{~base:CTI~}~]~[~base:BLG~]~}' description='HNB ORM message'/>

<SegmentStructure name='ZAB' description='HNS Abstract'>
    <SegmentSubStructure piece='1' description='Blood Code' max_length='60' required='O' ifrepeating='1'/>
    <SegmentSubStructure piece='2' description='Discharge Care Provider' max_length='12' required='O' ifrepeating='0'/>
    <SegmentSubStructure piece='3' description='Transfer Medical Service Code' max_length='60' required='O' ifrepeating='0'/>
    <SegmentSubStructure piece='4' description='Severity of Illness' max_length='60' required='O' ifrepeating='0'/>
    <SegmentSubStructure piece='5' description='Date Time of Attestation' max_length='26' required='O' ifrepeating='0'/>
    <SegmentSubStructure piece='6' description='Attested by' max_length='12' required='O' ifrepeating='0'/>
    <SegmentSubStructure piece='7' description='Triage Code' max_length='60' required='O' ifrepeating='0'/>
    <SegmentSubStructure piece='8' description='Date Time Abstract' max_length='26' required='O' ifrepeating='0'/>
    <SegmentSubStructure piece='9' description='Abstracted by' max_length='12' required='O' ifrepeating='0'/>
    <SegmentSubStructure piece='10' description='Incident Code' max_length='60' required='O' ifrepeating='0'/>
    <SegmentSubStructure piece='11' description='Date Time Incident' max_length='26' required='O' ifrepeating='0'/>
    <SegmentSubStructure piece='12' description='Case Category Code' max_length='60' required='O' ifrepeating='0'/>
    <SegmentSubStructure piece='13' description='Death Classification Code Expiration Type' max_length='60' required='O' ifrepeating='0'/>
    <SegmentSubStructure piece='14' description='Autopsy Flag' max_length='1' required='O' ifrepeating='1'/>
    <SegmentSubStructure piece='15' description='Coroner Flag' max_length='1' required='O' ifrepeating='0'/>
    <SegmentSubStructure piece='16' description='Expiration Location' max_length='60' required='O' ifrepeating='0'/>
    <SegmentSubStructure piece='17' description='Anatomical Gift Donor' max_length='1' required='O' ifrepeating='0'/>
    <SegmentSubStructure piece='18' description='Anatomical Gift Type' max_length='60' required='O' ifrepeating='0'/>
</SegmentStructure>
<SegmentStructure name='ZAC' description='Additional Accident Information'>
    <SegmentSubStructure piece='1' description='SetID-Insurance' max_length='12' required='O' ifrepeating='0'/>
    <SegmentSubStructure piece='2' description='Accident Nature' max_length='25' required='O' ifrepeating='0'/>
    <SegmentSubStructure piece='3' description='Brought in by Name' max_length='80' required='O' ifrepeating='0'/>
    <SegmentSubStructure piece='4' description='Police Notified' max_length='2' required='O' ifrepeating='0'/>
</SegmentStructure>
<SegmentStructure name='ZCA' description='Contract Administration'>
    <SegmentSubStructure piece='1' description='External Room Bed' max_length='6' required='O' ifrepeating='0'/>
    <SegmentSubStructure piece='2' description='External Chart Number' max_length='10' required='O' ifrepeating='0'/>
    <SegmentSubStructure piece='3' description='Contract Code Description' max_length='60' required='O' ifrepeating='0'/>
</SegmentStructure>
<SegmentStructure name='ZDG' description='Additional Diagnosis'>
    <SegmentSubStructure piece='1' description='Set ID - Diagnosis' symbol='!' max_length='4' required='R' ifrepeating='0'/>
    <SegmentSubStructure piece='2' description='DRG Transfer Type' max_length='21' required='O' ifrepeating='0'/>
    <SegmentSubStructure piece='3' description='Date Time of DRG' max_length='26' required='O' ifrepeating='0'/>
</SegmentStructure>
<SegmentStructure name='ZIN' description='Additional Insurance Information'>
    <SegmentSubStructure piece='1' description='SetID-Insurance' symbol='!' max_length='4' required='R' ifrepeating='0'/>
    <SegmentSubStructure piece='2' description='Insurance Plan Name' max_length='33' required='O' ifrepeating='0'/>
    <SegmentSubStructure piece='3' description='Blue Shield Coverage Indicator' max_length='2' required='O' ifrepeating='0'/>
    <SegmentSubStructure piece='4' description='Comment' max_length='36' required='O' ifrepeating='0'/>
    <SegmentSubStructure piece='5' description='Default Copay' max_length='9' required='O' ifrepeating='0'/>
    <SegmentSubStructure piece='6' description='Referral Required' max_length='1' required='O' ifrepeating='0'/>
    <SegmentSubStructure piece='7' description='Benefits' max_length='15' required='O' ifrepeating='1'/>
    <SegmentSubStructure piece='8' description='Blue Shield Plan Number' max_length='25' required='O' ifrepeating='0'/>
    <SegmentSubStructure piece='9' description='Primary/Secondary Indicator' max_length='1' required='O' ifrepeating='0'/>
</SegmentStructure>
<SegmentStructure name='ZNB' description='Newborn Abstract'>
    <SegmentSubStructure piece='1' description='SetID' symbol='!' max_length='4' required='R' ifrepeating='0'/>
    <SegmentSubStructure piece='2' description='Birth Status Code' max_length='60' required='O' ifrepeating='0'/>
    <SegmentSubStructure piece='3' description='Birth Type Code' max_length='60' required='O' ifrepeating='0'/>
    <SegmentSubStructure piece='4' description='C-Section Indicator' max_length='2' required='O' ifrepeating='0'/>
    <SegmentSubStructure piece='5' description='Gestation Period - Weeks' max_length='3' required='O' ifrepeating='0'/>
    <SegmentSubStructure piece='6' description='Encounter Number' symbol='!' max_length='12' required='R' ifrepeating='0'/>
    <SegmentSubStructure piece='7' description='Newborn Code' symbol='!' max_length='60' required='R' ifrepeating='0'/>
    <SegmentSubStructure piece='8' description='Newborn Weight' max_length='10' required='O' ifrepeating='0'/>
    <SegmentSubStructure piece='9' description='Stillborn Indicator' max_length='8' required='O' ifrepeating='0'/>
</SegmentStructure>
<SegmentStructure name='ZPI' description='Supplemental Patient ID'>
    <SegmentSubStructure piece='1' description='SetID-Patient ID' symbol='!' max_length='4' required='R' ifrepeating='0'/>
    <SegmentSubStructure piece='2' description='Person Expired Indicator' max_length='2' required='O' ifrepeating='0'/>
    <SegmentSubStructure piece='3' description='Church Code/Description' max_length='60' required='O' ifrepeating='0'/>
    <SegmentSubStructure piece='4' description='Organ Donor Code' max_length='60' required='O' ifrepeating='0'/>
    <SegmentSubStructure piece='5' description='Primary Care Provider' max_length='60' required='O' ifrepeating='1'/>
    <SegmentSubStructure piece='6' description='Mothers Name' max_length='30' required='O' ifrepeating='0'/>
    <SegmentSubStructure piece='7' description='Fathers Name' max_length='30' required='O' ifrepeating='0'/>
    <SegmentSubStructure piece='8' description='Census Track Code' max_length='60' required='O' ifrepeating='0'/>
    <SegmentSubStructure piece='9' description='Resident Date' max_length='8' required='O' ifrepeating='0'/>
    <SegmentSubStructure piece='10' description='Employee ID' max_length='15' required='O' ifrepeating='0'/>
    <SegmentSubStructure piece='11' description='Employment Date' max_length='8' required='O' ifrepeating='0'/>
    <SegmentSubStructure piece='12' description='Employment Status Code' max_length='60' required='O' ifrepeating='0'/>
    <SegmentSubStructure piece='13' description='Employment Data Code' max_length='60' required='O' ifrepeating='0'/>
    <SegmentSubStructure piece='14' description='Occupation Code/Description' max_length='80' required='O' ifrepeating='0'/>
</SegmentStructure>
<SegmentStructure name='ZPR' description='Additional Procedure'>
    <SegmentSubStructure piece='1' description='Set ID - Procedure' symbol='!' max_length='4' required='R' ifrepeating='0'/>
    <SegmentSubStructure piece='2' description='Procedure DRG Type' max_length='20' required='O' ifrepeating='0'/>
    <SegmentSubStructure piece='3' description='Tissue Type Code' max_length='60' required='O' ifrepeating='0'/>
</SegmentStructure>
<SegmentStructure name='ZPV' description='Supplemental Patient ID'>
    <SegmentSubStructure piece='1' description='SetID-Patient Visit' symbol='!' max_length='4' required='R' ifrepeating='0'/>
    <SegmentSubStructure piece='2' description='Mode of Arrival' max_length='60' required='O' ifrepeating='0'/>
    <SegmentSubStructure piece='3' description='Referring Hospital' max_length='25' required='O' ifrepeating='0'/>
    <SegmentSubStructure piece='4' description='Final Discharge Indicator' max_length='2' required='O' ifrepeating='0'/>
    <SegmentSubStructure piece='5' description='Discharge Condition' max_length='3' required='O' ifrepeating='0'/>
    <SegmentSubStructure piece='6' description='Isolation Code' max_length='60' required='O' ifrepeating='0'/>
    <SegmentSubStructure piece='7' description='IV Therapy Code' max_length='60' required='O' ifrepeating='0'/>
    <SegmentSubStructure piece='8' description='Comment' max_length='255' required='O' ifrepeating='0'/>
    <SegmentSubStructure piece='9' description='Oxygen Therapy Code' max_length='60' required='O' ifrepeating='0'/>
    <SegmentSubStructure piece='10' description='Publicity Code' max_length='60' required='O' ifrepeating='0'/>
    <SegmentSubStructure piece='11' description='Smoker Indicator' max_length='2' required='O' ifrepeating='0'/>
    <SegmentSubStructure piece='12' description='Admission Level of Care' max_length='60' required='O' ifrepeating='0'/>
    <SegmentSubStructure piece='13' description='Precaution Code' max_length='60' required='O' ifrepeating='0'/>
    <SegmentSubStructure piece='14' description='Condition Code' max_length='80' required='O' ifrepeating='1'/>
    <SegmentSubStructure piece='15' description='Advance Directive Code' max_length='60' required='O' ifrepeating='0'/>
    <SegmentSubStructure piece='16' description='Consultation Information' max_length='64' required='O' ifrepeating='0'/>
    <SegmentSubStructure piece='17' description='Admission Cancellation Reason' max_length='70' required='O' ifrepeating='0'/>
    <SegmentSubStructure piece='18' description='Shared Care Physician' max_length='60' required='O' ifrepeating='0'/>
    <SegmentSubStructure piece='19' description='ER Physician' max_length='60' required='O' ifrepeating='0'/>
    <SegmentSubStructure piece='20' description='Phone Charge Indicator' max_length='2' required='O' ifrepeating='0'/>
    <SegmentSubStructure piece='21' description='TV Charge Indicator' max_length='2' required='O' ifrepeating='0'/>
</SegmentStructure>
<SegmentStructure name='ZSI' description='placeholder'>
    <SegmentSubStructure piece='1' description='placeholder 1' symbol='!' max_length='4' required='R' ifrepeating='0'/>
</SegmentStructure>

</Category>
</Document></Export>
