<?xml version="1.0" encoding="UTF-8"?>
<Export generator="Cache" version="25">
<Class name="Cinema.Review">
<Super>%Persistent</Super>
<TimeCreated>62348,56958.608428</TimeCreated>

<Property name="Film">
<Type>Cinema.Film</Type>
</Property>

<Property name="ReviewScore">
<Type>%Integer</Type>
<Parameter name="MAXVAL" value="10"/>
<Parameter name="MINVAL" value="0"/>
</Property>

<Property name="ReviewText">
<Type>%String</Type>
<Parameter name="MAXLEN" value="20000"/>
</Property>

<Storage name="Default">
<Type>%Library.CacheStorage</Type>
<DataLocation>^Cinema.ReviewD</DataLocation>
<DefaultData>ReviewDefaultData</DefaultData>
<IdLocation>^Cinema.ReviewD</IdLocation>
<IndexLocation>^Cinema.ReviewI</IndexLocation>
<StreamLocation>^Cinema.ReviewS</StreamLocation>
<ExtentSize>100000</ExtentSize>
<Data name="ReviewDefaultData">
<Structure>listnode</Structure>
<Subscript/>
<Value name="1">
<Value>%%CLASSNAME</Value>
</Value>
<Value name="2">
<Value>Film</Value>
</Value>
<Value name="3">
<Value>ReviewScore</Value>
</Value>
<Value name="4">
<Value>ReviewText</Value>
</Value>
</Data>
</Storage>
</Class>
</Export>
