<?xml version="1.0" encoding="UTF-8"?>
<Export generator="Cache" version="25">
<Class name="Cinema.Theater">
<Description>
Information about theaters and ticket prices.</Description>
<Super>%Library.Persistent</Super>
<TimeCreated>58752,45905</TimeCreated>

<Property name="AdultPrice">
<Type>%Library.Float</Type>
<Parameter name="MINVAL" value="0"/>
<Parameter name="SCALE" value="2"/>
</Property>

<Property name="ChildPrice">
<Type>%Library.Float</Type>
<Parameter name="MINVAL" value="0"/>
<Parameter name="SCALE" value="2"/>
</Property>

<Property name="TheaterName">
<Type>%Library.String</Type>
</Property>

<Storage name="Default">
<Type>%Library.CacheStorage</Type>
<DataLocation>^CinemaooTheaterD</DataLocation>
<DefaultData>TheaterDefaultData</DefaultData>
<IdLocation>^CinemaooTheaterD</IdLocation>
<IndexLocation>^CinemaooTheaterI</IndexLocation>
<StreamLocation>^Cinema.TheaterS</StreamLocation>
<Data name="TheaterDefaultData">
<Value name="1">
<Value>AdultPrice</Value>
</Value>
<Value name="2">
<Value>ChildPrice</Value>
</Value>
<Value name="3">
<Value>TheaterName</Value>
</Value>
<Value name="4">
<Value>%%CLASSNAME</Value>
</Value>
</Data>
</Storage>
</Class>
</Export>
