<?xml version="1.0" encoding="UTF-8"?>
<Export generator="Cache" version="25">
<Class name="Demo.RecordMap.Map.Delimited.Batch">
<Description>
RECORDMAP: Modified during compilation of RecordMap 'Demo.RecordMap.Map.Delimited'
on 2010-09-30 at 16:20:02.221 [2010-09-30 21:20:02.221 UTC]
by user DemoUser</Description>
<ProcedureBlock>1</ProcedureBlock>
<Super>%Library.Persistent,EnsLib.RecordMap.SimpleBatch</Super>
<TimeCreated>61999,62243.228569</TimeCreated>
<Inheritance>right</Inheritance>

<Parameter name="XMLTYPE">
<Default>Demo_RecordMap_Map_Delimited_Batch</Default>
</Parameter>

<Parameter name="RECORDMAPGENERATED">
<Default>1</Default>
</Parameter>

<Parameter name="BatchHeader">
<Default>DELIMITED_BATCH_HEADER</Default>
</Parameter>

<Parameter name="HeaderTerm">
<Default>\x0d\x0a</Default>
</Parameter>

<Parameter name="BatchTrailer">
</Parameter>

<Parameter name="TrailerTerm">
<Default>\x0d\x0a\x00</Default>
</Parameter>

<Property name="Records">
<Type>Demo.RecordMap.Map.Delimited.Record</Type>
<Cardinality>many</Cardinality>
<Inverse>%ParentBatch</Inverse>
<Relationship>1</Relationship>
</Property>

<Trigger name="OnDelete">
<Code>	Set id = {ID}
	Set %ok = ..deleteRecords(id)</Code>
<Event>DELETE</Event>
</Trigger>

<Method name="%OnDelete">
<ClassMethod>1</ClassMethod>
<FormalSpec>oid:%ObjectIdentity</FormalSpec>
<Private>1</Private>
<ReturnType>%Status</ReturnType>
<ServerOnly>1</ServerOnly>
<Implementation><![CDATA[
	Set tID = $$$oidPrimary(oid)
	Quit ..deleteRecords(tID)
]]></Implementation>
</Method>

<Method name="deleteRecords">
<Internal>1</Internal>
<ClassMethod>1</ClassMethod>
<FormalSpec>batchid:%String</FormalSpec>
<Private>1</Private>
<ReturnType>%Status</ReturnType>
<ServerOnly>1</ServerOnly>
<Implementation><![CDATA[
	Set tStmt = ##class(%SQL.Statement).%New()
	Set tStatus = tStmt.%Prepare("DELETE FROM Demo_RecordMap_Map_Delimited.Record WHERE %ParentBatch = ?")
	If $$$ISERR(tStatus) Quit tStatus
	Set tRS = tStmt.%Execute(batchid)
	If tRS.%SQLCODE && (tRS.%SQLCODE '= 100) Quit $$$ERROR($$$SQLCode, tRS.%SQLCODE, tRS.%Message)
	Quit $$$OK
]]></Implementation>
</Method>

<Storage name="Default">
<Type>%Library.CacheStorage</Type>
<DataLocation>^Demo.RecordMap.Map.DC0CE.BatchD</DataLocation>
<DefaultData>BatchDefaultData</DefaultData>
<IdLocation>^Demo.RecordMap.Map.DC0CE.BatchD</IdLocation>
<IndexLocation>^Demo.RecordMap.Map.DC0CE.BatchI</IndexLocation>
<StreamLocation>^Demo.RecordMap.Map.DC0CE.BatchS</StreamLocation>
<ExtentSize>2000000</ExtentSize>
<Data name="BatchDefaultData">
<Value name="1">
<Value>%%CLASSNAME</Value>
</Value>
<Value name="2">
<Value>%Source</Value>
</Value>
<Value name="3">
<Value>BatchHeader</Value>
</Value>
<Value name="4">
<Value>BatchTrailer</Value>
</Value>
</Data>
</Storage>
</Class>
</Export>
