<?xml version="1.0" encoding="UTF-8"?>
<Export generator="Cache" version="25">
<Class name="Demo.RecordMap.Map.Delimited.Record">
<Description>
RECORDMAP: Generated from RecordMap 'Demo.RecordMap.Map.Delimited'
on 2010-09-30 at 16:20:02.209 [2010-09-30 21:20:02.209 UTC]
by user DemoUser</Description>
<ProcedureBlock>1</ProcedureBlock>
<Super>%Persistent,%XML.Adaptor,Ens.Request,EnsLib.RecordMap.Base</Super>
<TimeCreated>61999,62402.209806</TimeCreated>
<Inheritance>right</Inheritance>

<Property name="%ParentBatch">
<Type>Demo.RecordMap.Map.Delimited.Batch</Type>
<Cardinality>one</Cardinality>
<Inverse>Records</Inverse>
<Relationship>1</Relationship>
</Property>

<Index name="%ParentBatchIdx">
<Properties>%ParentBatch</Properties>
</Index>

<Index name="LastNameIdx">
<Properties>LastName</Properties>
</Index>

<Index name="PersonIDIdx">
<Properties>PersonID</Properties>
</Index>

<Index name="SSNIdx">
<Properties>SSN</Properties>
</Index>

<Parameter name="RECORDMAPGENERATED">
<Default>1</Default>
</Parameter>

<Parameter name="INCLUDETOPFIELDS">
<Default>1</Default>
</Parameter>

<Property name="PersonID">
<Type>%Integer</Type>
</Property>

<Property name="Age">
<Type>%Integer</Type>
</Property>

<Property name="DateOfBirth">
<Type>%Date</Type>
<Parameter name="FORMAT" value="1"/>
</Property>

<Property name="FavoriteColor">
<Type>%String</Type>
</Property>

<Property name="LastName">
<Type>%String</Type>
</Property>

<Property name="FirstName">
<Type>%String</Type>
</Property>

<Property name="MiddleInitial">
<Type>%String</Type>
</Property>

<Property name="SSN">
<Type>%String</Type>
<Parameter name="PATTERN" value="3N1&quot;-&quot;2N1&quot;-&quot;4N"/>
</Property>

<Property name="HomeAddress">
<Type>Demo.RecordMap.Map.Delimited.Record.HomeAddress</Type>
</Property>

<Property name="WorkAddress">
<Type>Demo.RecordMap.Map.Delimited.Record.WorkAddress</Type>
</Property>

<Storage name="Default">
<Type>%Library.CacheStorage</Type>
<DataLocation>^Demo.RecordMap.MapC0CE.RecordD</DataLocation>
<DefaultData>RecordDefaultData</DefaultData>
<IdLocation>^Demo.RecordMap.MapC0CE.RecordD</IdLocation>
<IndexLocation>^Demo.RecordMap.MapC0CE.RecordI</IndexLocation>
<StreamLocation>^Demo.RecordMap.MapC0CE.RecordS</StreamLocation>
<ExtentSize>2000000</ExtentSize>
<Data name="RecordDefaultData">
<Value name="1">
<Value>%%CLASSNAME</Value>
</Value>
<Value name="2">
<Value>%Source</Value>
</Value>
<Value name="3">
<Value>Age</Value>
</Value>
<Value name="4">
<Value>DateOfBirth</Value>
</Value>
<Value name="5">
<Value>FavoriteColor</Value>
</Value>
<Value name="6">
<Value>LastName</Value>
</Value>
<Value name="7">
<Value>FirstName</Value>
</Value>
<Value name="8">
<Value>MiddleInitial</Value>
</Value>
<Value name="9">
<Value>SSN</Value>
</Value>
<Value name="10">
<Value>HomeAddress</Value>
</Value>
<Value name="11">
<Value>WorkAddress</Value>
</Value>
<Value name="12">
<Value>%ParentBatch</Value>
</Value>
<Value name="13">
<Value>PersonID</Value>
</Value>
</Data>
</Storage>
</Class>
</Export>
