<?xml version="1.0" encoding="UTF-8"?>
<Export generator="Cache" version="9" zv="Cache for Windows NT (Intel) 5.0.5 (Build 2185U)" ts="2005-01-05 18:45:40">
<Class name="Expenses.ExpensesMetric">
<ProcedureBlock>1</ProcedureBlock>
<Super>Ens.BusinessMetric</Super>
<TimeChanged>59905,67431.189851</TimeChanged>

<Property name="NumReportsOver100">
<Type>Ens.DataType.Metric</Type>
<Parameter name="RANGELOWER" value="0"/>
<Parameter name="RANGEUPPER" value="100"/>
<Parameter name="UNITS" value="Expense Reports"/>
</Property>

<Method name="OnCalculateMetrics">
<ReturnType>%Status</ReturnType>
<Implementation><![CDATA[
	//Get the current count of expense reports more than $100
	&sql(SELECT COUNT(*) INTO :tCount
		 FROM Expenses.EnterExpenseRequest
		 WHERE AmountDue >100)
		 
	//Set the metric to the current count of expense reports more than $100	 
	set ..NumReportsOver100 = tCount 
		 
	Quit $$$OK
]]></Implementation>
</Method>
</Class>
<Checksum value="2616207846"/>
</Export>
