<?xml version="1.0" encoding="UTF-8"?>
<dashboard xmlns="http://www.intersystems.com/deepsee/library" name="DashboardBob" folderName="Scan" title="" description="" keywords="" owner="UnknownUser" shared="true" public="true" locked="false" resource="" timeCreated="2012-01-05T15:16:18.113Z" createdBy="UnknownUser" scheme="" worklistCount="2" snapTo="true">
  <widget name="Last Email" type="meter" subtype="smiley" title="" dataSource="Scan.ScanEmailProduction/Scan.SafeEmailCountMetric.metric" localDataSource="" dataLink="" drillDownDataSource="" width="200" height="200" sidebarContent="" showSidebar="false" sidebarWidth="" maximized="false">
    <dataProperty name="" label="" width="" align="" subtype="" style="" display="value" format="" showAs="value" valueColumn="false" summary="" summaryValue="" dataValue="LastFile" targetValue="" thresholdLower="" thresholdUpper="" rangeLower="-1" rangeUpper="1" baseValue=""></dataProperty>
  </widget>
  <widget name="Safe Emails" type="meter" subtype="fuelGauge" title="" dataSource="Scan.ScanEmailProduction/Scan.SafeEmailCountMetric.metric" localDataSource="" dataLink="" drillDownDataSource="" width="200" height="200" sidebarContent="" showSidebar="false" sidebarWidth="" maximized="false">
    <dataProperty name="" label="" width="" align="" subtype="" style="" display="" format="" showAs="" valueColumn="false" summary="" summaryValue="" dataValue="SafeEmails" targetValue="" thresholdLower="" thresholdUpper="" rangeLower="" rangeUpper="" baseValue=""></dataProperty>
  </widget>
</dashboard>