<?xml version="1.0" encoding="UTF-8"?>
<Export generator="Cache" version="24" zv="Cache for Windows (x86-64) 2010.2.2 (Build 600U)" ts="2011-03-01 15:28:58">
<Class name="ClassDemo.FromTCPToFileProd">
<ProcedureBlock>1</ProcedureBlock>
<Super>Ens.Production</Super>
<TimeChanged>62151,55539.813563</TimeChanged>
<TimeCreated>61705,73307.493671</TimeCreated>

<XData name="ProductionDefinition">
<Data><![CDATA[
<Production Name="ClassDemo.FromTCPToFileProd" TestingEnabled="false" LogGeneralTraceEvents="false">
  <Description>NewProduction</Description>
  <ActorPoolSize>2</ActorPoolSize>
  <Setting Target="Production" Name="ShutdownTimeout">10</Setting>
  <Item Name="From_OtherProduction_TCP" Category="" ClassName="EnsLib.HL7.Service.TCPService" PoolSize="1" Enabled="true" Foreground="false" InactivityTimeout="0" Comment="" LogTraceEvents="false" Schedule="">
    <Setting Target="Host" Name="TargetConfigNames">To_File</Setting>
    <Setting Target="Host" Name="AckMode">App</Setting>
    <Setting Target="Host" Name="AddNackERR">1</Setting>
    <Setting Target="Host" Name="MessageSchemaCategory">2.3.1</Setting>
    <Setting Target="Host" Name="ArchiveIO">1</Setting>
    <Setting Target="Adapter" Name="Port">55555</Setting>
  </Item>
  <Item Name="To_File" Category="" ClassName="EnsLib.HL7.Operation.FileOperation" PoolSize="1" Enabled="true" Foreground="false" InactivityTimeout="0" Comment="" LogTraceEvents="false" Schedule="">
    <Setting Target="Host" Name="Filename">TCP_%f_%Q.txt</Setting>
    <Setting Target="Host" Name="FailureTimeout">2</Setting>
    <Setting Target="Adapter" Name="FilePath">c:\Integration\HL7\Out</Setting>
  </Item>
</Production>
]]></Data>
</XData>
</Class>
</Export>
