<?xml version="1.0" encoding="UTF-8"?>
<Export generator="Cache" version="25" zv="Cache for Windows (x86-64) 2017.2.1 (Build 801U)" ts="2018-04-12 16:25:21">
<Project name="EnsExportProduction_2018-04-12 16-24-39_011-4" LastModified="2018-04-12 16:25:21.221539">
  <ProjectDescription>Studio Project generated from Ensemble Production 'Sample.ASC.PDF.Production' at 2018-04-12 20:24:39.011 UTC</ProjectDescription>
  <Items>
    <ProjectItem name="HL7toPDF.RouterRoutingRule" type="CLS"></ProjectItem>
    <ProjectItem name="PDFtoHL7.RouterRoutingRule" type="CLS"></ProjectItem>
    <ProjectItem name="Sample.ASC.PDF.DTL.HL7toPDF" type="CLS"></ProjectItem>
    <ProjectItem name="Sample.ASC.PDF.DTL.PDFtoHL7" type="CLS"></ProjectItem>
    <ProjectItem name="Sample.ASC.PDF.Production" type="CLS"></ProjectItem>
    <ProjectItem name="EnsExportNotes.EnsExportProduction_2018-04-12 16-24-39_011-4.PTD" type="PTD"></ProjectItem>
  </Items>
</Project>


<Class name="HL7toPDF.RouterRoutingRule">
<Description>
</Description>
<Super>Ens.Rule.Definition</Super>
<TimeChanged>64750,43662.944065</TimeChanged>
<TimeCreated>64750,41932.844385</TimeCreated>

<Parameter name="RuleAssistClass">
<Default>EnsLib.MsgRouter.RuleAssist</Default>
</Parameter>

<XData name="RuleDefinition">
<XMLNamespace>http://www.intersystems.com/rule</XMLNamespace>
<Data><![CDATA[
<ruleDefinition alias="" context="EnsLib.MsgRouter.RoutingEngine" production="Sample.ASC.PDF.Production">
<ruleSet name="" effectiveBegin="" effectiveEnd="">
<rule name="">
<when condition="1">
<send transform="Sample.ASC.PDF.DTL.HL7toPDF" target="PDF.Out.File"></send>
<return></return>
</when>
</rule>
</ruleSet>
</ruleDefinition>
]]></Data>
</XData>
</Class>


<Class name="PDFtoHL7.RouterRoutingRule">
<Description>
</Description>
<Super>Ens.Rule.Definition</Super>
<TimeChanged>64750,38734.915778</TimeChanged>
<TimeCreated>64750,36706.017429</TimeCreated>

<Parameter name="RuleAssistClass">
<Default>EnsLib.MsgRouter.RuleAssist</Default>
</Parameter>

<XData name="RuleDefinition">
<XMLNamespace>http://www.intersystems.com/rule</XMLNamespace>
<Data><![CDATA[
<ruleDefinition alias="" context="EnsLib.MsgRouter.RoutingEngine" production="Sample.ASC.PDF.Production">
<ruleSet name="" effectiveBegin="" effectiveEnd="">
<rule name="">
<when condition="1">
<send transform="Sample.ASC.PDF.DTL.PDFtoHL7" target="HL7.Out.File"></send>
<return></return>
</when>
</rule>
</ruleSet>
</ruleDefinition>
]]></Data>
</XData>
</Class>


<Class name="Sample.ASC.PDF.DTL.HL7toPDF">
<Super>Ens.DataTransformDTL</Super>
<TimeChanged>64750,44770.400281</TimeChanged>
<TimeCreated>64750,42132.481553</TimeCreated>
<DependsOn>EnsLib.HL7.Message,Ens.StreamContainer</DependsOn>

<Parameter name="IGNOREMISSINGSOURCE">
<Default>1</Default>
</Parameter>

<Parameter name="REPORTERRORS">
<Default>1</Default>
</Parameter>

<Parameter name="TREATEMPTYREPEATINGFIELDASNULL">
<Default>0</Default>
</Parameter>

<XData name="DTL">
<XMLNamespace>http://www.intersystems.com/dtl</XMLNamespace>
<Data><![CDATA[
<transform sourceClass='EnsLib.HL7.Message' targetClass='Ens.StreamContainer' sourceDocType='2.5:ORU_R01' create='new' language='objectscript' >
<code>
<![CDATA[ do source.GetFieldStreamBase64(.tmpStream,"PIDgrpgrp(1).ORCgrp(1).OBXgrp(1).OBX:5.5")
 do target.StreamSet(tmpStream)
]]]]><![CDATA[></code>
<assign value='$EXTRACT(source.{PIDgrpgrp(1).ORCgrp(1).OBR:ObservationDateTime.Time},1,8)_"."_$EXTRACT(source.{PIDgrpgrp(1).ORCgrp(1).OBR:ObservationDateTime.Time},9,15)_"."_source.{PIDgrpgrp(1).PIDgrp.PID:PatientIdentifierList(1).IDNumber}_"."_source.{PIDgrpgrp(1).PIDgrp.PV1grp.PV1:VisitNumber.IDNumber}_".pdf"' property='target.OriginalFilename' action='set' />
</transform>
]]></Data>
</XData>
</Class>


<Class name="Sample.ASC.PDF.DTL.PDFtoHL7">
<Super>Ens.DataTransformDTL</Super>
<TimeChanged>64750,43199.271622</TimeChanged>
<TimeCreated>64750,37295.532295</TimeCreated>
<DependsOn>Ens.StreamContainer,EnsLib.HL7.Message</DependsOn>

<Parameter name="IGNOREMISSINGSOURCE">
<Default>1</Default>
</Parameter>

<Parameter name="REPORTERRORS">
<Default>1</Default>
</Parameter>

<Parameter name="TREATEMPTYREPEATINGFIELDASNULL">
<Default>0</Default>
</Parameter>

<XData name="DTL">
<XMLNamespace>http://www.intersystems.com/dtl</XMLNamespace>
<Data><![CDATA[
<transform sourceClass='Ens.StreamContainer' targetClass='EnsLib.HL7.Message' targetDocType='2.5:ORU_R01' create='new' language='objectscript' >
<if condition='source.OriginalFilename["/"' >
<annotation>Get only the filename, depending on OS path separator (&quot;/&quot; vs &quot;\&quot;)</annotation>
<true>
<assign value='..Piece(source.OriginalFilename,"/","*")' property='tmpFileName' action='set' />
</true>
<false>
<assign value='..Piece(source.OriginalFilename,"\","*")' property='tmpFileName' action='set' />
</false>
</if>
<assign value='"MSH|^~\&amp;||PDFFILE|||||ORU^R01|||2.5"' property='target.{MSH}' action='set' />
<assign value='"1"' property='target.{PIDgrpgrp().PIDgrp.PID:SetIDPID}' action='set' />
<assign value='..Piece(tmpFileName,".",3)' property='target.{PIDgrpgrp(1).PIDgrp.PID:PatientIdentifierList(1).IDNumber}' action='set' />
<assign value='"AUSGH"' property='target.{PIDgrpgrp(1).PIDgrp.PID:PatientIdentifierList(1).AssigningAuthority}' action='set' />
<assign value='"MR"' property='target.{PIDgrpgrp(1).PIDgrp.PID:PatientIdentifierList(1).IdentifierTypeCode}' action='set' />
<assign value='"1"' property='target.{PIDgrpgrp(1).PIDgrp.PV1grp.PV1:SetIDPV1}' action='set' />
<assign value='..Piece(tmpFileName,".",4)' property='target.{PIDgrpgrp(1).PIDgrp.PV1grp.PV1:VisitNumber.IDNumber}' action='set' />
<assign value='..Piece(tmpFileName,".",1)_..SubString(..Piece(tmpFileName,".",2),1,6)' property='target.{PIDgrpgrp(1).ORCgrp(1).ORC:DateTimeofTransaction.Time}' action='set' />
<assign value='..Piece(tmpFileName,".",1)_..SubString(..Piece(tmpFileName,".",2),1,6)' property='target.{PIDgrpgrp(1).ORCgrp(1).OBR:ObservationDateTime.Time}' action='set' />
<assign value='"1"' property='target.{PIDgrpgrp(1).ORCgrp(1).OBR:SetIDOBR}' action='set' />
<assign value='"S"' property='target.{PIDgrpgrp(1).ORCgrp(1).OBR:ObservationDateTime.DegreeofPrecision}' action='set' />
<assign value='"S"' property='target.{PIDgrpgrp(1).ORCgrp(1).ORC:DateTimeofTransaction.DegreeofPrecision}' action='set' />
<assign value='"1"' property='target.{PIDgrpgrp(1).ORCgrp(1).ORC:OrderControl}' action='set' />
<assign value='"1"' property='target.{PIDgrpgrp(1).ORCgrp(1).OBXgrp(1).OBX:SetIDOBX}' action='set' />
<assign value='"ED"' property='target.{PIDgrpgrp(1).ORCgrp(1).OBXgrp(1).OBX:ValueType}' action='set' />
<assign value='"^^PDF^Base64^"' property='target.{PIDgrpgrp(1).ORCgrp(1).OBXgrp(1).OBX:ObservationValue(1)}' action='set' />
<code>
<![CDATA[ do target.StoreFieldStreamBase64(source.Stream,"PIDgrpgrp(1).ORCgrp(1).OBXgrp(1).OBX:5.5")]]]]><![CDATA[></code>
</transform>
]]></Data>
</XData>
</Class>


<Class name="Sample.ASC.PDF.Production">
<Super>Ens.Production</Super>
<TimeChanged>64750,44560.031333</TimeChanged>
<TimeCreated>64750,36403.832064</TimeCreated>

<XData name="ProductionDefinition">
<Data><![CDATA[
<Production Name="Sample.ASC.PDF.Production" LogGeneralTraceEvents="false">
  <Description></Description>
  <ActorPoolSize>2</ActorPoolSize>
  <Item Name="PDF.In.File" Category="" ClassName="EnsLib.File.PassthroughService" PoolSize="1" Enabled="true" Foreground="false" Comment="Provide a PDF and will output an ORU_R01 with the PDF in OBX:5.5." LogTraceEvents="false" Schedule="">
    <Setting Target="Adapter" Name="FilePath">C:\Integration\HL7\In</Setting>
    <Setting Target="Host" Name="TargetConfigNames">PDFtoHL7.Router</Setting>
    <Setting Target="Adapter" Name="FileSpec">*.pdf</Setting>
  </Item>
  <Item Name="HL7.Out.File" Category="" ClassName="EnsLib.HL7.Operation.FileOperation" PoolSize="1" Enabled="true" Foreground="false" Comment="" LogTraceEvents="false" Schedule="">
    <Setting Target="Adapter" Name="FilePath">C:\Integration\HL7\Out</Setting>
    <Setting Target="Host" Name="Filename">%Q%!+(_a).hl7</Setting>
  </Item>
  <Item Name="PDFtoHL7.Router" Category="" ClassName="EnsLib.MsgRouter.RoutingEngine" PoolSize="1" Enabled="true" Foreground="false" Comment="" LogTraceEvents="false" Schedule="">
    <Setting Target="Host" Name="Validation"></Setting>
    <Setting Target="Host" Name="BusinessRuleName">PDFtoHL7.RouterRoutingRule</Setting>
  </Item>
  <Item Name="PDF.Out.File" Category="" ClassName="EnsLib.File.PassthroughOperation" PoolSize="1" Enabled="true" Foreground="false" Comment="" LogTraceEvents="false" Schedule="">
    <Setting Target="Host" Name="Filename">%f</Setting>
    <Setting Target="Adapter" Name="FilePath">C:\Integration\HL7\Out</Setting>
  </Item>
  <Item Name="HL7toPDF.Router" Category="" ClassName="EnsLib.MsgRouter.RoutingEngine" PoolSize="1" Enabled="true" Foreground="false" Comment="" LogTraceEvents="false" Schedule="">
    <Setting Target="Host" Name="Validation"></Setting>
    <Setting Target="Host" Name="BusinessRuleName">HL7toPDF.RouterRoutingRule</Setting>
  </Item>
  <Item Name="HL7.In.File" Category="" ClassName="EnsLib.HL7.Service.FileService" PoolSize="1" Enabled="true" Foreground="false" Comment="Provide an HL7 message with a PDF in OBX:5.5 of an ORU_R01 and will output the PDF." LogTraceEvents="false" Schedule="">
    <Setting Target="Host" Name="MessageSchemaCategory">2.5</Setting>
    <Setting Target="Host" Name="TargetConfigNames">HL7toPDF.Router</Setting>
    <Setting Target="Adapter" Name="FilePath">C:\Integration\HL7\In</Setting>
    <Setting Target="Adapter" Name="ArchivePath"></Setting>
    <Setting Target="Adapter" Name="FileSpec">*.hl7</Setting>
  </Item>
</Production>
]]></Data>
</XData>
</Class>


<Document name="EnsExportNotes.EnsExportProduction_2018-04-12 16-24-39_011-4.PTD"><ProjectTextDocument name="EnsExportNotes.EnsExportProduction_2018-04-12 16-24-39_011-4" description="Export Notes for export EnsExportProduction_2018-04-12 16-24-39_011-4">
<![CDATA[<Deployment>
<Creation>
<Machine>MMUNDTWIN10VM.ISCINTERNAL.COM</Machine>
<Instance>HC1702</Instance>
<Namespace>ASCPDF</Namespace>
<SourceProduction>Sample.ASC.PDF.Production</SourceProduction>
<Username>SuperUser</Username>
<UTC>2018-04-12 20:25:21.220</UTC>
</Creation>
<Notes>
</Notes>
<Contents>
<ExportProject>EnsExportProduction_2018-04-12 16-24-39_011-4</ExportProject>
<Item num="1">HL7toPDF.RouterRoutingRule.CLS</Item>
<Item num="2">PDFtoHL7.RouterRoutingRule.CLS</Item>
<Item num="3">Sample.ASC.PDF.DTL.HL7toPDF.CLS</Item>
<Item num="4">Sample.ASC.PDF.DTL.PDFtoHL7.CLS</Item>
<Item num="5">Sample.ASC.PDF.Production.CLS</Item>
</Contents>
<ProductionClassInExport>Sample.ASC.PDF.Production</ProductionClassInExport>
</Deployment>

]]></ProjectTextDocument>
</Document></Export>
