<?xml version="1.0" encoding="UTF-8"?>
<Export generator="Cache" version="24" zv="Cache for Windows (x86-32) 2010.2 (Build 356U)" ts="2010-08-13 15:04:31">
<Class name="SingleToManyHL7.SingleToManyHL7BPL">
<ClassType>persistent</ClassType>
<ProcedureBlock>1</ProcedureBlock>
<Super>Ens.BusinessProcessBPL</Super>
<TimeChanged>61780,49661.831308</TimeChanged>
<TimeCreated>61705,70415.881906</TimeCreated>

<XData name="BPL">
<Description>
BPL Definition</Description>
<XMLNamespace>http://www.intersystems.com/bpl</XMLNamespace>
<Data><![CDATA[
<process language='objectscript' request='Ens.Request' response='Ens.Response' height='2000' width='2000' >
<context>
<property name='ORCCounter' type='%Integer' />
<property name='hl7Out' type='EnsLib.HL7.Message' />
</context>
<sequence xend='547' yend='353' >
<foreach name='foreachORCSegment' property='request.{ORCgrp()}' key='context.ORCCounter' xpos='588' ypos='304' xend='550' yend='500' >

<transform name='Transform to Single ORC' class='SingleToManyHL7.SingleToManyHL7DTL' source='request' target='context.hl7Out' xpos='550' ypos='500' />

<call name='OutputSingleHL7' target='HL7FileOutbound' async='1' xpos='550' ypos='300' >
<annotation>OutputCollection</annotation>
<request type='EnsLib.HL7.Message' >
<assign property='callrequest' value='context.hl7Out' action='set' />
</request>
<response type='EnsLib.HL7.Message' >
<assign property='response' value='callresponse' action='set' />
</response>
</call>

<code name='hang one second' xpos='550' ypos='700' >
<![CDATA[	

	hang 1

]]]]><![CDATA[>
</code>

</foreach>
</sequence>
</process>
]]></Data>
</XData>

<Storage name="Default">
<Type>%Library.CacheStorage</Type>
</Storage>
</Class>


<Class name="SingleToManyHL7.SingleToManyHL7DTL">
<ClassType/>
<ProcedureBlock>1</ProcedureBlock>
<Super>Ens.DataTransformDTL</Super>
<TimeChanged>61705,72497.308844</TimeChanged>
<TimeCreated>61705,70100.395471</TimeCreated>

<XData name="DTL">
<XMLNamespace>http://www.intersystems.com/dtl</XMLNamespace>
<Data><![CDATA[
<?xml version="1.0" ?>
<transform targetClass='EnsLib.HL7.Message' targetDocType='SingleToManyHL7:ORU_R01' sourceClass='EnsLib.HL7.Message' sourceDocType='SingleToManyHL7:ORU_R01' create='new' language='objectscript'>
<assign property='target.{MSH}' value='source.{MSH}' action='set'/>
<assign property='target.{PIDgrp}' value='source.{PIDgrp}' action='set'/>
<assign property='target.{ORCgrp(1)}' value='source.{ORCgrp(context.ORCCounter)}' action='set'/>
<assign property='target.{DSC}' value='source.{DSC}' action='set'/>
<assign property='target.{ORCgrp(1).OBR:SetIDObservationRequest}' value='((source.{ORCgrp(context.ORCCounter).OBR:SetIDObservationRequest})-((context.ORCCounter)-1))' action='set'/>
</transform>
]]></Data>
</XData>
</Class>


<Class name="SingleToManyHL7.SingleToManyHL7Prod">
<ProcedureBlock>1</ProcedureBlock>
<Super>Ens.Production</Super>
<TimeChanged>61705,70798.946092</TimeChanged>
<TimeCreated>61705,69245.456422</TimeCreated>

<XData name="ProductionDefinition">
<Data><![CDATA[
<Production Name="SingleToManyHL7.SingleToManyHL7Prod" LogGeneralTraceEvents="false">
  <Description>NewProduction</Description>
  <ActorPoolSize>2</ActorPoolSize>
  <Item Name="HL7FileOutbound" Category="" ClassName="EnsLib.HL7.Operation.FileOperation" PoolSize="1" Enabled="true" Foreground="false" InactivityTimeout="0" Comment="" LogTraceEvents="false" Schedule="">
    <Setting Target="Host" Name="Filename">output%T%N.txt</Setting>
    <Setting Target="Host" Name="AutoBatchParentSegs">0</Setting>
    <Setting Target="Host" Name="Separators"><![CDATA[|^~\&]]]]><![CDATA[></Setting>
    <Setting Target="Host" Name="SearchTableClass"></Setting>
    <Setting Target="Host" Name="DefCharEncoding">Latin1</Setting>
    <Setting Target="Host" Name="ReplyCodeActions"></Setting>
    <Setting Target="Host" Name="RetryInterval">5</Setting>
    <Setting Target="Host" Name="AlertRetryGracePeriod">0</Setting>
    <Setting Target="Host" Name="FailureTimeout">-1</Setting>
    <Setting Target="Host" Name="AlertOnError">0</Setting>
    <Setting Target="Host" Name="ArchiveIO">0</Setting>
    <Setting Target="Host" Name="Framing">AsciiLF</Setting>
    <Setting Target="Adapter" Name="FilePath">c:\Integration\HL7\Out\</Setting>
    <Setting Target="Adapter" Name="Overwrite">0</Setting>
    <Setting Target="Adapter" Name="Charset">Default</Setting>
    <Setting Target="Adapter" Name="OpenTimeout">5</Setting>
  </Item>
  <Item Name="SingleToManyHL7BPL" Category="" ClassName="SingleToManyHL7.SingleToManyHL7BPL" PoolSize="0" Enabled="true" Foreground="false" InactivityTimeout="0" Comment="" LogTraceEvents="false" Schedule="">
  </Item>
  <Item Name="HL7FileInput" Category="" ClassName="EnsLib.HL7.Service.FileService" PoolSize="1" Enabled="true" Foreground="false" InactivityTimeout="0" Comment="" LogTraceEvents="false" Schedule="">
    <Setting Target="Host" Name="AckTargetConfigNames"></Setting>
    <Setting Target="Host" Name="Framing">Flexible</Setting>
    <Setting Target="Host" Name="TargetConfigNames">SingleToManyHL7BPL</Setting>
    <Setting Target="Host" Name="SearchTableClass">EnsLib.HL7.SearchTable</Setting>
    <Setting Target="Host" Name="LocalFacilityApplication">ISC:EnsembleHL7</Setting>
    <Setting Target="Host" Name="AckMode">Never</Setting>
    <Setting Target="Host" Name="UseAckCommitCodes">1</Setting>
    <Setting Target="Host" Name="IgnoreInboundAck">1</Setting>
    <Setting Target="Host" Name="AddNackERR">0</Setting>
    <Setting Target="Host" Name="NackErrorCode">ContentE</Setting>
    <Setting Target="Host" Name="BatchHandling">1Session</Setting>
    <Setting Target="Host" Name="MessageSchemaCategory">SingleToManyHL7</Setting>
    <Setting Target="Host" Name="DefCharEncoding">Latin1</Setting>
    <Setting Target="Host" Name="AlertGracePeriod">0</Setting>
    <Setting Target="Host" Name="AlertOnError">0</Setting>
    <Setting Target="Host" Name="ArchiveIO">0</Setting>
    <Setting Target="Adapter" Name="FilePath">c:\Integration\HL7\In\</Setting>
    <Setting Target="Adapter" Name="FileSpec">*.txt</Setting>
    <Setting Target="Adapter" Name="ArchivePath"></Setting>
    <Setting Target="Adapter" Name="WorkPath"></Setting>
    <Setting Target="Adapter" Name="Charset">Default</Setting>
    <Setting Target="Adapter" Name="FileAccessTimeout">10</Setting>
    <Setting Target="Adapter" Name="AppendTimestamp"></Setting>
    <Setting Target="Adapter" Name="CallInterval">5</Setting>
  </Item>
</Production>
]]></Data>
</XData>
</Class>


<Project name="SingleToManyProj" LastModified="2010-08-13 15:03:44">
  <ProjectDescription><![CDATA[Studio Project generated from Production 'SingleToManyHL7.SingleToManyHL7Prod']]></ProjectDescription>
  <Items>
    <ProjectItem name="SingleToManyHL7.HL7" type="HL7"/>
    <ProjectItem name="SingleToManyHL7.SingleToManyHL7BPL" type="CLS"/>
    <ProjectItem name="SingleToManyHL7.SingleToManyHL7DTL" type="CLS"/>
    <ProjectItem name="SingleToManyHL7.SingleToManyHL7Prod" type="CLS"/>
  </Items>
</Project>


<Document name="SingleToManyHL7.HL7">
<Category name="SingleToManyHL7" base="2.3">

<MessageType name='ORU_R01' structure='ORU_R01' returntype='base:ACK_R01'/>

<MessageStructure name='ORU_R01' definition='base:MSH~[~base:PID~[~base:PD1~]~[~{~base:NTE~}~]~[~base:PV1~[~base:PV2~]~]~]~{~[~base:ORC~]~base:OBR~[~{~base:NTE~}~]~[~{~[~base:OBX~]~[~{~base:NTE~}~]~}~[~{~base:CTI~}~]~]~}~[~base:DSC~]'/>

</Category>
</Document></Export>
