<?xml version="1.0" encoding="UTF-8"?>
<Export generator="Cache" version="24" zv="Cache for Windows (x86-64) 2010.2.2 (Build 600U)" ts="2011-03-02 15:06:58">
<Class name="SQLToHL7.FromSQLBS">
<ProcedureBlock>1</ProcedureBlock>
<Super>Ens.BusinessService</Super>
<TimeChanged>62152,54018.328858</TimeChanged>
<TimeCreated>61705,83493.678282</TimeCreated>

<Parameter name="ADAPTER">
<Default>EnsLib.SQL.InboundAdapter</Default>
</Parameter>

<Method name="OnProcessInput">
<FormalSpec>pInput:EnsLib.SQL.Snapshot,pOutput:%RegisteredObject</FormalSpec>
<ReturnType>%Status</ReturnType>
<Implementation><![CDATA[
 //Create message to store data from database
 set req=##class(SQLToHL7.SQLReq).%New()
 //Populate message with data originally from database
 set req.Name=pInput.Get("Name")
 set req.Address1=pInput.Get("Address1")
 set req.Address2=pInput.Get("Address2")
 set req.City=pInput.Get("City")
 set req.State=pInput.Get("State")
 set req.Zip=pInput.Get("Zip")
 //Send message to Message Router to eventually be put in an HL7 message
 set tSc=..SendRequestAsync("MsgRouter",req)

 quit tSc
]]></Implementation>
</Method>
</Class>




<Class name="SQLToHL7.SQLReq">
<Super>Ens.Request</Super>
<TimeChanged>61705,83249.110254</TimeChanged>
<TimeCreated>61705,83248.850333</TimeCreated>

<Property name="Name">
<Type>%String</Type>
</Property>

<Property name="Address1">
<Type>%String</Type>
</Property>

<Property name="Address2">
<Type>%String</Type>
</Property>

<Property name="City">
<Type>%String</Type>
</Property>

<Property name="State">
<Type>%String</Type>
</Property>

<Property name="Zip">
<Type>%String</Type>
</Property>

<Storage name="Default">
<Type>%Library.CacheStorage</Type>
<DefaultData>SQLReqDefaultData</DefaultData>
<Data name="SQLReqDefaultData">
<Structure>listnode</Structure>
<Subscript>"SQLReq"</Subscript>
<Value name="1">
<Value>Name</Value>
</Value>
<Value name="2">
<Value>Address1</Value>
</Value>
<Value name="3">
<Value>Address2</Value>
</Value>
<Value name="4">
<Value>City</Value>
</Value>
<Value name="5">
<Value>State</Value>
</Value>
<Value name="6">
<Value>Zip</Value>
</Value>
</Data>
</Storage>
</Class>


<Class name="SQLToHL7.SQLToHL7DTL">
<ClassType/>
<ProcedureBlock>1</ProcedureBlock>
<Super>Ens.DataTransformDTL</Super>
<TimeChanged>62152,53266</TimeChanged>
<TimeCreated>61705,83470.067576</TimeCreated>

<XData name="DTL">
<XMLNamespace>http://www.intersystems.com/dtl</XMLNamespace>
<Data><![CDATA[
<?xml version="1.0" ?>
<transform targetClass='EnsLib.HL7.Message' targetDocType='2.2:ADT_A01' sourceClass='SQLToHL7.SQLReq' create='new' language='objectscript'>
<assign property='target.{MSH}' value='"MSH|^~\&amp;|FOCUS 2000 ver.4.3.12|4370|eTLAB|test|20080624133634||ADT^A01|200806241336340801|P|2.2|1||||||"' action='set'/>
<assign property='target.{EVN}' value='"EVN|A01|200811241212||1"' action='set'/>
<assign property='target.{PID}' value='"PID|1|1000027800||1927|TEST PATIENT^||19400102|F||B|169 MY ST^^CITYGOESHERE^MI^12345||(123)456-3604|(000)000-0000||M||4370|999-99-9999||||||||||"' action='set'/>
<assign property='target.{PV1}' value='"PV1|1|ES|test||||622^OO^THAN^^^^^P^^G23140^^^|^^^^^^^^^999999^^^|^^^^^^^^^999999^^^|I||||||||A||||||||||||||||||||||||||19990607||||||||"' action='set'/>
<assign property='target.{IN1grp(1).IN1}' value='"IN1|1|4567|FXYZ-JKLQ001|MEDICARE|P O BOX 3112^^MILWAUKEE^WI^53201--3112||(555)111-2222|||||||||TEST PATIENT^|SE||^^^^|||||||||||||||||112233445B|||||||F|"' action='set'/>
<assign property='target.{PID:PatientName.familiyname}' value='source.Name' action='set'/>
<assign property='target.{PID:PatientAddress(1).otherdesignation}' value='source.Address1_" "_source.Address2' action='set'/>
<assign property='target.{PID:PatientAddress(1).city}' value='source.City' action='set'/>
<assign property='target.{PID:PatientAddress(1).stateorprovince}' value='source.State' action='set'/>
<assign property='target.{PID:PatientAddress(1).ziporpostalcode}' value='source.Zip' action='set'/>
</transform>
]]></Data>
</XData>
</Class>


<Class name="SQLToHL7.SQLtoHL7Production">
<ProcedureBlock>1</ProcedureBlock>
<Super>Ens.Production</Super>
<TimeChanged>62152,54312.171537</TimeChanged>
<TimeCreated>61705,83516.127825</TimeCreated>

<XData name="ProductionDefinition">
<Data><![CDATA[
<Production Name="SQLToHL7.SQLtoHL7Production" TestingEnabled="false" LogGeneralTraceEvents="false">
  <Description>NewProduction</Description>
  <ActorPoolSize>2</ActorPoolSize>
  <Setting Target="Production" Name="ShutdownTimeout">10</Setting>
  <Item Name="MsgRouter" Category="" ClassName="EnsLib.MsgRouter.RoutingEngine" PoolSize="1" Enabled="true" Foreground="false" InactivityTimeout="0" Comment="This handles message routing logic." LogTraceEvents="false" Schedule="">
    <Setting Target="Host" Name="BusinessRuleName">SQLToHL7.RoutingRule</Setting>
  </Item>
  <Item Name="HL7FileOperation" Category="" ClassName="EnsLib.HL7.Operation.FileOperation" PoolSize="1" Enabled="true" Foreground="false" InactivityTimeout="0" Comment="This is a default HL7 File Operation." LogTraceEvents="false" Schedule="">
    <Setting Target="Host" Name="Filename">SQLtoHL7output.txt</Setting>
    <Setting Target="Host" Name="AutoBatchParentSegs">0</Setting>
    <Setting Target="Host" Name="Separators"><![CDATA[|^~\&]]]]><![CDATA[></Setting>
    <Setting Target="Host" Name="SearchTableClass"></Setting>
    <Setting Target="Host" Name="DefCharEncoding">Latin1</Setting>
    <Setting Target="Host" Name="ReplyCodeActions"></Setting>
    <Setting Target="Host" Name="RetryInterval">5</Setting>
    <Setting Target="Host" Name="AlertRetryGracePeriod">0</Setting>
    <Setting Target="Host" Name="FailureTimeout">-1</Setting>
    <Setting Target="Host" Name="AlertOnError">0</Setting>
    <Setting Target="Host" Name="ArchiveIO">0</Setting>
    <Setting Target="Host" Name="Framing">AsciiLF</Setting>
    <Setting Target="Adapter" Name="FilePath">c:\Integration\HL7\Out</Setting>
    <Setting Target="Adapter" Name="Overwrite">0</Setting>
    <Setting Target="Adapter" Name="Charset">Default</Setting>
    <Setting Target="Adapter" Name="OpenTimeout">5</Setting>
  </Item>
  <Item Name="SQLToHL7.FromSQLBS" Category="" ClassName="SQLToHL7.FromSQLBS" PoolSize="1" Enabled="true" Foreground="false" InactivityTimeout="0" Comment="" LogTraceEvents="false" Schedule="">
    <Setting Target="Host" Name="AlertGracePeriod">0</Setting>
    <Setting Target="Host" Name="AlertOnError">0</Setting>
    <Setting Target="Host" Name="ArchiveIO">0</Setting>
    <Setting Target="Adapter" Name="Query">select Name,Address1,Address2,City,State,Zip,UID from PatientTable</Setting>
    <Setting Target="Adapter" Name="Parameters"></Setting>
    <Setting Target="Adapter" Name="DeleteQuery"></Setting>
    <Setting Target="Adapter" Name="KeyFieldName">UID</Setting>
    <Setting Target="Adapter" Name="CallInterval">5</Setting>
    <Setting Target="Adapter" Name="DSN">SQLToHL7DB</Setting>
    <Setting Target="Adapter" Name="Credentials"></Setting>
    <Setting Target="Adapter" Name="JDBCDriver"></Setting>
    <Setting Target="Adapter" Name="JDBCClasspath"></Setting>
    <Setting Target="Adapter" Name="ConnectionAttributes"></Setting>
    <Setting Target="Adapter" Name="JGService"></Setting>
    <Setting Target="Adapter" Name="StayConnected">-1</Setting>
  </Item>
</Production>
]]></Data>
</XData>
</Class>


<Project name="SQLToHL7Proj" LastModified="2011-03-02 14:58:50">
  <Items>
    <ProjectItem name="SQLToHL7" type="PKG"/>
    <ProjectItem name="SQLToHL7.RoutingRule.RUL" type="RUL"/>
  </Items>
</Project>


<Document name="SQLToHL7.RoutingRule.RUL"><routingRule host="SQLToHL7" name="RoutingRule" effectiveBeginDateTime="" effectiveEndDateTime="" context="EnsLib.MsgRouter.RoutingEngine" doAll="false" source="" msgClass="EnsLib.HL7.Message" docName="" docCategory="" docType="">
  <FullName>RoutingRule</FullName>
  <description></description>
  <reportGroup></reportGroup>
  <reportName></reportName>
  <shortDescription></shortDescription>
  <rule source="SQLToHL7.FromSQLBS" msgClass="SQLToHL7.SQLReq" docName="" docCategory="" docType="">
    <action type="send" target="HL7FileOperation" transform="SQLToHL7.SQLToHL7DTL"></action>
  </rule>
</routingRule>
</Document></Export>
