<QUPA_IN101103>
	<id extension="1001" root="2.16.528.1.1007.3.2.2.233"/>
	<creationTime value="20040719140000"/>
	<versionCode code="NICTIZEd2005-Okt"/>
	<!-- Interactie is query find candidates (QUPA_IN101103). Dit is een HL7 interne code, de OID is die van de HL7 organisatie zelf -->
	<interactionId extension="QUPA_IN101103" root="2.16.840.1.113883"/>
	<!-- Productie berichten, geen acknowledgement berichten -->
	<processingCode code="P"/>
	<processingModeCode code="T"/>
	<acceptAckCode code="ER"/>
	<receiver>
		<telecom use="WP" value="tel:+31299324874"/>
		<device>
			<!-- De ontvanger van dit bericht is de ZIM.  De ontvangende logische softwaremodule is de applicatie van de ZIM. -->
			<id extension="000900478" root="2.16.528.1.1007.3.2"/>
			<name use="L">
				<given>ZIM Systeeem regio Utrecht</given>
			</name>
		</device>
	</receiver>
	<sender>
		<telecom use="WP" value="tel:+31307236354"/>
		<device>
			<!-- sending application, ID of sending system -->
			<id extension="1" root="2.16.528.1.1007.3.2"/>
			<name use="L">
				<given>ABC-HIS Goodhope Hospital</given>
			</name>
		</device>
	</sender>
	<ControlActProcess moodCode="EVN">
		<effectiveTime value="20040719135956"/>
		<!-- de auteur van de vraag, een persoon (en/of zijn organisatie) -->
		<authorOrPerformer typeCode="AUT">
			<participant>
				<AssignedPerson>
					<id extension="000120450" root="2.16.528.1.1007.3.1"/>
					<Organization>
						<id extension="00304845" root="2.16.528.1.1007.3.2"/>
					</Organization>
				</AssignedPerson>
			</participant>
		</authorOrPerformer>
		<reasonOf>
			<justifiedDetectedIssue>
				<code code="QNAT" codeSystem="2.16.840.1.113883.2.4.5.4" codeSystemName="ActCodeNL"/>
				<targetOf>
					<source moodCode="DEF">
						<code code="EMAUTH" codeSystem="2.16.840.1.113883.2.4.5.4" codeSystemName="ActCodeNL"/>
					</source>
				</targetOf>
			</justifiedDetectedIssue>
		</reasonOf>
		<!-- De query informatie -->
		<queryByParameter>
			<queryId extension="5523264" root="2.16.528.1.1007.3.2.400893.15"/>
			<statusCode code="new"/>
			<!--	De diverse query parameters -->
			<person.addr>
				<value>
					<postalCode>1200 BR</postalCode>
				</value>
				<semanticsText>Person.addr</semanticsText>
			</person.addr>
			<person.birthTime>
				<value>
					<center value="19750103"/>
				</value>
				<semanticsText>Person.birthTime</semanticsText>
			</person.birthTime>
		</queryByParameter>
	</ControlActProcess>
</QUPA_IN101103>