<?xml version="1.0" encoding="UTF-8"?>
<Export generator="Cache" version="24" zv="Cache for Windows (x86-64) 2010.2.2 (Build 600U)" ts="2011-03-01 15:29:35">
<Class name="ClassDemo.FromFileTOTCPProd">
<ProcedureBlock>1</ProcedureBlock>
<Super>Ens.Production</Super>
<TimeChanged>62151,55523.012656</TimeChanged>
<TimeCreated>61705,73307.493671</TimeCreated>

<XData name="ProductionDefinition">
<Data><![CDATA[
<Production Name="ClassDemo.FromFileTOTCPProd" TestingEnabled="false" LogGeneralTraceEvents="false">
  <Description>NewProduction</Description>
  <ActorPoolSize>2</ActorPoolSize>
  <Setting Target="Production" Name="ShutdownTimeout">10</Setting>
  <Item Name="To_OtherProduction_TCP" Category="" ClassName="EnsLib.HL7.Operation.TCPOperation" PoolSize="1" Enabled="true" Foreground="false" InactivityTimeout="0" Comment="" LogTraceEvents="false" Schedule="">
    <Setting Target="Host" Name="ReplyCodeActions"></Setting>
    <Setting Target="Host" Name="ArchiveIO">1</Setting>
    <Setting Target="Adapter" Name="IPAddress">127.0.0.1</Setting>
    <Setting Target="Adapter" Name="Port">55555</Setting>
  </Item>
  <Item Name="From_File" Category="" ClassName="EnsLib.HL7.Service.FileService" PoolSize="1" Enabled="true" Foreground="false" InactivityTimeout="0" Comment="" LogTraceEvents="false" Schedule="">
    <Setting Target="Host" Name="TargetConfigNames">To_OtherProduction_TCP</Setting>
    <Setting Target="Host" Name="MessageSchemaCategory">2.3.1</Setting>
    <Setting Target="Adapter" Name="FilePath">c:\Integration\HL7\in</Setting>
    <Setting Target="Adapter" Name="FileSpec">*.txt</Setting>
    <Setting Target="Adapter" Name="ArchivePath"></Setting>
  </Item>
</Production>
]]></Data>
</XData>
</Class>
</Export>
