<?xml version="1.0" encoding="UTF-8"?>
<Export generator="Cache" version="25" zv="Cache for UNIX (Apple Mac OS X for x86-64) 2016.2 (Build 736U)" ts="2016-12-13 16:26:09">
<Class name="Hospital.REST">
<Super>%CSP.REST</Super>
<TimeChanged>64265,56014.282965</TimeChanged>
<TimeCreated>63980,60904.95882</TimeCreated>

<XData name="UrlMap">
<XMLNamespace>http://www.intersystems.com/urlmap</XMLNamespace>
<Data><![CDATA[
<Routes>

<Route Url="/patientinfo/:PatientID" Method="GET" Call="GetPatientInfo" Cors="true"/>

</Routes>
]]></Data>
</XData>

<Method name="GetPatientInfo">
<ClassMethod>1</ClassMethod>
<FormalSpec>PatientID:%Integer</FormalSpec>
<ReturnType>%Status</ReturnType>
<Implementation><![CDATA[
	set tSC = $$$OK
	try {
		//Instantiate business service
		set tSC = ##class(Ens.Director).CreateBusinessService("Hospital.RESTService",.tService)
		
		$$$ThrowOnError(tSC)
		
		//Pass along input from url to ProcessInput.
		set request = ##class(Ens.StringContainer).%New()
		set request.StringValue = PatientID
		set tSC = tService.ProcessInput(request, .output)
		
		$$$ThrowOnError(tSC)
		
	    do %response.SetHeader("ContentType", "application/json")
	    
	    #Dim output As %Library.DynamicObject
	    
	    //Convert dynamic object to JSON and write to response object
	    write output.%ToJSON()
	}
	catch ex {
		set tSC = ex.AsStatus()
	}
	return tSC
]]></Implementation>
</Method>
</Class>


<Class name="Hospital.RESTOperation">
<Super>Ens.BusinessOperation</Super>
<TimeChanged>64265,57091.819916</TimeChanged>
<TimeCreated>63938,57901.915852</TimeCreated>

<Parameter name="ADAPTER">
<Default>EnsLib.HTTP.OutboundAdapter</Default>
</Parameter>

<Property name="Adapter">
<Type>EnsLib.HTTP.OutboundAdapter</Type>
</Property>

<Parameter name="INVOCATION">
<Default>Queue</Default>
</Parameter>

<Method name="TestRest">
<FormalSpec>pRequest:Hospital.PatientInfoRequest,*pResponse:Hospital.PatientInfoResponse</FormalSpec>
<ReturnType>%Status</ReturnType>
<Implementation><![CDATA[
	set tSC = $$$OK
	try {
		set tURL = $$$URLENCODE(..Adapter.URL _ "/" _ pRequest.PatientID)
		
		set tSC = ..Adapter.GetURL(tURL,.tHttpResponse)
		
		$$$ThrowOnError(tSC)
		
		#dim tHttpResponse as %Net.HttpResponse
		set tObj = ##class(%DynamicObject).%FromJSON(tHttpResponse.Data)
		
		set pResponse = ##class(Hospital.PatientInfoResponse).%New()
		
		set pResponse.CreditRating = tObj.CreditRating
		set pResponse.PatientName = tObj.Name
		set pResponse.PatientHomePhone = tObj.Phone
		
		if tObj.InsuranceCompany = "" {
			set pResponse.InsuranceCompany = ""
			set pResponse.IsInsured = 0
		}
		else {
			set pResponse.InsuranceCompany = tObj.InsuranceCompany
			set pResponse.IsInsured = 1
		}
	}
	catch ex {
		set tSC = ex.AsStatus()
	}
	
	return tSC
]]></Implementation>
</Method>

<XData name="MessageMap">
<Data><![CDATA[
<MapItems>
	<MapItem MessageType="Hospital.PatientInfoRequest"> 
		<Method>TestRest</Method>
	</MapItem>
</MapItems>
]]></Data>
</XData>
</Class>


<Class name="Hospital.RESTService">
<Super>Ens.BusinessService</Super>
<TimeChanged>64265,54838.502959</TimeChanged>
<TimeCreated>63980,61658.282447</TimeCreated>

<Method name="OnProcessInput">
<FormalSpec>pInput:Ens.StringContainer,*pOutput:%RegisteredObject</FormalSpec>
<ReturnType>%Status</ReturnType>
<Implementation><![CDATA[
	set tSC = $$$OK
	try {
		set tRequest = ##class(Hospital.PatientInfoRequest).%New()
		
		set tRequest.PatientID = pInput.StringValue
		
		set tSC = ..SendRequestSync("Hospital.PatientDatabaseOperation", tRequest, .tResponse)
		
		$$$ThrowOnError(tSC)
		
		#Dim tResponse as Hospital.PatientInfoResponse
		
		//Create Dynamic Object to be returned
		set pOutput = {}
	    set pOutput.Name = tResponse.PatientName
	    set pOutput.Phone = tResponse.PatientHomePhone
	    set pOutput.CreditRating = tResponse.CreditRating
	    
	    if tResponse.IsInsured '= "" {
	    	set pOutput.InsuranceCompany = tResponse.InsuranceCompany
	    }
	}
	catch ex {
		set tSC = ex.AsStatus()
	}
	return tSC
]]></Implementation>
</Method>
</Class>
</Export>
