<?xml version="1.0" encoding="UTF-8"?>
<Export generator="Cache" version="25" zv="Cache for UNIX (Apple Mac OS X for x86-64) 2016.2 (Build 736U)" ts="2016-12-14 11:21:04">
<Class name="Scan.REST">
<Super>%CSP.REST</Super>
<TimeChanged>64266,37646.834546</TimeChanged>
<TimeCreated>63978,38022.241342</TimeCreated>

<XData name="UrlMap">
<XMLNamespace>http://www.intersystems.com/urlmap</XMLNamespace>
<Data><![CDATA[
<Routes>

<Route Url="/checkrelation/:EmployeeID" Method="GET" Call="GetEmployeeInfo" Cors="true" />

</Routes>
]]></Data>
</XData>

<Method name="GetEmployeeInfo">
<ClassMethod>1</ClassMethod>
<FormalSpec>EmployeeID:%Integer</FormalSpec>
<ReturnType>%Status</ReturnType>
<Implementation><![CDATA[
	set tSC = $$$OK
	try {
		//Instantiate business service
		set tSC = ##class(Ens.Director).CreateBusinessService("Scan.RESTService",.tService)
		
		$$$ThrowOnError(tSC)
		
		//Pass along input from url to ProcessInput.
		set request = ##class(Ens.StringContainer).%New()
		set request.StringValue = EmployeeID
		set tSC = tService.ProcessInput(request, .output)
		
		$$$ThrowOnError(tSC)
		
		do %response.SetHeader("ContentType", "application/json")
	    
	    #Dim output As %Library.DynamicObject
	    
	    //Convert dynamic object to JSON and write to response object
	    write output.%ToJSON()
	}
	catch ex {
		set tSC = ex.AsStatus()
	}
	return tSC
]]></Implementation>
</Method>
</Class>


<Class name="Scan.RESTOperation">
<Super>Ens.BusinessOperation</Super>
<TimeChanged>64266,37924.587478</TimeChanged>
<TimeCreated>63978,55087.1521</TimeCreated>

<Parameter name="ADAPTER">
<Default>EnsLib.HTTP.OutboundAdapter</Default>
</Parameter>

<Property name="Adapter">
<Type>EnsLib.HTTP.OutboundAdapter</Type>
</Property>

<Parameter name="INVOCATION">
<Default>Queue</Default>
</Parameter>

<Method name="CheckRelation">
<FormalSpec>pRequest:Scan.CheckRelationRequest,*pResponse:Scan.CheckRelationResponse</FormalSpec>
<ReturnType>%Status</ReturnType>
<Implementation><![CDATA[
	set tSC = $$$OK
	try {
		set tURL = $$$URLENCODE(..Adapter.URL_"/"_pRequest.ID)
		
		set tSC = ..Adapter.GetURL(tURL,.tHttpResponse)
		
		$$$ThrowOnError(tSC)
		
		#dim tHttpResponse as %Net.HttpResponse
		set tObj = ##class(%DynamicObject).%FromJSON(tHttpResponse.Data)
		
		set pResponse = ##class(Scan.CheckRelationResponse).%New()
		
		set pResponse.IsRelated = tObj.Related
	}
	catch ex {
		set tSC = ex.AsStatus()
	}
	
	return tSC
]]></Implementation>
</Method>

<XData name="MessageMap">
<Data><![CDATA[
<MapItems>
	<MapItem MessageType="Scan.CheckRelationRequest"> 
		<Method>CheckRelation</Method>
	</MapItem>
</MapItems>
]]></Data>
</XData>
</Class>


<Class name="Scan.RESTService">
<Super>Ens.BusinessService</Super>
<TimeChanged>64266,37655.81484</TimeChanged>
<TimeCreated>63978,38201.139714</TimeCreated>

<Method name="OnProcessInput">
<FormalSpec>pInput:Ens.StringContainer,*pOutput:%RegisteredObject</FormalSpec>
<ReturnType>%Status</ReturnType>
<Implementation><![CDATA[
	
	set tSC = $$$OK
	try {
		set tRequest = ##class(Scan.CheckRelationRequest).%New()
		
		set tRequest.ID = pInput.StringValue
		
		set tSC = ..SendRequestSync("Scan.GetEmployeeDetails", tRequest, .tResponse)
		
		$$$ThrowOnError(tSC)
		
		#Dim tResponse as Scan.CheckRelationResponse
		
		//Create Dynamic Object to be returned
		set pOutput = {}
	    set pOutput.Related = tResponse.IsRelated
	}
	catch ex {
		set tSC = ex.AsStatus()
	}
	return tSC
]]></Implementation>
</Method>
</Class>
</Export>
