<?xml version="1.0" encoding="UTF-8"?>
<Export generator="Cache" version="25" zv="Cache for Windows (x86-64) 2011.1.1 (Build 600)" ts="2011-11-07 13:56:21">
<Class name="DSF.Collections.Address">
<Super>%SerialObject,%Populate,%XML.Adaptor,%ZEN.DataModel.Adaptor</Super>
<TimeChanged>62399,39607.043306</TimeChanged>
<TimeCreated>62398,36968.308431</TimeCreated>

<Property name="Street">
<Description>
The street address.</Description>
<Type>%String</Type>
<Parameter name="MAXLEN" value="80"/>
<Parameter name="POPSPEC" value="Street()"/>
</Property>

<Property name="City">
<Description>
The city name.</Description>
<Type>%String</Type>
<Parameter name="MAXLEN" value="80"/>
<Parameter name="POPSPEC" value="City()"/>
</Property>

<Property name="State">
<Description>
The 2-letter state abbreviation.</Description>
<Type>%String</Type>
<Parameter name="MAXLEN" value="2"/>
<Parameter name="POPSPEC" value="USState()"/>
</Property>

<Property name="Zip">
<Description>
The 5-digit U.S. Zone Improvement Plan (ZIP) code.</Description>
<Type>%String</Type>
<Parameter name="MAXLEN" value="5"/>
<Parameter name="POPSPEC" value="USZip()"/>
</Property>

<Storage name="Default">
<Type>%Library.CacheSerialState</Type>
<State>AddressState</State>
<StreamLocation>^DSF.Collections.AddressS</StreamLocation>
<Data name="AddressState">
<Structure>listnode</Structure>
<Subscript/>
<Value name="1">
<Value>Street</Value>
</Value>
<Value name="2">
<Value>City</Value>
</Value>
<Value name="3">
<Value>State</Value>
</Value>
<Value name="4">
<Value>Zip</Value>
</Value>
</Data>
</Storage>
</Class>


<Class name="DSF.Collections.Customer">
<Super>%Persistent,%Populate,%XML.Adaptor</Super>
<TimeChanged>62399,39607.123164</TimeChanged>
<TimeCreated>61513,40580.746548</TimeCreated>
<Inheritance>right</Inheritance>

<Property name="Name">
<Type>%String</Type>
</Property>

<Property name="Address">
<Type>DSF.Address</Type>
</Property>

<Storage name="Default">
<Type>%Library.CacheStorage</Type>
<DataLocation>^DSF.Collections.CustomerD</DataLocation>
<DefaultData>CustomerDefaultData</DefaultData>
<IdLocation>^DSF.Collections.CustomerD</IdLocation>
<IndexLocation>^DSF.Collections.CustomerI</IndexLocation>
<StreamLocation>^DSF.Collections.CustomerS</StreamLocation>
<Data name="CustomerDefaultData">
<Structure>listnode</Structure>
<Subscript/>
<Value name="1">
<Value>%%CLASSNAME</Value>
</Value>
<Value name="2">
<Value>Name</Value>
</Value>
<Value name="3">
<Value>Address</Value>
</Value>
</Data>
<Property name="%%CLASSNAME">
</Property>
<Property name="Address">
</Property>
<Property name="Name">
</Property>
</Storage>
</Class>


<Class name="DSF.Collections.DSFOrdersCollectionCube">
<Description>
</Description>
<ProcedureBlock>1</ProcedureBlock>
<Super>%DeepSee.CubeDefinition</Super>
<TimeChanged>62402,50159.206936</TimeChanged>
<TimeCreated>62399,40006.469123</TimeCreated>
<DependsOn>DSF.Collections.Order</DependsOn>

<Parameter name="DOMAIN"/>

<XData name="Cube">
<Description>
Cube definition from Architect.</Description>
<XMLNamespace>http://www.intersystems.com/deepsee</XMLNamespace>
<Data><![CDATA[
<cube xmlns="http://www.intersystems.com/deepsee" name="DSFOrdersCollectionCube" displayName="DSFOrdersCollectionCube" disabled="false" abstract="false" sourceClass="DSF.Collections.Order" countMeasureName="%COUNT" bucketSize="8" bitmapChunkInMemory="false" precompute="0">
  <dimension name="Customer" disabled="false" hasAll="false" allCaption="All Customer" allDisplayName="Customer" type="data" hidden="false" showHierarchies="default">
    <hierarchy name="Address" disabled="false">
      <level sourceProperty="Customer.Address.State" name="State" disabled="false" list="false" useDisplayValue="true">
      </level>
      <level sourceProperty="Customer.Address.City" name="City" disabled="false" list="false" useDisplayValue="true">
      </level>
    </hierarchy>
    <hierarchy name="H1" disabled="false">
      <level sourceProperty="Customer.Name" name="Customer" disabled="false" list="false" useDisplayValue="true">
      </level>
    </hierarchy>
  </dimension>
  <dimension name="SaleDate" disabled="false" hasAll="false" allCaption="All SaleDate" allDisplayName="SaleDate" sourceProperty="SaleDate" type="time" hidden="false" showHierarchies="default">
    <hierarchy name="H1" disabled="false">
      <level name="Year" disabled="false" timeFunction="Year" list="false" useDisplayValue="true">
      </level>
      <level name="Month" disabled="false" timeFunction="MonthYear" list="false" useDisplayValue="true">
      </level>
      <level name="Day" disabled="false" timeFunction="DayMonthYear" list="false" useDisplayValue="true">
      </level>
    </hierarchy>
  </dimension>
</cube>
]]></Data>
</XData>

<Method name="GetOrderItemsList">
<ClassMethod>1</ClassMethod>
<FormalSpec>ID:%Integer</FormalSpec>
<ReturnType>%List</ReturnType>
<Implementation><![CDATA[
	set items=##class(DSF.Collections.Order).%OpenId(ID).OrderItems
	Set list=""
	for i=1:1:items.Count(){
		
		Set $LIST(list,i)=items.GetAt(i).SKU.SKU
			
	}	
	
	Quit list
]]></Implementation>
</Method>

<Method name="GetOrderItemsArray">
<ClassMethod>1</ClassMethod>
<FormalSpec>ID:%Integer</FormalSpec>
<ReturnType>%List</ReturnType>
<Implementation><![CDATA[
	Set items=##class(DSF.Collections.Order).%OpenId(ID).OrderItemsA
	Set list=""
	Set key=""
	Set i=1
	
	for {
		Set val = items.GetNext(.key)
		quit:(key="")
		Set $List(list,i)=val.SKU.SKU	
		Set i=i+1	
		
	}
	
	Quit list
]]></Implementation>
</Method>
</Class>


<Class name="DSF.Collections.Order">
<Super>%Persistent,%Populate,%XML.Adaptor,%ZEN.DataModel.Adaptor</Super>
<TimeChanged>62399,44206.931471</TimeChanged>
<TimeCreated>62398,52987.697078</TimeCreated>

<Property name="Customer">
<Type>DSF.Customer</Type>
</Property>

<Property name="SaleDate">
<Type>%Date</Type>
<Parameter name="MAXVAL" value="+$H"/>
<Parameter name="MINVAL" value="59901"/>
</Property>

<Property name="OrderItems">
<Type>DSF.OrderItem</Type>
<Collection>list</Collection>
</Property>

<Property name="OrderItemsA">
<Type>OrderItem</Type>
<Collection>array</Collection>
</Property>

<Storage name="Default">
<Type>%Library.CacheStorage</Type>
<DataLocation>^DSF.Collections.OrderD</DataLocation>
<DefaultData>OrderDefaultData</DefaultData>
<IdLocation>^DSF.Collections.OrderD</IdLocation>
<IndexLocation>^DSF.Collections.OrderI</IndexLocation>
<StreamLocation>^DSF.Collections.OrderS</StreamLocation>
<Data name="OrderDefaultData">
<Structure>listnode</Structure>
<Subscript/>
<Value name="1">
<Value>%%CLASSNAME</Value>
</Value>
<Value name="2">
<Value>Customer</Value>
</Value>
<Value name="3">
<Value>SaleDate</Value>
</Value>
<Value name="4">
<Value>OrderItems</Value>
</Value>
</Data>
<Data name="OrderItemsA">
<Attribute>OrderItemsA</Attribute>
<Structure>subnode</Structure>
<Subscript>"OrderItemsA"</Subscript>
</Data>
<Property name="%%CLASSNAME">
</Property>
<Property name="Customer">
</Property>
<Property name="OrderItems">
</Property>
<Property name="SaleDate">
</Property>
</Storage>
</Class>


<Class name="DSF.Collections.OrderItem">
<Super>%Persistent,%Populate,%XML.Adaptor,%ZEN.DataModel.Adaptor</Super>
<TimeChanged>62399,38064.429219</TimeChanged>
<TimeCreated>62398,53375.553257</TimeCreated>

<Property name="SKU">
<Type>DSF.SKU</Type>
</Property>

<Property name="Color">
<Type>%String</Type>
<Parameter name="VALUELIST" value=",Red,Green,Blue,Black,Purple"/>
</Property>

<Storage name="Default">
<Type>%Library.CacheStorage</Type>
<DataLocation>^DSF.Collections.OrderItemD</DataLocation>
<DefaultData>OrderItemDefaultData</DefaultData>
<IdLocation>^DSF.Collections.OrderItemD</IdLocation>
<IndexLocation>^DSF.Collections.OrderItemI</IndexLocation>
<StreamLocation>^DSF.Collections.OrderItemS</StreamLocation>
<Data name="OrderItemDefaultData">
<Structure>listnode</Structure>
<Subscript/>
<Value name="1">
<Value>%%CLASSNAME</Value>
</Value>
<Value name="2">
<Value>SKU</Value>
</Value>
<Value name="3">
<Value>Color</Value>
</Value>
</Data>
<Property name="%%CLASSNAME">
</Property>
<Property name="Color">
</Property>
<Property name="SKU">
</Property>
</Storage>
</Class>


<Class name="DSF.Collections.OrderUtils">
<Super>%RegisteredObject,%XML.Adaptor,%ZEN.DataModel.Adaptor</Super>
<TimeChanged>62399,47817.363541</TimeChanged>
<TimeCreated>62399,37927.253114</TimeCreated>

<Method name="Populate">
<ClassMethod>1</ClassMethod>
<ReturnType>%Status</ReturnType>
<Implementation><![CDATA[
		
			Kill ^SKU
			Set tSC=##class(DSF.Collections.SKU).%KillExtent() Quit:$$$ISERR(tSC) tSC
			Set tSC=##class(DSF.Collections.OrderItem).%KillExtent() Quit:$$$ISERR(tSC) tSC
			Set tSC=##class(DSF.Collections.Customer).%KillExtent() Quit:$$$ISERR(tSC) tSC
			Set tSC=##class(DSF.Collections.Order).%KillExtent() Quit:$$$ISERR(tSC) tSC
			
			Set tSC=##class(DSF.Collections.SKU).Populate(25) Quit:$$$ISERR(tSC) tSC
			Set tSC=##class(DSF.Collections.Customer).Populate(500) Quit:$$$ISERR(tSC) tSC
			Set tSC=##class(DSF.Collections.Order).Populate(1000) Quit:$$$ISERR(tSC) tSC
			Set tSC=##class(DSF.Collections.OrderItem).Populate(15000) Quit:$$$ISERR(tSC) tSC
			
			
			//Populate DSF.Collections.Order.OrderItemsA (array)
			
			Set rs=##class(%ResultSet).%New("DSF.Collections.Order:Extent")
			Set tSC = rs.Execute() Quit:$$$ISERR(tSC) tSC
			
			While (rs.Next())
			{
				Set order = ##class(DSF.Collections.Order).%OpenId(rs.Data("ID"))
				for i=1:1:order.OrderItems.Count()
				{
					Do order.OrderItemsA.SetAt(order.OrderItems.GetAt(i),i)
				}
				
					Set tSC=order.%Save()  Quit:$$$ISERR(tSC) 	
			}
			
			Quit tSC
]]></Implementation>
</Method>
</Class>


<Class name="DSF.Collections.SKU">
<Super>%Persistent,%Populate,%XML.Adaptor,%ZEN.DataModel.Adaptor</Super>
<TimeChanged>62399,48289.749086</TimeChanged>
<TimeCreated>62398,53375.388912</TimeCreated>

<Property name="SKU">
<Type>%String</Type>
<Parameter name="POPSPEC" value="##class(DSF.Collections.SKU).GetSKU()"/>
</Property>

<Method name="GetSKU">
<ClassMethod>1</ClassMethod>
<ReturnType>%String</ReturnType>
<Implementation><![CDATA[
	
	Quit "SKU-10"_$I(^SKU)
]]></Implementation>
</Method>

<Storage name="Default">
<Type>%Library.CacheStorage</Type>
<DataLocation>^DSF.Collections.SKUD</DataLocation>
<DefaultData>SKUDefaultData</DefaultData>
<IdLocation>^DSF.Collections.SKUD</IdLocation>
<IndexLocation>^DSF.Collections.SKUI</IndexLocation>
<StreamLocation>^DSF.Collections.SKUS</StreamLocation>
<Data name="SKUDefaultData">
<Structure>listnode</Structure>
<Subscript/>
<Value name="1">
<Value>%%CLASSNAME</Value>
</Value>
<Value name="2">
<Value>SKU</Value>
</Value>
</Data>
<Property name="%%CLASSNAME">
</Property>
<Property name="SKU">
</Property>
</Storage>
</Class>
</Export>
