<?xml version="1.0" encoding="UTF-8"?>
<Export generator="Cache" version="25">
<Class name="Demo.ComplexMap.Transform.SemesterToFixedSemester">
<Super>Ens.DataTransformDTL</Super>
<TimeCreated>62797,65109.640551</TimeCreated>
<DependsOn>Demo.ComplexMap.Semester.SemesterHeader.Record,Demo.ComplexMap.SemesterFixed.Semester.Record</DependsOn>

<Parameter name="IGNOREMISSINGSOURCE">
<Default>1</Default>
</Parameter>

<Parameter name="REPORTERRORS">
<Default>1</Default>
</Parameter>

<XData name="DTL">
<XMLNamespace>http://www.intersystems.com/dtl</XMLNamespace>
<Data><![CDATA[
<transform sourceClass='Demo.ComplexMap.Semester.SemesterHeader.Record' targetClass='Demo.ComplexMap.SemesterFixed.Semester.Record' create='new' language='objectscript' >
<assign value='source.%Source' property='target.%Source' action='set' />
<assign value='source.SemesterID' property='target.SemesterID' action='set' />
<assign value='source.Year' property='target.Year' action='set' />
<assign value='source.Name' property='target.Name' action='set' />
<assign value='source.NumWeeks' property='target.NumWeeks' action='set' />
</transform>
]]></Data>
</XData>
</Class>
</Export>
