<?xml version="1.0" encoding="UTF-8"?>
<Export generator="Cache" version="25">
<Class name="Demo.DICOM.BatchedDocument">
<Description>
Stores Session id's and DICOM document id's for batch transfer
of DICOM images from AsyncRouterDispatcher to AsyncRouterFiler
so the filer can send all messages from a given session within
the same association context.
Entries of images sent to the target system successfully will
be updated with a DocumentStatus of 'Delivered'</Description>
<Super>%Persistent</Super>
<TimeCreated>64212,43978.326505</TimeCreated>

<Property name="SessionId">
<Type>%String</Type>
<SqlColumnNumber>2</SqlColumnNumber>
</Property>

<Property name="FilerConfigName">
<Type>%String</Type>
<SqlColumnNumber>3</SqlColumnNumber>
</Property>

<Property name="DICOMDocumentId">
<Type>%String</Type>
<SqlColumnNumber>4</SqlColumnNumber>
</Property>

<Property name="DICOMMessageId">
<Type>%String</Type>
<SqlColumnNumber>5</SqlColumnNumber>
<Parameter name="MAXLEN" value="2000"/>
</Property>

<Property name="AffectedSOPInstanceUID">
<Type>%String</Type>
<SqlColumnNumber>6</SqlColumnNumber>
<Parameter name="MAXLEN" value="2000"/>
</Property>

<Property name="DocumentStatus">
<Type>%String</Type>
<InitialExpression>"Queued"</InitialExpression>
<SqlColumnNumber>7</SqlColumnNumber>
<Parameter name="VALUELIST" value=",Queued,Ignored,Sent,Delivered,Errored"/>
</Property>

<Property name="Remark">
<Type>%String</Type>
<SqlColumnNumber>8</SqlColumnNumber>
<Parameter name="MAXLEN" value="2000"/>
</Property>

<Property name="Created">
<Type>Ens.DataType.UTC</Type>
<SqlColumnNumber>9</SqlColumnNumber>
</Property>

<Property name="LastUpdated">
<Type>Ens.DataType.UTC</Type>
<SqlColumnNumber>10</SqlColumnNumber>
</Property>

<Index name="idxFilerConfigName">
<Type>bitmap</Type>
<Properties>FilerConfigName</Properties>
</Index>

<Index name="idxAffectedSOPInstanceUID">
<Properties>AffectedSOPInstanceUID</Properties>
</Index>

<Index name="idxSessionId">
<Properties>SessionId</Properties>
</Index>

<Index name="idxDocumentStatus">
<Type>bitmap</Type>
<Properties>DocumentStatus</Properties>
</Index>

<Method name="%OnBeforeSave">
<Description><![CDATA[
This callback method is invoked by the <METHOD>%Save</METHOD> method to 
provide notification that the object is being saved. It is called before 
any data is written to disk.

<P><VAR>insert</VAR> will be set to 1 if this object is being saved for the first time.

<P>If this method returns an error then the call to <METHOD>%Save</METHOD> will fail.]]></Description>
<FormalSpec>insert:%Boolean</FormalSpec>
<Private>1</Private>
<ReturnType>%Status</ReturnType>
<ServerOnly>1</ServerOnly>
<Implementation><![CDATA[
	If insert {
		Set ..Created=$$$timeUTC
	} Else {
		
		Set ..LastUpdated=$$$timeUTC
	}
   Quit $$$OK
]]></Implementation>
</Method>

<Storage name="Default">
<Type>%Library.CacheStorage</Type>
<DataLocation>^Demo.DICOM.BatchedDocumentD</DataLocation>
<DefaultData>BatchedDocumentDefaultData</DefaultData>
<IdLocation>^Demo.DICOM.BatchedDocumentD</IdLocation>
<IndexLocation>^Demo.DICOM.BatchedDocumentI</IndexLocation>
<StreamLocation>^Demo.DICOM.BatchedDocumentS</StreamLocation>
<Data name="BatchedDocumentDefaultData">
<Value name="1">
<Value>%%CLASSNAME</Value>
</Value>
<Value name="2">
<Value>SessionId</Value>
</Value>
<Value name="3">
<Value>FilerConfigName</Value>
</Value>
<Value name="4">
<Value>DICOMDocumentId</Value>
</Value>
<Value name="5">
<Value>DICOMMessageId</Value>
</Value>
<Value name="6">
<Value>AffectedSOPInstanceUID</Value>
</Value>
<Value name="7">
<Value>DocumentStatus</Value>
</Value>
<Value name="8">
<Value>Remark</Value>
</Value>
<Value name="9">
<Value>Created</Value>
</Value>
<Value name="10">
<Value>LastUpdated</Value>
</Value>
</Data>
</Storage>
</Class>
</Export>
