<?xml version="1.0" encoding="UTF-8"?>
<Export generator="Cache" version="21">
<Class name="Demo.HL7v3.Operation.SOAPOut">
<ClassType/>
<ProcedureBlock>1</ProcedureBlock>
<Super>Ens.BusinessOperation</Super>
<TimeCreated>60277,39171.972481</TimeCreated>

<Parameter name="ADAPTER">
<Default>EnsLib.SOAP.OutboundAdapter</Default>
</Parameter>

<Parameter name="INVOCATION">
<Default>Queue</Default>
</Parameter>

<Method name="SendMessage">
<FormalSpec>pRequest:Demo.HL7v3.Message,*pResponse:Demo.HL7v3.Message</FormalSpec>
<ReturnType>%Status</ReturnType>
<Implementation><![CDATA[
	Set $ZTrap = "SendMessageET"

	Set tStatus = ..Adapter.InvokeMethod("GetResponse", .tResponse, pRequest.Content)
	Do tResponse.Rewind()

	Set pResponse = ##class(Demo.HL7v3.Message).%New()
	Set pResponse.Content = tResponse

	Quit $$$OK
	
SendMessageET
	Set $ZTrap = ""
	
	Quit $$$ERROR($$$GeneralError, "An error has occurred in SendMessage():  " _ $ZError)
]]></Implementation>
</Method>

<XData name="MessageMap">
<Data><![CDATA[
<MapItems>
	<MapItem MessageType="Demo.HL7v3.Message"> 
		<Method>SendMessage</Method>
	</MapItem>
</MapItems>
]]></Data>
</XData>
</Class>
</Export>
