<?xml version="1.0" encoding="UTF-8"?>
<Export generator="Cache" version="25">
<Class name="Cinema.Show">
<Description>
Information about when and where films are shown.</Description>
<Super>%Library.Persistent</Super>
<TimeCreated>58755,75574</TimeCreated>

<Property name="Film">
<Type>Cinema.Film</Type>
</Property>

<Property name="StartTime">
<Type>%Library.Time</Type>
<Parameter name="FORMAT" value="2"/>
</Property>

<Property name="Theater">
<Type>Cinema.Theater</Type>
</Property>

<Query name="ShowTimes">
<Description>
List of show times and locations for a single film.</Description>
<Type>%Library.SQLQuery</Type>
<FormalSpec>P1:%Library.String</FormalSpec>
<SqlQuery><![CDATA[ SELECT ID, StartTime, Theater->TheaterName
	FROM Show
	WHERE (Film = :P1)
	ORDER BY StartTime, Theater]]></SqlQuery>
<Parameter name="CONTAINID" value="1"/>
<Parameter name="ROWSPEC" value="ID,StartTime:%Library.Time,TheaterName:%Library.String"/>
</Query>

<Storage name="Default">
<Type>%Library.CacheStorage</Type>
<DataLocation>^Cinema.ShowD</DataLocation>
<DefaultData>ShowDefaultData</DefaultData>
<IdLocation>^Cinema.ShowD</IdLocation>
<IndexLocation>^Cinema.ShowI</IndexLocation>
<StreamLocation>^Cinema.ShowS</StreamLocation>
<Data name="ShowDefaultData">
<Value name="1">
<Value>Film</Value>
</Value>
<Value name="2">
<Value>StartTime</Value>
</Value>
<Value name="3">
<Value>Theater</Value>
</Value>
<Value name="4">
<Value>%%CLASSNAME</Value>
</Value>
</Data>
</Storage>
</Class>
</Export>
