<?xml version="1.0" encoding="UTF-8"?>
<Export generator="Cache" version="25">
<Class name="Cinema.TicketConfirm">
<ProcedureBlock>0</ProcedureBlock>
<Super>%CSP.Page,Cinema.Utils</Super>
<TimeCreated>58764,81321</TimeCreated>
<Inheritance>right</Inheritance>

<Method name="OnPage">
<ClassMethod>1</ClassMethod>
<ReturnType>%Status</ReturnType>
<Implementation><![CDATA[
 Write "<HTML>",!
 Write "<HEAD>",!
 Write "</HEAD>",!
 Write "<BODY>",!
 If $data(%session.Data("Order")) {
	Do ..CompleteOrder()
	Write "Your order was processed successfully. ",!
	Write "Thank you for using Cach&eacute; Cinema!<br><br>",!
	If $G(%request.Data("OrderEmail",1))'="" {
		Write ..SendEmail( %request.Data("OrderEmail",1),
		"Your tickets have been ordered"),!
 	}
 } Else {
 	Write "Your order expired before it was completed.",!
 }
 Write "</BODY>",!
 Write "</HTML>",!
 Quit $$$OK
]]></Implementation>
</Method>

<Method name="OnPreHTTP">
<Description><![CDATA[
Event handler for <B>PREHTTP</B> event: this is invoked before
the HTTP headers for a CSP page have been sent.  All changes to the
<class>%CSPResponse</class> class, such as adding cookies, HTTP headers,
setting the content type etc. must be made from within the OnPreHTTP() method.
Return <B>0</B> to prevent <method>OnPage</method> from being called.]]></Description>
<ClassMethod>1</ClassMethod>
<ReturnType>%Boolean</ReturnType>
<Implementation><![CDATA[
 If $data(%session.Data("Order")) {
	New ord,itm,cat
	Set ord = ##class(Cinema.TicketOrder).%OpenId(%session.Data("Order"))
	Set itm = ord.Items.GetAt(1)
	Set cat = itm.Show.Film.Category.%Id()

	// Put a cookie on the users computer
	Set Expires = +$H + 7
	Set Expires = $ZD(Expires,11) _ ", " _ $ZD(Expires,2) _ " 00:00:00 GMT"
	Do %response.SetCookie("CacheCinemaLastCategory", cat, Expires, "/")
 }
 
 Quit 1
]]></Implementation>
</Method>
</Class>
</Export>
