<?xml version="1.0" encoding="UTF-8"?>
<Export generator="Cache" version="25">
<Class name="Cinema.TicketOrder">
<Super>%Library.Persistent</Super>
<TimeCreated>58755,75574</TimeCreated>

<Property name="Items">
<Type>Cinema.TicketItem</Type>
<Cardinality>children</Cardinality>
<Inverse>TicketOrder</Inverse>
<Relationship>1</Relationship>
</Property>

<Property name="Total">
<Type>%Float</Type>
<Parameter name="SCALE" value="2"/>
</Property>

<Property name="Complete">
<Description>
Set Complete to true (1) to indicate order has been completed.
Complete will be false (0) while the order is being input.</Description>
<Type>%Boolean</Type>
<InitialExpression>0</InitialExpression>
</Property>

<Storage name="Default">
<Type>%Library.CacheStorage</Type>
<DataLocation>^Cinema.TicketOrderD</DataLocation>
<DefaultData>TicketOrderDefaultData</DefaultData>
<IdLocation>^Cinema.TicketOrderD</IdLocation>
<IndexLocation>^Cinema.TicketOrderI</IndexLocation>
<StreamLocation>^Cinema.TicketOrderS</StreamLocation>
<Data name="TicketOrderDefaultData">
<Value name="1">
<Value>Customer</Value>
</Value>
<Value name="2">
<Value>Items</Value>
</Value>
<Value name="3">
<Value>Total</Value>
</Value>
<Value name="4">
<Value>%%CLASSNAME</Value>
</Value>
<Value name="5">
<Value>Complete</Value>
</Value>
</Data>
</Storage>
</Class>
</Export>
