<?xml version="1.0" encoding="UTF-8"?>
<Export generator="Cache" version="25">
<Class name="Demo.DICOM.Operation.File">
<Super>Ens.BusinessOperation</Super>
<TimeCreated>62370,40767.163239</TimeCreated>

<Parameter name="SETTINGS">
<Description>
This is the directory where the local files will be stored</Description>
<Default>FileStorageDirectory</Default>
</Parameter>

<Property name="FileStorageDirectory">
<Description>
This is the directory where the incoming DICOM files will be stored</Description>
<Type>%String</Type>
<InitialExpression>"/"</InitialExpression>
<Parameter name="MAXLEN"/>
</Property>

<Method name="OnMessage">
<Description>
This is the default message handler.  All request types not declared in the message map are delivered here</Description>
<FormalSpec>pRequest:%Library.Persistent,*pResponse:%Library.Persistent</FormalSpec>
<ReturnType>%Status</ReturnType>
<Implementation><![CDATA[
	#dim tSC As %Status = $$$OK
	#dim e As %Exception.AbstractException
	#dim tFile As EnsLib.DICOM.File
	#dim tFileName As %String
	try {
		
		#; We should only ever see DICOM Documents here
		$$$ASSERT(pRequest.%Extends("EnsLib.DICOM.Document"))
		
		#; Create a DICOM File from the DICOM document
		Set tSC=##class(EnsLib.DICOM.File).CreateFromDocument(pRequest,.tFile)
		If $$$ISERR(tSC) Quit
		
		#; Create a unique filename
		Set tFileName=..NewFilename(..FileStorageDirectory)
		
		#; Create a new file with a unique name and the dcm extension in the target directory
		Set tSC=tFile.Save(tFileName)
		
	} catch(e) {
		Set tSC=e.AsStatus()
	}
	Quit tSC
]]></Implementation>
</Method>

<Method name="NewFilename">
<Description>
Create a new file name within the specified directory</Description>
<ClassMethod>1</ClassMethod>
<CodeMode>expression</CodeMode>
<FormalSpec>dir</FormalSpec>
<ReturnType>%String</ReturnType>
<Implementation><![CDATA[##class(%File).NormalizeDirectory(dir)_(##class(%FileBinaryStream).NewFileName("dcm"))
]]></Implementation>
</Method>
</Class>
</Export>
