<?xml version="1.0" encoding="UTF-8"?>
<Export generator="Cache" version="25" zv="Cache for Windows (x86-32) 2012.1 (Build 531U)" ts="2012-02-08 14:36:34">
<Class name="Hospital.ORMO01toPharmacyStudyDTL">
<Description>
</Description>
<Super>Ens.DataTransformDTL</Super>
<TimeChanged>62495,52365.025951</TimeChanged>
<TimeCreated>62494,60486.610162</TimeCreated>

<Parameter name="REPORTERRORS">
<Default>1</Default>
</Parameter>

<XData name="DTL">
<XMLNamespace>http://www.intersystems.com/dtl</XMLNamespace>
<Data><![CDATA[
<transform sourceClass="EnsLib.HL7.Message" sourceDocType="2.3.1:ORM_O01" targetClass="Hospital.PharmacyStudyRequest" create="new" language="objectscript" >
<assign value="source.{PIDgrp.PID:PatientName()}" property="target.PatientName" key="&quot;&quot;" action="set" />
<assign value="source.{PIDgrp.PID:SSNNumberPatient}" property="target.SSN" key="&quot;&quot;" action="set" />
<assign value="source.{PIDgrp.PID:DateTimeOfBirth.timeofanevent}" property="target.DOB" key="&quot;&quot;" action="set" />
<assign value="source.{ORCgrp(1).OBRuniongrp.OBRunion.RXO:RequestedGiveCode.text}" property="target.Medication" key="&quot;&quot;" action="set" />
<assign value="source.{ORCgrp(1).ORC:EnteredBy(1).familylastname.familyname}" property="target.Physician.LastName" key="&quot;&quot;" action="set" />
<assign value="source.{ORCgrp(1).ORC:EnteredBy(1).givenname}" property="target.Physician.FirstName" key="&quot;&quot;" action="set" />
<assign value="source.{ORCgrp(1).ORC:PlacerOrderNumber.entityidentifier}" property="target.OrderNumber" key="&quot;&quot;" action="set" />
</transform>
]]></Data>
</XData>
</Class>
</Export>
