<?xml version="1.0" encoding="UTF-8"?>
<Export generator="Cache" version="25" zv="Cache for Windows (x86-32) 2012.1 (Build 531U)" ts="2012-02-08 13:43:48">
<Class name="Hospital.HospitalRoutingRule">
<Description>
</Description>
<ProcedureBlock>1</ProcedureBlock>
<Super>Ens.Rule.Definition</Super>
<TimeChanged>62495,43908.841634</TimeChanged>
<TimeCreated>62350,47885.758259</TimeCreated>

<Parameter name="RuleAssistClass">
<Default>EnsLib.HL7.MsgRouter.RuleAssist</Default>
</Parameter>

<XData name="RuleDefinition">
<XMLNamespace>http://www.intersystems.com/rule</XMLNamespace>
<Data><![CDATA[
<ruleDefinition alias="" context="EnsLib.HL7.MsgRouter.RoutingEngine" production="Hospital.HospitalProd">
<ruleSet name="" effectiveBegin="" effectiveEnd="">
<rule name="" disabled="false">
<constraint name="source" value="From_ER"></constraint>
<constraint name="docCategory" value="2.3.1"></constraint>
<when condition="(HL7.{MSH:5.1}=&quot;PHARMACY&quot;)&amp;&amp;(StartsWith(HL7.{MSH:ReceivingFacility.namespaceID},&quot;262&quot;))">
<send transform="Hospital.ERORMO01ToPharmORMO01DTL" target="To_Pharmacy"></send>
<send transform="Hospital.ORMO01toPharmacyStudyDTL" target="To_Study"></send>
<return></return>
</when>
</rule>
<rule name="" disabled="false">
<constraint name="source" value="From_ER"></constraint>
<constraint name="docName" value="ADT_A06"></constraint>
<when condition="1">
<send transform="Hospital.ERADTA06ToTransferADTA02DTL" target="To_Transfer"></send>
<return></return>
</when>
</rule>
</ruleSet>
</ruleDefinition>
]]></Data>
</XData>
</Class>


<Class name="Hospital.ORMO01toPharmacyStudyDTL">
<Description>
</Description>
<Super>Ens.DataTransformDTL</Super>
<TimeChanged>62495,47927.565499</TimeChanged>
<TimeCreated>62494,60486.610162</TimeCreated>

<Parameter name="REPORTERRORS">
<Default>1</Default>
</Parameter>

<XData name="DTL">
<XMLNamespace>http://www.intersystems.com/dtl</XMLNamespace>
<Data><![CDATA[
<transform sourceClass="EnsLib.HL7.Message" sourceDocType="2.3.1:ORM_O01" targetClass="Hospital.PharmacyStudyRequest" create="new" language="objectscript" >
<assign value="source.{PIDgrp.PID:PatientName()}" property="target.PatientName" key="&quot;&quot;" action="set" />
<assign value="source.{PIDgrp.PID:SSNNumberPatient}" property="target.SSN" key="&quot;&quot;" action="set" />
<assign value="source.{PIDgrp.PID:DateTimeOfBirth.timeofanevent}" property="target.DOB" key="&quot;&quot;" action="set" />
<assign value="source.{ORCgrp(1).OBRuniongrp.OBRunion.RXO:RequestedGiveCode.text}" property="target.Medication" key="&quot;&quot;" action="set" />
</transform>
]]></Data>
</XData>
</Class>
</Export>
