<?xml version="1.0" encoding="UTF-8"?>
<Export generator="Cache" version="24">
<Class name="Demo.HL7v3.SOAP.Outbound">
<Super>%SOAP.WebClient</Super>
<TimeCreated>60453,75860</TimeCreated>

<Parameter name="LOCATION">
<Description>
This is the URL used to access the web service.</Description>
<Default>http://localhost/csp/ensdemo/Demo.HL7v3.TestHarness.SOAPService.cls</Default>
</Parameter>

<Parameter name="NAMESPACE">
<Description>
This is the namespace used by the Service</Description>
<Default>http://tempuri.org</Default>
</Parameter>

<Parameter name="OUTPUTTYPEATTRIBUTE">
<Description>
Use xsi:type attribute for literal types.</Description>
<Default>1</Default>
</Parameter>

<Parameter name="SERVICENAME">
<Description>
This is the name of the Service</Description>
<Default>HL7v3SOAPOut</Default>
</Parameter>

<Method name="GetResponse">
<Final>1</Final>
<FormalSpec>pInput:%GlobalCharacterStream</FormalSpec>
<ProcedureBlock>1</ProcedureBlock>
<ReturnType>%GlobalCharacterStream</ReturnType>
<WebMethod>1</WebMethod>
<SoapBindingStyle>document</SoapBindingStyle>
<SoapBodyUse>literal</SoapBodyUse>
<Implementation><![CDATA[ Quit ..WebMethod("GetResponse").Invoke($this,"http://tempuri.org/Demo.HL7v3.TestHarness.SOAPService.GetResponse",.pInput)
]]></Implementation>
</Method>
</Class>
</Export>
