<?xml version="1.0" encoding="UTF-8"?>
<Export generator="Cache" version="25">
<Class name="Demo.RecordMapBatch.Map.TrainDataIn.BatchIn">
<Description>
RECORDMAP: Modified during compilation of RecordMap 'Demo.RecordMapBatch.Map.TrainDataIn'
on 2015-12-18 at 17:30:55.661 [2015-12-18 22:30:55.661 UTC]
by user UnknownUser</Description>
<Super>%Library.Persistent,EnsLib.RecordMap.SimpleBatch</Super>
<TimeCreated>63904,49873.011091</TimeCreated>

<Parameter name="XMLNAME">
<Default>BatchIn</Default>
</Parameter>

<Parameter name="RECORDMAPGENERATED">
<Default>1</Default>
</Parameter>

<Parameter name="BatchHeader">
<Default>Line, Trip, PlatformKey, InformationType, Time, TimeRemaining, Revenue, Route</Default>
</Parameter>

<Parameter name="HeaderTerm">
<Default>\x0d\x0a</Default>
</Parameter>

<Parameter name="BatchTrailer">
</Parameter>

<Parameter name="TrailerTerm">
</Parameter>

<Parameter name="IgnoreLeadingData">
<Default>0</Default>
</Parameter>

<Property name="Records">
<Type>Demo.RecordMapBatch.Map.TrainDataIn.Record</Type>
<Cardinality>many</Cardinality>
<Inverse>%ParentBatch</Inverse>
<Relationship>1</Relationship>
</Property>

<Trigger name="OnDelete">
<Code>	Set %ok = ..deleteRecords({ID})
</Code>
<Event>DELETE</Event>
</Trigger>

<Parameter name="XMLTYPE">
<Default>Demo_RecordMapBatch_Map_TrainDataIn_BatchIn</Default>
</Parameter>

<Storage name="Default">
<Type>%Library.CacheStorage</Type>
<DataLocation>^Demo.RecordMapBatc3B98.BatchInD</DataLocation>
<DefaultData>BatchInDefaultData</DefaultData>
<IdLocation>^Demo.RecordMapBatc3B98.BatchInD</IdLocation>
<IndexLocation>^Demo.RecordMapBatc3B98.BatchInI</IndexLocation>
<StreamLocation>^Demo.RecordMapBatc3B98.BatchInS</StreamLocation>
<Data name="BatchInDefaultData">
<Structure>listnode</Structure>
<Subscript/>
<Value name="1">
<Value>%%CLASSNAME</Value>
</Value>
<Value name="2">
<Value>%Source</Value>
</Value>
<Value name="3">
<Value>BatchHeader</Value>
</Value>
<Value name="4">
<Value>BatchTrailer</Value>
</Value>
</Data>
</Storage>
</Class>
</Export>
