<?xml version="1.0" encoding="UTF-8"?>
<Export generator="Cache" version="25">
<Class name="Demo.RecordMapBatch.Map.TrainDataIn.Record">
<Description>
RECORDMAP: Generated from RecordMap 'Demo.RecordMapBatch.Map.TrainDataIn'
on 2015-12-18 at 17:30:55.638 [2015-12-18 22:30:55.638 UTC]
by user UnknownUser</Description>
<ProcedureBlock>1</ProcedureBlock>
<Super>%Persistent,%XML.Adaptor,Ens.Request,EnsLib.RecordMap.Base</Super>
<TimeCreated>63904,63055.638616</TimeCreated>
<Inheritance>right</Inheritance>

<Parameter name="INCLUDETOPFIELDS">
<Default>1</Default>
</Parameter>

<Property name="Line">
<Type>%String</Type>
</Property>

<Property name="Trip">
<Type>%Integer</Type>
</Property>

<Property name="PlatformKey">
<Type>%String</Type>
</Property>

<Property name="InformationType">
<Type>%String</Type>
</Property>

<Property name="Time">
<Type>%String</Type>
</Property>

<Parameter name="RECORDMAPGENERATED">
<Default>1</Default>
</Parameter>

<Property name="%ParentBatch">
<Type>Demo.RecordMapBatch.Map.TrainDataIn.BatchIn</Type>
<Cardinality>one</Cardinality>
<Inverse>Records</Inverse>
<Relationship>1</Relationship>
</Property>

<Index name="%ParentBatchIdx">
<Properties>%ParentBatch</Properties>
</Index>

<Storage name="Default">
<Type>%Library.CacheStorage</Type>
<DataLocation>^Demo.RecordMapBatch3B98.RecordD</DataLocation>
<DefaultData>RecordDefaultData</DefaultData>
<IdLocation>^Demo.RecordMapBatch3B98.RecordD</IdLocation>
<IndexLocation>^Demo.RecordMapBatch3B98.RecordI</IndexLocation>
<StreamLocation>^Demo.RecordMapBatch3B98.RecordS</StreamLocation>
<ExtentSize>2000000</ExtentSize>
<Data name="RecordDefaultData">
<Value name="1">
<Value>%%CLASSNAME</Value>
</Value>
<Value name="2">
<Value>Line</Value>
</Value>
<Value name="3">
<Value>%Source</Value>
</Value>
<Value name="4">
<Value>PlatformKey</Value>
</Value>
<Value name="5">
<Value>InformationType</Value>
</Value>
<Value name="6">
<Value>Time</Value>
</Value>
<Value name="7">
<Value>%ParentBatch</Value>
</Value>
<Value name="8">
<Value>Trip</Value>
</Value>
</Data>
</Storage>
</Class>
</Export>
