<?xml version="1.0" encoding="UTF-8"?>
<Export generator="Cache" version="25" zv="Cache for Windows (x86-64) 2012.2 (Build 638)" ts="2012-10-08 12:30:20">
<Class name="Training.Analytics.MovieCube">
<Description>
</Description>
<ProcedureBlock>1</ProcedureBlock>
<Super>%DeepSee.CubeDefinition</Super>
<TimeChanged>62736,53471.117326</TimeChanged>
<TimeCreated>62718,33124.38927</TimeCreated>
<DependsOn>Training.Analytics.Movie</DependsOn>

<Parameter name="DOMAIN"/>

<XData name="Cube">
<Description>
Cube definition from Architect.</Description>
<XMLNamespace>http://www.intersystems.com/deepsee</XMLNamespace>
<Data><![CDATA[
<cube xmlns="http://www.intersystems.com/deepsee" name="Movie Cube" displayName="Movie Cube" disabled="false" abstract="false" sourceClass="Training.Analytics.Movie" countMeasureName="%COUNT" bucketSize="8" bitmapChunkInMemory="false" precompute="0">
  <dimension name="Director" disabled="false" hasAll="false" allCaption="All Director" allDisplayName="Director" type="data" hidden="false" showHierarchies="default">
    <hierarchy name="H1" disabled="false">
      <level sourceProperty="Director" name="Director" disabled="false" list="false" useDisplayValue="true">
      </level>
    </hierarchy>
  </dimension>
  <dimension name="Genre" disabled="false" hasAll="false" allCaption="All Genre" allDisplayName="Genre" type="data" hidden="false" showHierarchies="default">
    <hierarchy name="H1" disabled="false">
      <level sourceProperty="Genre" name="Genre" disabled="false" list="false" useDisplayValue="true">
      </level>
    </hierarchy>
  </dimension>
  <dimension name="ReleaseDate" disabled="false" hasAll="false" allCaption="All ReleaseDate" allDisplayName="ReleaseDate" sourceProperty="ReleaseDate" type="time" hidden="false" showHierarchies="default">
    <hierarchy name="H1" disabled="false">
      <level name="Release Year" disabled="false" timeFunction="Year" list="false" useDisplayValue="true">
      </level>
      <level name="Release Month" disabled="false" timeFunction="MonthYear" list="false" useDisplayValue="true">
      </level>
      <level name="Release Day" disabled="false" timeFunction="DayMonthYear" list="false" useDisplayValue="true">
      </level>
    </hierarchy>
  </dimension>
  <dimension name="Plot Summary Dim" disabled="false" hasAll="false" allCaption="All Plot Summary Dim" allDisplayName="Plot Summary Dim" type="iKnow" iKnowMeasure="Plot Summary" iKnowType="entity" hidden="false" showHierarchies="default">
    <hierarchy name="H1" disabled="false">
      <level name="Plot Summary - Entities" disabled="false" list="false" useDisplayValue="true">
      </level>
    </hierarchy>
  </dimension>
  <dimension name="Plot Summary Dict" disabled="false" hasAll="false" allCaption="All Plot Summary Dict" allDisplayName="Plot Summary Dict" type="iKnow" iKnowMeasure="Plot Summary" iKnowType="dictionary" hidden="false" showHierarchies="default">
    <hierarchy name="H1" disabled="false">
      <level name="PlotSummaryMovieTerms" displayName="Dictionary" disabled="false" list="false" useDisplayValue="true">
      </level>
      <level name="PlotSummaryMovieTermsItem" displayName="Movie Term" disabled="false" list="false" useDisplayValue="true">
      </level>
    </hierarchy>
  </dimension>
  <measure sourceProperty="Plot" name="Plot Summary" disabled="false" aggregate="COUNT" type="iKnow" hidden="false" searchable="false" iKnowSource="stream" iKnowDictionaries="Movie Terms"></measure>
  <listing name="Default" disabled="false" listingType="table" fieldList="%ID,Director,Genre,Name As Title,ReleaseDate,$$$IKLINK[Plot Summary], $$$IKSUMMARY[Plot Summary] As Plot"></listing>
</cube>
]]></Data>
</XData>
</Class>
</Export>
