<?xml version="1.0" encoding="UTF-8"?>
<Export generator="Cache" version="25" zv="Cache for Windows (x86-32) 2012.1 (Build 564U)" ts="2012-02-08 17:52:59">
<Class name="Scan.AddToAddressFile">
<Description>
</Description>
<ClassType>persistent</ClassType>
<ProcedureBlock>1</ProcedureBlock>
<Super>Ens.BusinessProcessBPL</Super>
<TimeChanged>62495,64326.026033</TimeChanged>
<TimeCreated>59486,49919</TimeCreated>

<XData name="BPL">
<Description>
BPL Definition</Description>
<XMLNamespace>http://www.intersystems.com/bpl</XMLNamespace>
<Data><![CDATA[
<process language='objectscript' request='Scan.AddAddressRequest' response='Ens.Response' height='2000' width='2000' >
<sequence xend='200' yend='350' >
<call name='Add to AddressFile' target='Scan.RecordMapFileOperation' async='1' xpos='200' ypos='250' >
<request type='Scan.AddressFileRequest' >
<assign property="callrequest.IsExternal" value="request.IsExternal" action="set" />
<assign property="callrequest.IsRelated" value="request.IsRelated" action="set" />
<assign property="callrequest.ToAddress" value="request.ToAddress" action="set" />
<assign property="callrequest.FileName" value="&quot;AddressFile.txt&quot;" action="set" />
</request>
<response type='Ens.Reponse' />
</call>
</sequence>
</process>
]]></Data>
</XData>

<Storage name="Default">
<Type>%Library.CacheStorage</Type>
</Storage>
</Class>
</Export>
