<?xml version="1.0" encoding="UTF-8"?>
<Export generator="Cache" version="25">
<Class name="Demo.Loan.Msg.Approval">
<ClassType>persistent</ClassType>
<ProcedureBlock>1</ProcedureBlock>
<Super>Ens.Response</Super>
<TimeCreated>59277,25915.521</TimeCreated>

<Property name="BankName">
<Type>%String</Type>
</Property>

<Property name="IsApproved">
<Type>%Boolean</Type>
<InitialExpression>0</InitialExpression>
</Property>

<Property name="InterestRate">
<Type>%Numeric</Type>
</Property>

<Parameter name="DOMAIN">
<Default>EnsDemo</Default>
</Parameter>

<Method name="GetText">
<ReturnType>%String</ReturnType>
<Implementation><![CDATA[
	Set tSessionId=$$$JobSessionId
	&sql(Select MessageBodyId into :tRecordNum from Ens.MessageHeader where ID=:tSessionId)
	If $Get(tRecordNum)="" set tRecordNum ="??"
	If ..IsApproved {
		Set tText=$$FormatMessage^%occMessages(,"EnsDemo","FindRateIsApproved3","Your loan application with record number %1 was approved at the interest rate of %2 percent.",tRecordNum,..InterestRate)_$c(13,10)
	} Else {
		Set tText=$$FormatMessage^%occMessages(,"EnsDemo","FindRateIsDenied1","Your loan application with record number %1 was denied.",tRecordNum)_$c(13,10)
	}
	Set tThank=$$FormatMessage^%occMessages(,"EnsDemo","FindRateThankyou1","Thank you for applying with %1.",..BankName)
	Quit tText_tThank_$c(13,10)
]]></Implementation>
</Method>

<Storage name="Default">
<Type>%Library.CacheStorage</Type>
<DefaultData>ApprovalDefaultData</DefaultData>
<Data name="ApprovalDefaultData">
<Subscript>"Approval"</Subscript>
<Value name="1">
<Value>BankName</Value>
</Value>
<Value name="2">
<Value>InterestRate</Value>
</Value>
<Value name="3">
<Value>IsApproved</Value>
</Value>
<Value name="4">
<Value>Destination</Value>
</Value>
</Data>
</Storage>
</Class>
</Export>
