<?xml version="1.0" encoding="UTF-8"?>
<Export generator="Cache" version="25">
<Class name="Demo.ComplexMap.SemesterFixed.ClassBatch">
<Description>
RECORDMAP: Modified during compilation of Complex RecordMap 'Demo.ComplexMap.SemesterFixed.ClassMap'
on 2012-12-06 at 17:59:50.300 [2012-12-06 22:59:50.300 UTC]
by user DemoUser</Description>
<ProcedureBlock>1</ProcedureBlock>
<Super>EnsLib.RecordMap.ComplexBatch,Ens.Request</Super>
<TimeCreated>62797,64790.30003</TimeCreated>
<Inheritance>right</Inheritance>

<Parameter name="RECORDMAPGENERATED">
<Default>1</Default>
</Parameter>

<Property name="Semester">
<Type>Demo.ComplexMap.SemesterFixed.Semester.Record</Type>
<Required>1</Required>
</Property>

<Property name="Classes">
<Type>Demo.ComplexMap.SemesterFixed.ClassInfo.Record</Type>
<Collection>array</Collection>
<Parameter name="MINREPEATS" value="1"/>
</Property>

<Storage name="Default">
<Type>%Library.CacheStorage</Type>
<DataLocation>^Demo.ComplexMapSFix.ClassBatchD</DataLocation>
<DefaultData>ClassBatchDefaultData</DefaultData>
<IdLocation>^Demo.ComplexMapSFix.ClassBatchD</IdLocation>
<IndexLocation>^Demo.ComplexMapSFix.ClassBatchI</IndexLocation>
<StreamLocation>^Demo.ComplexMapSFix.ClassBatchS</StreamLocation>
<ExtentSize>2000000</ExtentSize>
<Data name="ClassBatchDefaultData">
<Structure>listnode</Structure>
<Subscript/>
<Value name="1">
<Value>%%CLASSNAME</Value>
</Value>
<Value name="2">
<Value>Semester</Value>
</Value>
<Value name="3">
<Value>%Source</Value>
</Value>
</Data>
<Data name="Classes">
<Attribute>Classes</Attribute>
<Structure>subnode</Structure>
<Subscript>"Classes"</Subscript>
</Data>
</Storage>
</Class>
</Export>