<?xml version="1.0" encoding="UTF-8"?>
<Export generator="Cache" version="25">
<Class name="Demo.ComplexMap.SemesterFixed.StudentBatch">
<Description>
RECORDMAP: Modified during compilation of Complex RecordMap 'Demo.ComplexMap.SemesterFixed.StudentMap'
on 2012-12-06 at 18:01:20.705 [2012-12-06 23:01:20.705 UTC]
by user DemoUser</Description>
<ProcedureBlock>1</ProcedureBlock>
<Super>EnsLib.RecordMap.ComplexBatch,Ens.Request</Super>
<TimeCreated>62797,64880.705839</TimeCreated>
<Inheritance>right</Inheritance>

<Parameter name="RECORDMAPGENERATED">
<Default>1</Default>
</Parameter>

<Property name="Semester">
<Type>Demo.ComplexMap.SemesterFixed.Semester.Record</Type>
<Required>1</Required>
</Property>

<Property name="Students">
<Type>Demo.ComplexMap.SemesterFixed.Student.Record</Type>
<Collection>array</Collection>
<Parameter name="MINREPEATS" value="1"/>
</Property>

<Storage name="Default">
<Type>%Library.CacheStorage</Type>
<DataLocation>^Demo.ComplexSFix.StudentBatchD</DataLocation>
<DefaultData>StudentBatchDefaultData</DefaultData>
<IdLocation>^Demo.ComplexSFix.StudentBatchD</IdLocation>
<IndexLocation>^Demo.ComplexSFix.StudentBatchI</IndexLocation>
<StreamLocation>^Demo.ComplexSFix.StudentBatchS</StreamLocation>
<ExtentSize>2000000</ExtentSize>
<Data name="StudentBatchDefaultData">
<Structure>listnode</Structure>
<Subscript/>
<Value name="1">
<Value>%%CLASSNAME</Value>
</Value>
<Value name="2">
<Value>Semester</Value>
</Value>
<Value name="3">
<Value>%Source</Value>
</Value>
</Data>
<Data name="Students">
<Attribute>Students</Attribute>
<Structure>subnode</Structure>
<Subscript>"Students"</Subscript>
</Data>
</Storage>
</Class>
</Export>