<?xml version="1.0" encoding="UTF-8"?>
<Export generator="Cache" version="25" zv="Cache for Windows (x86-64) 2011.2 (Build 304U)" ts="2011-09-16 12:43:23">
<Project name="ExportProduction_2011-09-16 12:42:50_248-4">
  <ProjectDescription>Studio Project generated from Ensemble Production 'Hospital.OptionalProduction' at 2011-09-16 16:42:50.248 UTC</ProjectDescription>
  <Items>
    <ProjectItem name="Hospital.OptionalProduction" type="CLS"></ProjectItem>
    <ProjectItem name="Hospital.OptionalProduction.AlertRule" type="CLS"></ProjectItem>
    <ProjectItem name="Hospital.OptionalProduction.RoutingRule" type="CLS"></ProjectItem>
  </Items>
</Project>


<Class name="Hospital.OptionalProduction.AlertRule">
<Description>
</Description>
<ProcedureBlock>1</ProcedureBlock>
<Super>Ens.Rule.Definition</Super>
<TimeChanged>62350,44072.442569</TimeChanged>
<TimeCreated>62350,44072.435867</TimeCreated>

<Parameter name="RuleAssistClass">
<Default>EnsLib.MsgRouter.RuleAssist</Default>
</Parameter>

<XData name="RuleDefinition">
<XMLNamespace>http://www.intersystems.com/rule</XMLNamespace>
<Data><![CDATA[
<ruleDefinition alias="" context="EnsLib.MsgRouter.RoutingEngine" production="">
<ruleSet name="" effectiveBegin="" effectiveEnd="">
<rule name="">
</rule>
</ruleSet>
</ruleDefinition>
]]></Data>
</XData>
</Class>


<Class name="Hospital.OptionalProduction">
<ProcedureBlock>1</ProcedureBlock>
<Super>Ens.Production</Super>
<TimeChanged>62350,44175.380641</TimeChanged>
<TimeCreated>62350,44071.852219</TimeCreated>

<XData name="ProductionDefinition">
<Data><![CDATA[
<Production Name="Hospital.OptionalProduction" LogGeneralTraceEvents="false">
  <Description></Description>
  <ActorPoolSize>2</ActorPoolSize>
  <Item Name="Ens.Alert" Category="" ClassName="EnsLib.MsgRouter.RoutingEngine" PoolSize="0" Enabled="true" Foreground="false" Comment="This handles Alert routing logic." LogTraceEvents="false" Schedule="">
    <Setting Target="Host" Name="BusinessRuleName">Hospital.OptionalProduction.AlertRule</Setting>
  </Item>
  <Item Name="EMailAlert" Category="" ClassName="EnsLib.EMail.AlertOperation" PoolSize="1" Enabled="false" Foreground="false" Comment="This sends alerts via e-mail." LogTraceEvents="false" Schedule="">
  </Item>
  <Item Name="PagerAlert" Category="" ClassName="EnsLib.EMail.AlertOperation" PoolSize="1" Enabled="false" Foreground="false" Comment="This sends alerts to a pager via e-mail." LogTraceEvents="false" Schedule="">
  </Item>
  <Item Name="BadMessageHandler" Category="" ClassName="EnsLib.HL7.Operation.FileOperation" PoolSize="1" Enabled="false" Foreground="false" Comment="Bad messages are sent to this operation." LogTraceEvents="false" Schedule="">
  </Item>
  <Item Name="To_File" Category="" ClassName="EnsLib.HL7.Operation.FileOperation" PoolSize="1" Enabled="true" Foreground="false" Comment="" LogTraceEvents="false" Schedule="">
    <Setting Target="Adapter" Name="FilePath">c:\Integration\HL7\Out</Setting>
    <Setting Target="Host" Name="Filename">TCP.txt</Setting>
  </Item>
  <Item Name="From_TCP" Category="" ClassName="EnsLib.HL7.Service.TCPService" PoolSize="1" Enabled="true" Foreground="false" Comment="" LogTraceEvents="false" Schedule="">
    <Setting Target="Host" Name="MessageSchemaCategory">2.3.1</Setting>
    <Setting Target="Host" Name="TargetConfigNames">To_File</Setting>
    <Setting Target="Adapter" Name="Port">1234</Setting>
  </Item>
</Production>
]]></Data>
</XData>
</Class>


<Class name="Hospital.OptionalProduction.RoutingRule">
<Description>
</Description>
<ProcedureBlock>1</ProcedureBlock>
<Super>Ens.Rule.Definition</Super>
<TimeChanged>62350,44072.192352</TimeChanged>
<TimeCreated>62350,44072.184584</TimeCreated>

<Parameter name="RuleAssistClass">
<Default>EnsLib.HL7.MsgRouter.RuleAssist</Default>
</Parameter>

<XData name="RuleDefinition">
<XMLNamespace>http://www.intersystems.com/rule</XMLNamespace>
<Data><![CDATA[
<ruleDefinition alias="" context="EnsLib.HL7.MsgRouter.RoutingEngine" production="">
<ruleSet name="" effectiveBegin="" effectiveEnd="">
<rule name="">
<constraint name="source" value="HL7FileService"></constraint>
<when condition="1">
<send transform="" target="HL7FileOperation"></send>
</when>
</rule>
</ruleSet>
</ruleDefinition>
]]></Data>
</XData>
</Class>
</Export>
