<?xml version="1.0" encoding="UTF-8"?>
<Export generator="Cache" version="25" zv="Cache for Windows (x86-64) 2011.2 (Build 304U)" ts="2011-09-21 16:15:12">
<Class name="Hospital.HospitalProd.AlertRule">
<Description>
</Description>
<ProcedureBlock>1</ProcedureBlock>
<Super>Ens.Rule.Definition</Super>
<TimeChanged>62349,60335.719979</TimeChanged>
<TimeCreated>62349,60335.71303</TimeCreated>

<Parameter name="RuleAssistClass">
<Default>EnsLib.MsgRouter.RuleAssist</Default>
</Parameter>

<XData name="RuleDefinition">
<XMLNamespace>http://www.intersystems.com/rule</XMLNamespace>
<Data><![CDATA[
<ruleDefinition alias="" context="EnsLib.MsgRouter.RoutingEngine" production="">
<ruleSet name="" effectiveBegin="" effectiveEnd="">
<rule name="">
</rule>
</ruleSet>
</ruleDefinition>
]]></Data>
</XData>
</Class>


<Class name="Hospital.HospitalProd">
<ProcedureBlock>1</ProcedureBlock>
<Super>Ens.Production</Super>
<TimeChanged>62355,58420</TimeChanged>
<TimeCreated>62349,60335.007468</TimeCreated>

<XData name="ProductionDefinition">
<Data><![CDATA[
<Production Name="Hospital.HospitalProd" LogGeneralTraceEvents="false">
  <Description>Processing Hospital messages.</Description>
  <ActorPoolSize>2</ActorPoolSize>
  <Item Name="Ens.Alert" Category="" ClassName="EnsLib.MsgRouter.RoutingEngine" PoolSize="0" Enabled="true" Foreground="false" Comment="This handles Alert routing logic." LogTraceEvents="false" Schedule="">
    <Setting Target="Host" Name="BusinessRuleName">Hospital.HospitalProd.AlertRule</Setting>
  </Item>
  <Item Name="EMailAlert" Category="" ClassName="EnsLib.EMail.AlertOperation" PoolSize="1" Enabled="false" Foreground="false" Comment="This sends alerts via e-mail." LogTraceEvents="false" Schedule="">
  </Item>
  <Item Name="PagerAlert" Category="" ClassName="EnsLib.EMail.AlertOperation" PoolSize="1" Enabled="false" Foreground="false" Comment="This sends alerts to a pager via e-mail." LogTraceEvents="false" Schedule="">
  </Item>
  <Item Name="BadMessageHandler" Category="" ClassName="EnsLib.HL7.Operation.FileOperation" PoolSize="1" Enabled="false" Foreground="false" Comment="Bad messages are sent to this operation." LogTraceEvents="false" Schedule="">
  </Item>
  <Item Name="To_Pharmacy" Category="HL7" ClassName="EnsLib.HL7.Operation.FileOperation" PoolSize="1" Enabled="true" Foreground="false" Comment="Sends messages to the Pharmacy application." LogTraceEvents="false" Schedule="">
    <Setting Target="Adapter" Name="FilePath">c:\Integration\HL7\Out</Setting>
    <Setting Target="Host" Name="Filename">Pharmacy.txt</Setting>
  </Item>
  <Item Name="From_ER" Category="HL7" ClassName="EnsLib.HL7.Service.FileService" PoolSize="1" Enabled="true" Foreground="false" Comment="Accepts messages from a file that has been sent by the ER application." LogTraceEvents="false" Schedule="">
    <Setting Target="Host" Name="MessageSchemaCategory">2.3.1</Setting>
    <Setting Target="Host" Name="TargetConfigNames">To_Pharmacy</Setting>
    <Setting Target="Adapter" Name="FilePath">c:\Integration\HL7\In</Setting>
    <Setting Target="Adapter" Name="ArchivePath"></Setting>
    <Setting Target="Adapter" Name="FileSpec">*.txt</Setting>
  </Item>
</Production>
]]></Data>
</XData>
</Class>



<Project name="Hospital">
  <Items>
    <ProjectItem name="Hospital.HospitalProd" type="CLS"></ProjectItem>
    <ProjectItem name="Hospital.HospitalProd.AlertRule" type="CLS"></ProjectItem>
  </Items>
</Project>
</Export>
