<?xml version="1.0" encoding="UTF-8"?>
<Export generator="Cache" version="25">
<Class name="Demo.HL7v3.MsgRouter.RuleAssist">
<Abstract>1</Abstract>
<Super>EnsLib.MsgRouter.RuleAssist</Super>
<TimeCreated>62098,34463.90049</TimeCreated>

<Method name="GetDescription">
<ClassMethod>1</ClassMethod>
<ReturnType>%String</ReturnType>
<Implementation><![CDATA[	quit "HL7v3 Demo Message Routing Rule"
]]></Implementation>
</Method>

<Method name="GetContextClass">
<ClassMethod>1</ClassMethod>
<ReturnType>%String</ReturnType>
<Implementation><![CDATA[	quit "Demo.HL7v3.MsgRouter.RoutingEngine"
]]></Implementation>
</Method>

<Method name="IsHidden">
<ClassMethod>1</ClassMethod>
<ReturnType>%String</ReturnType>
<Implementation><![CDATA[	quit 1
]]></Implementation>
</Method>
</Class>
</Export>
