<?xml version="1.0" encoding="UTF-8"?>
<Export generator="Cache" version="25">
<Class name="Demo.Loan.FindRateCSPService">
<ClassType/>
<ProcedureBlock>1</ProcedureBlock>
<Super>Ens.BusinessService</Super>
<TimeCreated>59278,43007.285</TimeCreated>

<Method name="OnProcessInput">
<FormalSpec>pCSPRequest:%CSP.Request,pOutput:Ens.StringContainer</FormalSpec>
<ReturnType>%Status</ReturnType>
<Implementation><![CDATA[
	Set tApplication = ##class(Demo.Loan.Msg.Application).%New()
	Set tApplication.Amount = pCSPRequest.Get("Amount")
	Set tApplication.Name = pCSPRequest.Get("Name")
	Set tApplication.TaxID = pCSPRequest.Get("TaxID")
	Set tApplication.Nationality = pCSPRequest.Get("Nationality")
	Set tApplication.BusinessOperationType = "mail"
	Set tApplication.Destination = pCSPRequest.Get("EMail")
	Set tSC = ..SendRequestAsync("Demo.Loan.FindRateDecisionProcessBPL",tApplication)  Quit:$$$ISERR(tSC) tSC

	Set pOutput = ##class(Ens.StringContainer).%New(tApplication.GetRecordNumberText(1))
	Quit tSC
]]></Implementation>
</Method>
</Class>
</Export>
