<?xml version="1.0" encoding="UTF-8"?>
<Export generator="Cache" version="9" zv="Cache for Windows NT (Intel) 5.0.5 (Build 2185U)" ts="2005-03-29 11:09:23">
<Class name="Debug.AddToPhoneListRequest">
<ClassType>persistent</ClassType>
<ProcedureBlock>1</ProcedureBlock>
<Super>Ens.Request</Super>
<TimeChanged>59983,59228.903102</TimeChanged>
<TimeCreated>59988,39934.096743</TimeCreated>

<Property name="Name">
<Type>%String</Type>
</Property>

<Property name="WorkPhone">
<Type>%String</Type>
</Property>

<Property name="HomePhone">
<Type>%String</Type>
</Property>

<Property name="MobilePhone">
<Type>%String</Type>
</Property>

<Property name="FileName">
<Type>%String</Type>
</Property>

<Storage name="Default">
<Type>%Library.CacheStorage</Type>
<DefaultData>AddToPhoneListRequestDefaultData</DefaultData>
<Data name="AddToPhoneListRequestDefaultData">
<Structure>listnode</Structure>
<Subscript>"AddToPhoneListRequest"</Subscript>
<Value name="1">
<Value>HomePhone</Value>
</Value>
<Value name="2">
<Value>MobilePhone</Value>
</Value>
<Value name="3">
<Value>Name</Value>
</Value>
<Value name="4">
<Value>WorkPhone</Value>
</Value>
<Value name="5">
<Value>FileName</Value>
</Value>
</Data>
</Storage>
</Class>
<Class name="Debug.CreateReceptionFiles">
<ProcedureBlock>1</ProcedureBlock>
<Super>Ens.BusinessOperation</Super>
<TimeChanged>59983,59347.318033</TimeChanged>
<TimeCreated>59494,48419.616277</TimeCreated>

<Parameter name="ADAPTER">
<Default>EnsLib.File.OutboundAdapter</Default>
</Parameter>

<Parameter name="INVOCATION">
<Default>Queue</Default>
</Parameter>

<Method name="PhoneList">
<FormalSpec>pRequest:Debug.AddToPhoneListRequest,*pResponse:Ens.Response</FormalSpec>
<ReturnType>%Status</ReturnType>
<Implementation><![CDATA[

	//The out string will hold the entry for the file.
	//Each piece of data is on a separate line.
	
	set out=pRequest.Name_$c(9)
	set out=out_pRequest.WorkPhone_$c(9)
	set out=out_pRequest.HomePhone_$c(9)
	set out=out_pRequest.MobilePhone_$c(13,10)
	
	set tSC=..Adapter.PutString(pRequest.FileName,out)
		
	Quit $$$OK
]]></Implementation>
</Method>

<XData name="MessageMap">
<Data><![CDATA[
<MapItems>
	<MapItem MessageType="Debug.AddToPhoneListRequest"> 
		<Method>PhoneList</Method>
	</MapItem>
</MapItems>
]]></Data>
</XData>
</Class>
<Class name="Debug.GetPhoneNumber">
<Language>cache</Language>
<ProcedureBlock>1</ProcedureBlock>
<Super>Ens.BusinessOperation</Super>
<TimeChanged>59988,40103.10534</TimeChanged>
<TimeCreated>59494,48419.584539</TimeCreated>

<Parameter name="ADAPTER">
<Default>EnsLib.SQL.OutboundAdapter</Default>
</Parameter>

<Parameter name="INVOCATION">
<Default>Queue</Default>
</Parameter>

<Method name="GetPhone">
<FormalSpec>pRequest:Debug.GetPhoneNumberRequest,*pResponse:Debug.GetPhoneNumberResponse</FormalSpec>
<ReturnType>%Status</ReturnType>
<Implementation><![CDATA[
	//need to pass tResult by reference explicitly in ObjectScript
	//Use an adapter to run a query in the Employee database.
	Set tSC = ..Adapter.ExecuteQuery(.tResult,"Select "_pRequest.Type_" from Employee where EmployeeID="_pRequest.ID)
	
	//Get the result 	
	do tResult.Next()
	set pResponse.PhoneNumber = tResult.GetData(1)
			
	Quit $$$OK
]]></Implementation>
</Method>

<XData name="MessageMap">
<Data><![CDATA[
<MapItems>
	<MapItem MessageType="Debug.GetPhoneNumberRequest"> 
		<Method>GetPhone</Method>
	</MapItem>
</MapItems>
]]></Data>
</XData>
</Class>
<Class name="Debug.GetPhoneNumberRequest">
<Description>
</Description>
<ClassType>persistent</ClassType>
<ProcedureBlock>1</ProcedureBlock>
<Super>Ens.Request</Super>
<TimeChanged>59983,51200.940431</TimeChanged>
<TimeCreated>59988,39934.12687</TimeCreated>

<Property name="ID">
<Type>%Integer</Type>
</Property>

<Property name="Type">
<Type>%String</Type>
</Property>

<Storage name="Default">
<Type>%Library.CacheStorage</Type>
<DefaultData>GetPhoneNumberRequestDefaultData</DefaultData>
<Data name="GetPhoneNumberRequestDefaultData">
<Structure>listnode</Structure>
<Subscript>"GetPhoneNumberRequest"</Subscript>
<Value name="1">
<Value>ID</Value>
</Value>
<Value name="2">
<Value>Type</Value>
</Value>
</Data>
</Storage>
</Class>
<Class name="Debug.GetPhoneNumberResponse">
<ClassType>persistent</ClassType>
<ProcedureBlock>1</ProcedureBlock>
<Super>Ens.Response</Super>
<TimeChanged>59983,58346.756589</TimeChanged>
<TimeCreated>59988,39934.135572</TimeCreated>

<Property name="PhoneNumber">
<Type>%String</Type>
</Property>

<Storage name="Default">
<Type>%Library.CacheStorage</Type>
<DefaultData>GetPhoneNumberResponseDefaultData</DefaultData>
<Data name="GetPhoneNumberResponseDefaultData">
<Structure>listnode</Structure>
<Subscript>"GetPhoneNumberResponse"</Subscript>
<Value name="1">
<Value>PhoneNumber</Value>
</Value>
</Data>
</Storage>
</Class>
<Class name="Debug.Reception">
<ProcedureBlock>1</ProcedureBlock>
<Super>Ens.Production</Super>
<TimeChanged>59983,59391</TimeChanged>
<TimeCreated>59988,39934.143591</TimeCreated>

<XData name="ProductionDefinition">
<Data><![CDATA[
<Production Name="Debug.Reception" TestingEnabled="true">
  <Description></Description>
  <ActorPoolSize>2</ActorPoolSize>
  <Item Name="Debug.GetPhoneNumber" ClassName="Debug.GetPhoneNumber" PoolSize="1" Enabled="true" Foreground="false" DisableErrorTraps="false" InactivityTimeout="0">
    <Setting Target="Host" Name="RetryInterval">5</Setting>
    <Setting Target="Host" Name="FailureTimeout">15</Setting>
    <Setting Target="Adapter" Name="DSN">Access</Setting>
    <Setting Target="Adapter" Name="Credentials">None</Setting>
    <Setting Target="Adapter" Name="StayConnected">-1</Setting>
    <Setting Target="Adapter" Name="ConnectTimeout">5</Setting>
  </Item>
  <Item Name="Debug.CreateReceptionFiles" ClassName="Debug.CreateReceptionFiles" PoolSize="1" Enabled="true" Foreground="false" DisableErrorTraps="false" InactivityTimeout="0">
    <Setting Target="Host" Name="RetryInterval">5</Setting>
    <Setting Target="Host" Name="FailureTimeout">15</Setting>
    <Setting Target="Adapter" Name="FilePath">c:\Integration</Setting>
    <Setting Target="Adapter" Name="Overwrite">0</Setting>
    <Setting Target="Adapter" Name="Charset">Default</Setting>
    <Setting Target="Adapter" Name="OpenTimeout">5</Setting>
  </Item>
</Production>
]]></Data>
</XData>
</Class>
<Checksum value="1077984642"/>
</Export>
