<?xml version="1.0" encoding="UTF-8"?>
<Export generator="Cache" version="24" zv="Cache for Windows (x86-32) 2010.1 (Build 413U)" ts="2010-03-18 09:51:24">
<Class name="Scan.WS.CheckRelationWebService">
<Super>EnsLib.SOAP.Service</Super>
<TimeChanged>61803,35340.471026</TimeChanged>
<TimeCreated>61776,52605.044145</TimeCreated>

<Parameter name="SERVICENAME">
<Description>
The SOAP name of this service.
Override this parameter in the subclass.</Description>
<Default>CheckRelationService</Default>
</Parameter>

<Parameter name="NAMESPACE">
<Description>
SOAP Namespace for the WebService
Override this parameter in your subclass with the unique namespace URI
of your organization.</Description>
<Default>http://tempuri.org</Default>
</Parameter>

<Parameter name="ADAPTER">
<Description>
Name of the adapter class - override this to "" if you want to use only the regular SOAP mechanism and not the custom-port InboundAdapter.</Description>
<Default>EnsLib.SOAP.InboundAdapter</Default>
</Parameter>

<Method name="CheckRelation">
<FormalSpec>ID:%String</FormalSpec>
<ReturnType>Scan.CheckRelationResponse</ReturnType>
<WebMethod>1</WebMethod>
<Implementation><![CDATA[
		
		Set IDHolder = ##class(Ens.StringContainer).%New(ID)
		Set tSC = ..ProcessInput(IDHolder,.tResponse)
		if $$$ISERR(tSC) do ..ReturnMethodStatusFault(tSC)
	
		Quit tResponse
]]></Implementation>
</Method>

<Method name="OnProcessInput">
<FormalSpec>IDHolder:Ens.StringContainer,*pResponse:Scan.CheckRelationResponse</FormalSpec>
<ReturnType>%Status</ReturnType>
<Implementation><![CDATA[
		Set tRequest = ##class(Scan.CheckRelationRequest).%New()
		Set tRequest.ID = IDHolder.StringValue
		
		Do ..SendRequestSync("Scan.GetEmployeeDetails",tRequest,.pResponse)
		
		

		Quit $$$OK
]]></Implementation>
</Method>
</Class>
</Export>
