<?xml version="1.0" encoding="UTF-8"?>
<Export generator="Cache" version="25">
<Class name="Demo.ComplexMap.SemesterFixed.Student.Record">
<Description>
RECORDMAP: Generated from RecordMap 'Demo.ComplexMap.SemesterFixed.Student'
on 2012-12-06 at 17:46:52.455 [2012-12-06 22:46:52.455 UTC]
by user DemoUser</Description>
<ProcedureBlock>1</ProcedureBlock>
<Super>EnsLib.RecordMap.ComplexChild,%XML.Adaptor,Ens.Request,EnsLib.RecordMap.Base</Super>
<TimeCreated>62797,64012.4557</TimeCreated>
<Inheritance>right</Inheritance>

<Index name="StudentIDIdx">
<Properties>StudentID</Properties>
</Index>

<Parameter name="RECORDMAPGENERATED">
<Default>1</Default>
</Parameter>

<Parameter name="INCLUDETOPFIELDS">
<Default>1</Default>
</Parameter>

<Property name="StudentID">
<Type>%String</Type>
<Parameter name="MAXLEN" value="9"/>
</Property>

<Property name="LastName">
<Type>%String</Type>
<Parameter name="MAXLEN" value="25"/>
</Property>

<Property name="FirstName">
<Type>%String</Type>
<Parameter name="MAXLEN" value="20"/>
</Property>

<Property name="MiddleName">
<Type>%String</Type>
<Parameter name="MAXLEN" value="20"/>
</Property>

<Property name="Grade">
<Type>%Integer</Type>
<Parameter name="MAXVAL" value="99"/>
</Property>

<Property name="Email">
<Type>%String</Type>
<Parameter name="MAXLEN" value="40"/>
</Property>

<Property name="Phone">
<Type>%String</Type>
<Parameter name="MAXLEN" value="20"/>
</Property>

<Trigger name="OnDelete">
<Code>	Set %ok = ##class(Demo.ComplexMap.SemesterFixed.Student.Record).%OnDelete($$$oidForm({ID})) If $$$ISERR(%ok) Quit</Code>
<Event>DELETE</Event>
</Trigger>

<Storage name="Default">
<Type>%Library.CacheStorage</Type>
<DataLocation>^Demo.ComplexSFix.StuRecD</DataLocation>
<DefaultData>RecordDefaultData</DefaultData>
<IdLocation>^Demo.ComplexSFix.StuRecD</IdLocation>
<IndexLocation>^Demo.ComplexSFix.StuRecI</IndexLocation>
<StreamLocation>^Demo.ComplexSFix.StuRecS</StreamLocation>
<ExtentSize>2000000</ExtentSize>
<Data name="RecordDefaultData">
<Value name="1">
<Value>%%CLASSNAME</Value>
</Value>
<Value name="2">
<Value>StudentID</Value>
</Value>
<Value name="3">
<Value>%Source</Value>
</Value>
<Value name="4">
<Value>FirstName</Value>
</Value>
<Value name="5">
<Value>MiddleName</Value>
</Value>
<Value name="6">
<Value>Grade</Value>
</Value>
<Value name="7">
<Value>Email</Value>
</Value>
<Value name="8">
<Value>Phone</Value>
</Value>
<Value name="9">
<Value>LastName</Value>
</Value>
</Data>
</Storage>
</Class>
</Export>
