<?xml version="1.0" encoding="UTF-8"?>
<Export generator="Cache" version="25" zv="Cache for Windows (x86-64) 2015.1 (Build 429U)" ts="2015-03-26 17:34:47">
<Class name="Hospital.AlertManagerRule">
<Description>
</Description>
<Super>Ens.Rule.Definition</Super>
<TimeChanged>63637,59867.538312</TimeChanged>
<TimeCreated>63637,44521.651697</TimeCreated>

<Parameter name="RuleAssistClass">
<Default>Ens.Alerting.Rule.CreateAlertAssist</Default>
</Parameter>

<XData name="RuleDefinition">
<XMLNamespace>http://www.intersystems.com/rule</XMLNamespace>
<Data><![CDATA[
<ruleDefinition alias="" context="Ens.Alerting.Context.CreateAlert" production="">
<ruleSet name="Alert Manager Rule" effectiveBegin="" effectiveEnd="">
<rule name="Decide how to handle alert" disabled="false">
<when condition="IsRecentManagedAlert(AlertRequest,30,1)">
<return>0</return>
</when>
<when condition="AlertGroups Contains &quot;HL7Group&quot;">
<return>1</return>
</when>
<when condition="AlertGroups Contains &quot;OperationGroup&quot;">
<assign property="Owner" value="&quot;Admin&quot;"></assign>
<return>1</return>
</when>
<when condition="AlertGroups=&quot;NotImportantAlertGroup&quot;">
<return>0</return>
</when>
<otherwise>
<return>1</return>
</otherwise>
</rule>
</ruleSet>
</ruleDefinition>
]]></Data>
</XData>
</Class>


<Class name="Hospital.AlertMonitorRule">
<Description>
</Description>
<Super>Ens.Rule.Definition</Super>
<TimeChanged>63637,62507.78966</TimeChanged>
<TimeCreated>63637,52366.403259</TimeCreated>

<Parameter name="RuleAssistClass">
<Default>Ens.Alerting.Rule.OverdueAlertAssist</Default>
</Parameter>

<XData name="RuleDefinition">
<XMLNamespace>http://www.intersystems.com/rule</XMLNamespace>
<Data><![CDATA[
<ruleDefinition alias="" context="Ens.Alerting.Context.OverdueAlert" production="">
<ruleSet name="" effectiveBegin="" effectiveEnd="">
<rule name="Raise Escalation Level if less than 2 for HL7Group" disabled="false">
<when condition="(ManagedAlert.AlertGroups Contains &quot;HL7Group&quot;)&amp;&amp;(ManagedAlert.EscalationLevel&lt;2)">
<assign property="ManagedAlert.EscalationLevel" value="ManagedAlert.EscalationLevel+1"></assign>
</when>
</rule>
<return>1</return>
</ruleSet>
</ruleDefinition>
]]></Data>
</XData>
</Class>


<Class name="Hospital.CSPService">
<Description>
</Description>
<ProcedureBlock>1</ProcedureBlock>
<Super>Ens.BusinessService</Super>
<TimeChanged>62370,35428</TimeChanged>
<TimeCreated>60856,52421.679986</TimeCreated>

<Method name="OnProcessInput">
<FormalSpec>pCSPRequest:%CSP.Request,pOutput:%RegisteredObject</FormalSpec>
<ReturnType>%Status</ReturnType>
<Implementation><![CDATA[

	set tRequest = ##class(Hospital.OperateRequest).%New()
	set tRequest.PatientID = pCSPRequest.Get("PatientID")
	set tRequest.RequestedOperation = pCSPRequest.Get("RequestedOperation")
	set tRequest.LikelyOutcome = pCSPRequest.Get("LikelyOutcome")
	set st = ..SendRequestAsync("Hospital.PermissionToOperateProcess",tRequest)  Quit:$$$ISERR(st) st
	
	set pOutput = ##class(Ens.StringContainer).%New("You will be notified about the scheduling of your operation.")
	Quit $$$OK
]]></Implementation>
</Method>
</Class>


<Class name="Hospital.CheckVIPRequest">
<ClassType>persistent</ClassType>
<Super>Ens.Request</Super>
<TimeChanged>62370,35428</TimeChanged>
<TimeCreated>61173,52244.264689</TimeCreated>

<Parameter name="RESPONSECLASSNAME">
<Default>Hospital.CheckVIPResponse</Default>
</Parameter>

<Property name="PatientID">
<Type>%Integer</Type>
</Property>

<Storage name="Default">
<Type>%Library.CacheStorage</Type>
<DefaultData>CheckVIPRequestDefaultData</DefaultData>
<Data name="CheckVIPRequestDefaultData">
<Structure>listnode</Structure>
<Subscript>"CheckVIPRequest"</Subscript>
<Value name="1">
<Value>PatientID</Value>
</Value>
</Data>
</Storage>
</Class>


<Class name="Hospital.CheckVIPResponse">
<ClassType>persistent</ClassType>
<Super>Ens.Response</Super>
<TimeChanged>62370,35428</TimeChanged>
<TimeCreated>61173,52244.276056</TimeCreated>

<Property name="CheckVIPResult">
<Type>%Boolean</Type>
</Property>

<Storage name="Default">
<Type>%Library.CacheStorage</Type>
<DefaultData>CheckVIPResponseDefaultData</DefaultData>
<Data name="CheckVIPResponseDefaultData">
<Structure>listnode</Structure>
<Subscript>"CheckVIPResponse"</Subscript>
<Value name="1">
<Value>CheckVIPResult</Value>
</Value>
</Data>
</Storage>
</Class>


<Class name="Hospital.ERADTA06ToTransferADTA02DTL">
<Description>
</Description>
<ProcedureBlock>1</ProcedureBlock>
<Super>Ens.DataTransformDTL</Super>
<TimeChanged>62354,52773.080959</TimeChanged>
<TimeCreated>62354,50061.567907</TimeCreated>

<Parameter name="REPORTERRORS">
<Default>1</Default>
</Parameter>

<XData name="DTL">
<XMLNamespace>http://www.intersystems.com/dtl</XMLNamespace>
<Data><![CDATA[
<transform sourceClass='EnsLib.HL7.Message' targetClass='EnsLib.HL7.Message' sourceDocType='2.3.1:ADT_A06' targetDocType='2.3.1:ADT_A02' create='new' language='objectscript' >
<assign value='source.{MSH}' property='target.{MSH}' action='set' />
<assign value='source.{EVN}' property='target.{EVN}' action='set' />
<assign value='source.{PID}' property='target.{PID}' action='set' />
<assign value='source.{PD1}' property='target.{PD1}' action='set' />
<assign value='source.{PV1}' property='target.{PV1}' action='set' />
<assign value='source.{PV2}' property='target.{PV2}' action='set' />
<assign value='source.{DB1()}' property='target.{DB1()}' action='set' />
<assign value='source.{OBX()}' property='target.{OBX()}' action='set' />
<assign value='"A02"' property='target.{MSH:MessageType.triggerevent}' action='set' />
<assign value='"A02"' property='target.{EVN:EventTypeCode}' action='set' />
<assign value='"NONE"' property='target.{MSH:Security}' action='set' />
<assign value='source.{PID:PatientIdentifierList(1).ID}' property='target.{PID:AlternatePatientIDPID(1).ID}' action='set' />
<if condition='source.{PID:PrimaryLanguage}=""' >
<true>
<assign value='"UNKNOWN"' property='target.{PID:PrimaryLanguage}' action='set' />
</true>
</if>
<assign value='"I"' property='target.{PV1:PatientClass}' action='set' />
</transform>
]]></Data>
</XData>
</Class>


<Class name="Hospital.ERORMO01ToPharmORMO01DTL">
<Description>
</Description>
<ProcedureBlock>1</ProcedureBlock>
<Super>Ens.DataTransformDTL</Super>
<TimeChanged>62353,60971.047184</TimeChanged>
<TimeCreated>62350,58063.090417</TimeCreated>

<Parameter name="REPORTERRORS">
<Default>1</Default>
</Parameter>

<XData name="DTL">
<XMLNamespace>http://www.intersystems.com/dtl</XMLNamespace>
<Data><![CDATA[
<transform sourceClass='EnsLib.HL7.Message' targetClass='EnsLib.HL7.Message' sourceDocType='2.3.1:ORM_O01' targetDocType='2.3.1:ORM_O01' create='new' language='objectscript' >
<assign value='source.{MSH}' property='target.{MSH}' action='set' />
<assign value='source.{NTE()}' property='target.{NTE()}' action='set' />
<assign value='source.{PIDgrp}' property='target.{PIDgrp}' action='set' />
<assign value='source.{ORCgrp()}' property='target.{ORCgrp()}' action='set' />
</transform>
]]></Data>
</XData>
</Class>


<Class name="Hospital.FromOutPatientFacilityRoutingRule">
<Description>
</Description>
<Super>Ens.Rule.Definition</Super>
<TimeChanged>63637,53334.512026</TimeChanged>
<TimeCreated>63637,53232.608403</TimeCreated>

<Parameter name="RuleAssistClass">
<Default>EnsLib.HL7.MsgRouter.RuleAssist</Default>
</Parameter>

<XData name="RuleDefinition">
<XMLNamespace>http://www.intersystems.com/rule</XMLNamespace>
<Data><![CDATA[
<ruleDefinition alias="Hospital.From_OutPatientFacilityRoutingRule" context="EnsLib.HL7.MsgRouter.RoutingEngine" production="Hospital.HospitalProd">
<ruleSet name="Rule for From_OutPatientFacility" effectiveBegin="" effectiveEnd="">
<rule name="Always sent to To_Transfer" disabled="false">
<when condition="1">
<send transform="" target="To_Transfer"></send>
<return></return>
</when>
</rule>
</ruleSet>
</ruleDefinition>
]]></Data>
</XData>
</Class>


<Class name="Hospital.GetPatientInfoProcess.Context">
<Description>
This class is generated by the Hospital.GetPatientInfoProcess BPL class.
This class should not be edited or modified in any way.
Do not make direct use of this class in your application.</Description>
<ClassType>persistent</ClassType>
<CompileAfter>Hospital.GetPatientInfoProcess</CompileAfter>
<IncludeCode/>
<ProcedureBlock>1</ProcedureBlock>
<Super>Ens.BP.Context</Super>
<TimeChanged>63637,42156.975069</TimeChanged>
<TimeCreated>63637,42153.98685</TimeCreated>
<GeneratedBy>Ens.BPL.Compiler.CLS</GeneratedBy>

<Property name="PatientHomePhone">
<Type>%String</Type>
</Property>

<Property name="PatientName">
<Type>%String</Type>
</Property>

<Method name="OnResponse1">
<Description>
Response Handler for call to Hospital.PatientDatabaseOperation</Description>
<FormalSpec>process:Ens.BusinessProcess,context:Ens.BP.Context,request:Hospital.OperateRequest,response:Hospital.OperateResponse,callrequest:Hospital.PatientInfoRequest,callresponse:Hospital.PatientInfoResponse,callname:%String</FormalSpec>
<Language>cache</Language>
<PublicList>process,context</PublicList>
<ReturnType>%Status</ReturnType>
<Implementation><![CDATA[
 Set $ZT="Trap",status=$$$OK do {
 Set status=$$$OK,response.CreditRating=callresponse.CreditRating
 If $$$ISERR(status) Quit
 Set status=$$$OK,response.InsuranceCompany=callresponse.InsuranceCompany
 If $$$ISERR(status) Quit
 Set status=$$$OK,response.IsInsured=callresponse.IsInsured
 If $$$ISERR(status) Quit
 Set status=$$$OK,context.PatientName=callresponse.PatientName
 If $$$ISERR(status) Quit
 Set status=$$$OK,context.PatientHomePhone=callresponse.PatientHomePhone
 If $$$ISERR(status) Quit
 } while (0)
Exit Quit status
Trap Set $ZT="",status=##class(Ens.Util.Error).EnsSystemError("Hospital.GetPatientInfoProcess.Thread1","OnResponse1")
 Goto Exit
]]></Implementation>
</Method>

<Storage name="Default">
<Type>%Library.CacheStorage</Type>
<DefaultData>ContextDefaultData1</DefaultData>
<Data name="ContextDefaultData1">
<Structure>listnode</Structure>
<Subscript>"Context"</Subscript>
<Value name="1">
<Value>PatientHomePhone</Value>
</Value>
<Value name="2">
<Value>PatientName</Value>
</Value>
</Data>
</Storage>
</Class>


<Class name="Hospital.GetPatientInfoProcess.Thread1">
<Description>
This class is generated by the Hospital.GetPatientInfoProcess BPL class.
This class should not be edited or modified in any way.
Do not make direct use of this class in your application.</Description>
<ClassType>persistent</ClassType>
<CompileAfter>Hospital.GetPatientInfoProcess</CompileAfter>
<IncludeCode/>
<ProcedureBlock>1</ProcedureBlock>
<Super>Ens.BP.Thread</Super>
<TimeChanged>63637,42156.992621</TimeChanged>
<TimeCreated>63637,42153.987465</TimeCreated>
<GeneratedBy>Ens.BPL.Compiler.CLS</GeneratedBy>

<Method name="S1">
<FormalSpec>process:Ens.BusinessProcess,context:Ens.BP.Context,synctimedout:%Boolean,syncresponses:%ArrayOfObjects(ELEMENTTYPE="%Library.Persistent"),request:%Library.Persistent,response:%Library.Persistent</FormalSpec>
<Language>cache</Language>
<PublicList>process,context</PublicList>
<ReturnType>%Status</ReturnType>
<Implementation><![CDATA[
 Set $ZT="Trap",status=$$$OK do {
 #; --- Begin Call Call PatientDatabaseOperation ---
 #; --- Begin Request ---
 Set callrequest=##class(Hospital.PatientInfoRequest).%New()
 If '$IsObject(callrequest) Set status=%objlasterror Quit
 Set status=$$$OK,callrequest.PatientID=request.PatientID
 If $$$ISERR(status) Quit
 Set status=..MakeAsyncCall("OnResponse1","Hospital.PatientDatabaseOperation",callrequest,"Call PatientDatabaseOperation",1,0,"Call PatientDatabaseOperation",0)
 If $$$ISERR(status) Quit
 Kill callrequest
 #; --- End Request ---
 #; --- End Call Call PatientDatabaseOperation ---
 Do ..%PendingResponses.Clear(),..%SyncResponses.Clear()
 Set ..%SyncTimedOut=0,..%PendingTimeout="",..%PendingAlarmHandle="",..%SyncName=""
 If ..%Process.IsResponsePending("Call PatientDatabaseOperation") Do ..%PendingResponses.SetAt("","Call PatientDatabaseOperation")
 If ..%PendingResponses.Count()=0 {
    Set ..%NextState="S3"
 } else {
    Set ..%NextState="S2",..%Wait=1
 }
 } while (0)
Exit Quit ..ManageState(status)
Trap Set $ZT="",status=..ManageStatus(status,"S1") Goto Exit
]]></Implementation>
</Method>

<Method name="S2">
<FormalSpec>process:Ens.BusinessProcess,context:Ens.BP.Context,synctimedout:%Boolean,syncresponses:%ArrayOfObjects(ELEMENTTYPE="%Library.Persistent"),request:%Library.Persistent,response:%Library.Persistent</FormalSpec>
<Language>cache</Language>
<PublicList>process,context</PublicList>
<ReturnType>%Status</ReturnType>
<Implementation><![CDATA[
 Set $ZT="Trap",status=$$$OK do {
 If ..%PendingResponses.Count()=0 {
    Set ..%NextState="S3"
 } else {
    Set ..%NextState="S2",..%Wait=1
 }
 } while (0)
Exit Quit ..ManageState(status)
Trap Set $ZT="",status=..ManageStatus(status,"S2") Goto Exit
]]></Implementation>
</Method>

<Method name="S3">
<FormalSpec>process:Ens.BusinessProcess,context:Ens.BP.Context,synctimedout:%Boolean,syncresponses:%ArrayOfObjects(ELEMENTTYPE="%Library.Persistent"),request:%Library.Persistent,response:%Library.Persistent</FormalSpec>
<Language>cache</Language>
<PublicList>process,context</PublicList>
<ReturnType>%Status</ReturnType>
<Implementation><![CDATA[
 Set $ZT="Trap",status=$$$OK do {
 #; --- Begin Call Call MakeFileOperation ---
 #; --- Begin Request ---
 Set callrequest=##class(Hospital.SendNotifyRequest).%New()
 If '$IsObject(callrequest) Set status=%objlasterror Quit
 Set status=$$$OK,callrequest.FileName="Notify.txt"
 If $$$ISERR(status) Quit
 Set status=$$$OK,callrequest.LikelyOutcome=request.LikelyOutcome
 If $$$ISERR(status) Quit
 Set status=$$$OK,callrequest.PatientHomePhone=context.PatientHomePhone
 If $$$ISERR(status) Quit
 Set status=$$$OK,callrequest.PatientID=request.PatientID
 If $$$ISERR(status) Quit
 Set status=$$$OK,callrequest.PatientName=context.PatientName
 If $$$ISERR(status) Quit
 Set status=$$$OK,callrequest.RequestedOperation=request.RequestedOperation
 If $$$ISERR(status) Quit
 Set status=..MakeAsyncCall("","Hospital.MakeFileOperation",callrequest,"Call MakeFileOperation",1,0,"Call MakeFileOperation",0)
 If $$$ISERR(status) Quit
 Kill callrequest
 #; --- End Request ---
 #; --- End Call Call MakeFileOperation ---
 Do process.ClearAllPendingResponses()
 Set ..%NextState="Stop"
 } while (0)
Exit Quit ..ManageState(status)
Trap Set $ZT="",status=..ManageStatus(status,"S3") Goto Exit
]]></Implementation>
</Method>

<Storage name="Default">
<Type>%Library.CacheStorage</Type>
</Storage>
</Class>


<Class name="Hospital.GetPatientInfoProcess">
<ClassType>persistent</ClassType>
<Super>Ens.BusinessProcessBPL</Super>
<TimeChanged>62370,35428</TimeChanged>
<TimeCreated>60856,38645.900416</TimeCreated>

<XData name="BPL">
<Description>
BPL Definition</Description>
<XMLNamespace>http://www.intersystems.com/bpl</XMLNamespace>
<Data><![CDATA[
<process language='objectscript' request='Hospital.OperateRequest' response='Hospital.OperateResponse' height='2000' width='2000' >
<context>
<property name='PatientName' type='%String' />
<property name='PatientHomePhone' type='%String' />
</context>
<sequence xend='546' yend='540' >
<call name='Call PatientDatabaseOperation' target='Hospital.PatientDatabaseOperation' async='1' xpos='550' ypos='200' >
<annotation>Call Hospital.PatientDatabaseOperation</annotation>
<request type='Hospital.PatientInfoRequest' >
<assign property='callrequest.PatientID' value='request.PatientID' action='set' />
</request>
<response type='Hospital.PatientInfoResponse' >
<assign property='response.CreditRating' value='callresponse.CreditRating' action='set' />
<assign property='response.InsuranceCompany' value='callresponse.InsuranceCompany' action='set' />
<assign property='response.IsInsured' value='callresponse.IsInsured' action='set' />
<assign property='context.PatientName' value='callresponse.PatientName' action='set' />
<assign property='context.PatientHomePhone' value='callresponse.PatientHomePhone' action='set' />
</response>
</call>
<sync name='Wait for Patient Status' calls='Call PatientDatabaseOperation' type='all' xpos='550' ypos='300' />
<call name='Call MakeFileOperation' target='Hospital.MakeFileOperation' async='1' xpos='550' ypos='400' >
<annotation>Call Hospital.MakeFileOperation</annotation>
<request type='Hospital.SendNotifyRequest' >
<assign property='callrequest.FileName' value='"Notify.txt"' action='set' />
<assign property='callrequest.LikelyOutcome' value='request.LikelyOutcome' action='set' />
<assign property='callrequest.PatientHomePhone' value='context.PatientHomePhone' action='set' />
<assign property='callrequest.PatientID' value='request.PatientID' action='set' />
<assign property='callrequest.PatientName' value='context.PatientName' action='set' />
<assign property='callrequest.RequestedOperation' value='request.RequestedOperation' action='set' />
</request>
<response type='Ens.Response' />
</call>
</sequence>
</process>
]]></Data>
</XData>

<Storage name="Default">
<Type>%Library.CacheStorage</Type>
</Storage>
</Class>


<Class name="Hospital.GetPatientInfoProcessLookup.Context">
<Description>
This class is generated by the Hospital.GetPatientInfoProcessLookup BPL class.
This class should not be edited or modified in any way.
Do not make direct use of this class in your application.</Description>
<ClassType>persistent</ClassType>
<CompileAfter>Hospital.GetPatientInfoProcessLookup</CompileAfter>
<IncludeCode/>
<ProcedureBlock>1</ProcedureBlock>
<Super>Ens.BP.Context</Super>
<TimeChanged>63637,42156.973792</TimeChanged>
<TimeCreated>63637,42154.123238</TimeCreated>
<GeneratedBy>Ens.BPL.Compiler.CLS</GeneratedBy>

<Property name="NewRequest">
<Type>Hospital.OperateRequest</Type>
</Property>

<Property name="PatientHomePhone">
<Type>%String</Type>
</Property>

<Property name="PatientName">
<Type>%String</Type>
</Property>

<Method name="OnResponse1">
<Description>
Response Handler for call to Hospital.PatientDatabaseOperation</Description>
<FormalSpec>process:Ens.BusinessProcess,context:Ens.BP.Context,request:Hospital.OperateRequest,response:Hospital.OperateResponse,callrequest:Hospital.PatientInfoRequest,callresponse:Hospital.PatientInfoResponse,callname:%String</FormalSpec>
<Language>cache</Language>
<PublicList>process,context</PublicList>
<ReturnType>%Status</ReturnType>
<Implementation><![CDATA[
 Set $ZT="Trap",status=$$$OK do {
 Set status=$$$OK,response.CreditRating=callresponse.CreditRating
 If $$$ISERR(status) Quit
 Set status=$$$OK,response.InsuranceCompany=callresponse.InsuranceCompany
 If $$$ISERR(status) Quit
 Set status=$$$OK,response.IsInsured=callresponse.IsInsured
 If $$$ISERR(status) Quit
 Set status=$$$OK,context.PatientName=callresponse.PatientName
 If $$$ISERR(status) Quit
 Set status=$$$OK,context.PatientHomePhone=callresponse.PatientHomePhone
 If $$$ISERR(status) Quit
 } while (0)
Exit Quit status
Trap Set $ZT="",status=##class(Ens.Util.Error).EnsSystemError("Hospital.GetPatientInfoProcessLookup.Thread1","OnResponse1")
 Goto Exit
]]></Implementation>
</Method>

<Storage name="Default">
<Type>%Library.CacheStorage</Type>
<DefaultData>ContextDefaultData1</DefaultData>
<Data name="ContextDefaultData1">
<Structure>listnode</Structure>
<Subscript>"Context"</Subscript>
<Value name="1">
<Value>NewRequest</Value>
</Value>
<Value name="2">
<Value>PatientHomePhone</Value>
</Value>
<Value name="3">
<Value>PatientName</Value>
</Value>
</Data>
</Storage>
</Class>


<Class name="Hospital.GetPatientInfoProcessLookup.Thread1">
<Description>
This class is generated by the Hospital.GetPatientInfoProcessLookup BPL class.
This class should not be edited or modified in any way.
Do not make direct use of this class in your application.</Description>
<ClassType>persistent</ClassType>
<CompileAfter>Hospital.GetPatientInfoProcessLookup</CompileAfter>
<IncludeCode/>
<ProcedureBlock>1</ProcedureBlock>
<Super>Ens.BP.Thread</Super>
<TimeChanged>63637,42157.011938</TimeChanged>
<TimeCreated>63637,42154.124047</TimeCreated>
<GeneratedBy>Ens.BPL.Compiler.CLS</GeneratedBy>

<Method name="S1">
<FormalSpec>process:Ens.BusinessProcess,context:Ens.BP.Context,synctimedout:%Boolean,syncresponses:%ArrayOfObjects(ELEMENTTYPE="%Library.Persistent"),request:%Library.Persistent,response:%Library.Persistent</FormalSpec>
<Language>cache</Language>
<PublicList>process,context</PublicList>
<ReturnType>%Status</ReturnType>
<Implementation><![CDATA[
 Set $ZT="Trap",status=$$$OK do {
 #; --- Begin Call Get Patient Info ---
 #; --- Begin Request ---
 Set callrequest=##class(Hospital.PatientInfoRequest).%New()
 If '$IsObject(callrequest) Set status=%objlasterror Quit
 Set status=$$$OK,callrequest.PatientID=request.PatientID
 If $$$ISERR(status) Quit
 Set status=..MakeAsyncCall("OnResponse1","Hospital.PatientDatabaseOperation",callrequest,"Get Patient Info",1,0,"Get Patient Info",0)
 If $$$ISERR(status) Quit
 Kill callrequest
 #; --- End Request ---
 #; --- End Call Get Patient Info ---
 Do ..%PendingResponses.Clear(),..%SyncResponses.Clear()
 Set ..%SyncTimedOut=0,..%PendingTimeout="",..%PendingAlarmHandle="",..%SyncName=""
 If ..%Process.IsResponsePending("Get Patient Info") Do ..%PendingResponses.SetAt("","Get Patient Info")
 If ..%PendingResponses.Count()=0 {
    Set ..%NextState="S3"
 } else {
    Set ..%NextState="S2",..%Wait=1
 }
 } while (0)
Exit Quit ..ManageState(status)
Trap Set $ZT="",status=..ManageStatus(status,"S1") Goto Exit
]]></Implementation>
</Method>

<Method name="S2">
<FormalSpec>process:Ens.BusinessProcess,context:Ens.BP.Context,synctimedout:%Boolean,syncresponses:%ArrayOfObjects(ELEMENTTYPE="%Library.Persistent"),request:%Library.Persistent,response:%Library.Persistent</FormalSpec>
<Language>cache</Language>
<PublicList>process,context</PublicList>
<ReturnType>%Status</ReturnType>
<Implementation><![CDATA[
 Set $ZT="Trap",status=$$$OK do {
 If ..%PendingResponses.Count()=0 {
    Set ..%NextState="S3"
 } else {
    Set ..%NextState="S2",..%Wait=1
 }
 } while (0)
Exit Quit ..ManageState(status)
Trap Set $ZT="",status=..ManageStatus(status,"S2") Goto Exit
]]></Implementation>
</Method>

<Method name="S3">
<FormalSpec>process:Ens.BusinessProcess,context:Ens.BP.Context,synctimedout:%Boolean,syncresponses:%ArrayOfObjects(ELEMENTTYPE="%Library.Persistent"),request:%Library.Persistent,response:%Library.Persistent</FormalSpec>
<Language>cache</Language>
<PublicList>process,context</PublicList>
<ReturnType>%Status</ReturnType>
<Implementation><![CDATA[
 Set $ZT="Trap",status=$$$OK do {
 Set iscTemp=context.NewRequest
 Set status=$classmethod("Hospital.LookupOpNameDTL","Transform",request,.iscTemp,"")
 If $$$ISERR(status) Quit
 Set context.NewRequest=iscTemp
 #; --- Begin Call MakeFileOperation ---
 #; --- Begin Request ---
 Set callrequest=##class(Hospital.SendNotifyRequest).%New()
 If '$IsObject(callrequest) Set status=%objlasterror Quit
 Set status=$$$OK,callrequest.FileName="Notify.txt"
 If $$$ISERR(status) Quit
 Set status=$$$OK,callrequest.LikelyOutcome=context.NewRequest.LikelyOutcome
 If $$$ISERR(status) Quit
 Set status=$$$OK,callrequest.PatientHomePhone=context.PatientHomePhone
 If $$$ISERR(status) Quit
 Set status=$$$OK,callrequest.PatientID=context.NewRequest.PatientID
 If $$$ISERR(status) Quit
 Set status=$$$OK,callrequest.PatientName=context.PatientName
 If $$$ISERR(status) Quit
 Set status=$$$OK,callrequest.RequestedOperation=context.NewRequest.RequestedOperation
 If $$$ISERR(status) Quit
 Set status=..MakeAsyncCall("","Hospital.MakeFileOperation",callrequest,"MakeFileOperation",1,0,"MakeFileOperation",0)
 If $$$ISERR(status) Quit
 Kill callrequest
 #; --- End Request ---
 #; --- End Call MakeFileOperation ---
 Do process.ClearAllPendingResponses()
 Set ..%NextState="Stop"
 } while (0)
Exit Quit ..ManageState(status)
Trap Set $ZT="",status=..ManageStatus(status,"S3") Goto Exit
]]></Implementation>
</Method>

<Storage name="Default">
<Type>%Library.CacheStorage</Type>
</Storage>
</Class>


<Class name="Hospital.GetPatientInfoProcessLookup">
<ClassType>persistent</ClassType>
<Super>Ens.BusinessProcessBPL</Super>
<TimeChanged>62370,35428</TimeChanged>
<TimeCreated>60856,38645.900416</TimeCreated>

<XData name="BPL">
<Description>
BPL Definition</Description>
<XMLNamespace>http://www.intersystems.com/bpl</XMLNamespace>
<Data><![CDATA[
<process language='objectscript' request='Hospital.OperateRequest' response='Hospital.OperateResponse' height='2000' width='2000' >
<context>
<property name='PatientName' type='%String' instantiate='0' >
</property>
<property name='PatientHomePhone' type='%String' instantiate='0' >
</property>
<property name='NewRequest' type='Hospital.OperateRequest' instantiate='0' >
</property>
</context>
<sequence xend='200' yend='650' >
<call name='Get Patient Info' target='Hospital.PatientDatabaseOperation' async='1' xpos='200' ypos='250' >
<request type='Hospital.PatientInfoRequest' >
<assign property="callrequest.PatientID" value="request.PatientID" action="set" />
</request>
<response type='Hospital.PatientInfoResponse' >
<assign property="response.CreditRating" value="callresponse.CreditRating" action="set" />
<assign property="response.InsuranceCompany" value="callresponse.InsuranceCompany" action="set" />
<assign property="response.IsInsured" value="callresponse.IsInsured" action="set" />
<assign property="context.PatientName" value="callresponse.PatientName" action="set" />
<assign property="context.PatientHomePhone" value="callresponse.PatientHomePhone" action="set" />
</response>
</call>
<sync name='Wait for Patient Status' calls='Get Patient Info' type='all' xpos='200' ypos='350' />
<transform name='Change Op Name if Needed' class='Hospital.LookupOpNameDTL' source='request' target='context.NewRequest' xpos='200' ypos='450' />
<call name='MakeFileOperation' target='Hospital.MakeFileOperation' async='1' xpos='200' ypos='550' >
<annotation>Hospital.MakeFileOperation</annotation>
<request type='Hospital.SendNotifyRequest' >
<assign property="callrequest.FileName" value="&quot;Notify.txt&quot;" action="set" />
<assign property="callrequest.LikelyOutcome" value="context.NewRequest.LikelyOutcome" action="set" />
<assign property="callrequest.PatientHomePhone" value="context.PatientHomePhone" action="set" />
<assign property="callrequest.PatientID" value="context.NewRequest.PatientID" action="set" />
<assign property="callrequest.PatientName" value="context.PatientName" action="set" />
<assign property="callrequest.RequestedOperation" value="context.NewRequest.RequestedOperation" action="set" />
</request>
<response type='Ens.Response' />
</call>
</sequence>
</process>
]]></Data>
</XData>

<Storage name="Default">
<Type>%Library.CacheStorage</Type>
</Storage>
</Class>


<Class name="Hospital.HL7Metric">
<Description>
</Description>
<Super>Ens.BusinessMetric</Super>
<TimeChanged>62370,35428</TimeChanged>
<TimeCreated>61052,40969.018869</TimeCreated>

<Property name="MessageRouterMsgs">
<Type>Ens.DataType.Metric</Type>
<Parameter name="RANGELOWER" value="0"/>
<Parameter name="RANGEUPPER" value="500"/>
<Parameter name="UNITS" value="HL7 Messages"/>
</Property>

<Property name="PharmacyStatus">
<Type>Ens.DataType.Metric</Type>
<Parameter name="RANGELOWER" value="0"/>
<Parameter name="RANGEUPPER" value="1"/>
</Property>

<Method name="OnCalculateMetrics">
<ReturnType>%Status</ReturnType>
<Implementation><![CDATA[
	//Determine how many messages were processed by From_ER_Router on the current day
	&sql(SELECT COUNT(*) into :count FROM Ens.MessageHeader WHERE
	SourceConfigName='From_ER_Router' AND 
	DATEDIFF('dd',CURRENT_TIMESTAMP,TimeProcessed)=0)
	
	//Set the metric to the current count of messages
	Set ..MessageRouterMsgs=count
	
	
	//Determine if the current status of PharmancyFileOperation is OK
	If (^CacheTemp.EnsHostMonitor("ENSDEMO","To_Pharmacy","%Status") '= "OK")
	{
		//The status could be Error, Retry or Inactive
		Set status=0	
	}
	Else
	{
		//The status is OK
		Set status=1	
	}
	
	//Set the metric to reflect the status
	Set ..PharmacyStatus=status

	Quit $$$OK
]]></Implementation>
</Method>
</Class>


<Class name="Hospital.HospitalHL7Dash">
<Description>
</Description>
<Super>Ens.Dashboard</Super>
<TimeChanged>62370,35428</TimeChanged>
<TimeCreated>61052,41532.753906</TimeCreated>

<XData name="Dashboard">
<Data><![CDATA[
<Dashboard RefreshRate="2000" Metric="Hospital.HL7Metric">
<Speedometer Label="MessageRouter" Property="MessageRouterMsgs" />
<Smiley Label="To_Pharmacy" Property="PharmacyStatus"/>
</Dashboard>
]]></Data>
</XData>
</Class>


<Class name="Hospital.HospitalProd">
<Super>Ens.Production</Super>
<TimeChanged>63637,63064.256027</TimeChanged>
<TimeCreated>60865,51346.85715</TimeCreated>

<XData name="ProductionDefinition">
<Data><![CDATA[
<Production Name="Hospital.HospitalProd" TestingEnabled="true" LogGeneralTraceEvents="false">
  <Description>Managing various functions for a hospital.</Description>
  <ActorPoolSize>2</ActorPoolSize>
  <Setting Target="Production" Name="ShutdownTimeout">30</Setting>
  <Setting Target="Production" Name="UpdateTimeout">10</Setting>
  <Setting Target="Adapter" Name="AlertNotificationManager">NotifyManager</Setting>
  <Setting Target="Adapter" Name="AlertNotificationOperation">EMailAlert</Setting>
  <Setting Target="Adapter" Name="AlertNotificationRecipients">User@hospital.com</Setting>
  <Setting Target="Adapter" Name="AlertActionWindow">60</Setting>
  <Item Name="EMailAlert" Category="" ClassName="EnsLib.EMail.AlertOperation" PoolSize="1" Enabled="true" Foreground="false" DisableErrorTraps="false" Comment="This sends alerts via e-mail." LogTraceEvents="false" Schedule="">
    <Setting Target="Host" Name="InactivityTimeout">0</Setting>
    <Setting Target="Host" Name="AlertRetryGracePeriod">0</Setting>
    <Setting Target="Host" Name="RetryInterval">5</Setting>
    <Setting Target="Host" Name="FailureTimeout">15</Setting>
    <Setting Target="Host" Name="AlertOnError">0</Setting>
    <Setting Target="Host" Name="ArchiveIO">0</Setting>
    <Setting Target="Adapter" Name="SMTPServer">mail.intersystems.com</Setting>
    <Setting Target="Adapter" Name="SMTPPort">25</Setting>
    <Setting Target="Adapter" Name="Credentials"></Setting>
    <Setting Target="Adapter" Name="Recipient"></Setting>
    <Setting Target="Adapter" Name="Cc"></Setting>
    <Setting Target="Adapter" Name="From">HospitalProd</Setting>
    <Setting Target="Host" Name="IncludeManagedAlertHistory">1</Setting>
  </Item>
  <Item Name="PagerAlert" Category="" ClassName="EnsLib.EMail.AlertOperation" PoolSize="1" Enabled="false" Foreground="false" DisableErrorTraps="false" Comment="This sends alerts to a pager via e-mail." LogTraceEvents="false" Schedule="">
    <Setting Target="Host" Name="InactivityTimeout">0</Setting>
  </Item>
  <Item Name="BadMessageHandler" Category="" ClassName="EnsLib.HL7.Operation.FileOperation" PoolSize="1" Enabled="false" Foreground="false" DisableErrorTraps="false" Comment="Bad messages are sent to this operation." LogTraceEvents="false" Schedule="">
    <Setting Target="Host" Name="InactivityTimeout">0</Setting>
  </Item>
  <Item Name="Hospital.PatientDatabaseOperation" Category="Insurance" ClassName="Hospital.PatientDatabaseOperation" PoolSize="1" Enabled="true" Foreground="false" DisableErrorTraps="false" Comment="" LogTraceEvents="false" Schedule="">
    <Setting Target="Host" Name="InactivityTimeout">0</Setting>
    <Setting Target="Host" Name="AlertRetryGracePeriod">0</Setting>
    <Setting Target="Host" Name="RetryInterval">5</Setting>
    <Setting Target="Host" Name="FailureTimeout">15</Setting>
    <Setting Target="Host" Name="AlertOnError">0</Setting>
    <Setting Target="Host" Name="ArchiveIO">0</Setting>
    <Setting Target="Adapter" Name="DSN">PatientData</Setting>
    <Setting Target="Adapter" Name="Credentials"></Setting>
    <Setting Target="Adapter" Name="StayConnected">-1</Setting>
    <Setting Target="Adapter" Name="ConnectTimeout">5</Setting>
    <Setting Target="Host" Name="AlertGroups">OperatingGroup</Setting>
  </Item>
  <Item Name="Hospital.MakeFileOperation" Category="Insurance" ClassName="Hospital.MakeFileOperation" PoolSize="1" Enabled="true" Foreground="false" DisableErrorTraps="false" Comment="" LogTraceEvents="false" Schedule="">
    <Setting Target="Host" Name="InactivityTimeout">0</Setting>
    <Setting Target="Host" Name="AlertRetryGracePeriod">0</Setting>
    <Setting Target="Host" Name="RetryInterval">5</Setting>
    <Setting Target="Host" Name="FailureTimeout">10</Setting>
    <Setting Target="Host" Name="AlertOnError">0</Setting>
    <Setting Target="Host" Name="ArchiveIO">0</Setting>
    <Setting Target="Adapter" Name="FilePath">c:\Integration\Hospital</Setting>
    <Setting Target="Adapter" Name="Overwrite">0</Setting>
    <Setting Target="Adapter" Name="Charset">Default</Setting>
    <Setting Target="Adapter" Name="OpenTimeout">5</Setting>
    <Setting Target="Host" Name="AlertGroups">OperatingGroup</Setting>
  </Item>
  <Item Name="Hospital.GetPatientInfoProcess" Category="Insurance" ClassName="Hospital.GetPatientInfoProcess" PoolSize="0" Enabled="true" Foreground="false" DisableErrorTraps="false" Comment="" LogTraceEvents="false" Schedule="">
    <Setting Target="Host" Name="InactivityTimeout">0</Setting>
    <Setting Target="Host" Name="AlertGroups">OperatingGroup</Setting>
  </Item>
  <Item Name="Hospital.PermissionToOperateProcess" Category="Insurance" ClassName="Hospital.PermissionToOperateProcess" PoolSize="0" Enabled="true" Foreground="false" DisableErrorTraps="false" Comment="" LogTraceEvents="false" Schedule="">
    <Setting Target="Host" Name="InactivityTimeout">0</Setting>
    <Setting Target="Host" Name="AlertGroups">OperatingGroup</Setting>
  </Item>
  <Item Name="Hospital.CSPService" Category="Insurance" ClassName="Hospital.CSPService" PoolSize="0" Enabled="true" Foreground="false" DisableErrorTraps="false" Comment="" LogTraceEvents="false" Schedule="">
    <Setting Target="Host" Name="InactivityTimeout">0</Setting>
    <Setting Target="Host" Name="AlertGracePeriod">0</Setting>
    <Setting Target="Host" Name="AlertOnError">0</Setting>
    <Setting Target="Host" Name="ArchiveIO">0</Setting>
    <Setting Target="Host" Name="AlertGroups">OperatingGroup</Setting>
  </Item>
  <Item Name="Hospital.VIPWebServiceOperation" Category="Insurance" ClassName="Hospital.VIPWebServiceOperation" PoolSize="1" Enabled="true" Foreground="false" Comment="" LogTraceEvents="false" Schedule="">
    <Setting Target="Host" Name="InactivityTimeout">0</Setting>
    <Setting Target="Host" Name="AlertRetryGracePeriod">0</Setting>
    <Setting Target="Host" Name="RetryInterval">5</Setting>
    <Setting Target="Host" Name="FailureTimeout">15</Setting>
    <Setting Target="Host" Name="AlertOnError">0</Setting>
    <Setting Target="Host" Name="ArchiveIO">0</Setting>
    <Setting Target="Adapter" Name="WebServiceURL"><![CDATA[<default>]]]]><![CDATA[></Setting>
    <Setting Target="Adapter" Name="WebServiceClientClass"></Setting>
    <Setting Target="Adapter" Name="SOAPCredentials"></Setting>
    <Setting Target="Adapter" Name="Credentials"></Setting>
    <Setting Target="Adapter" Name="SSLConfig"></Setting>
    <Setting Target="Adapter" Name="ProxyServer"></Setting>
    <Setting Target="Adapter" Name="ProxyPort">80</Setting>
    <Setting Target="Adapter" Name="ProxyHTTPS">0</Setting>
    <Setting Target="Adapter" Name="ResponseTimeout">30</Setting>
    <Setting Target="Host" Name="AlertGroups">OperatingGroup</Setting>
  </Item>
  <Item Name="From_ER" Category="HL7" ClassName="EnsLib.HL7.Service.FileService" PoolSize="1" Enabled="true" Foreground="false" DisableErrorTraps="false" Comment="Accepts messages from a file that has been sent by the ER application." LogTraceEvents="false" Schedule="">
    <Setting Target="Host" Name="InactivityTimeout">0</Setting>
    <Setting Target="Host" Name="AckTargetConfigNames"></Setting>
    <Setting Target="Host" Name="Framing">Flexible</Setting>
    <Setting Target="Host" Name="TargetConfigNames">From_ER_Router</Setting>
    <Setting Target="Host" Name="SearchTableClass">EnsLib.HL7.SearchTable</Setting>
    <Setting Target="Host" Name="LocalFacilityApplication">ISC:EnsembleHL7</Setting>
    <Setting Target="Host" Name="AckMode">Never</Setting>
    <Setting Target="Host" Name="UseAckCommitCodes">1</Setting>
    <Setting Target="Host" Name="IgnoreInboundAck">1</Setting>
    <Setting Target="Host" Name="BatchHandling">Batch</Setting>
    <Setting Target="Host" Name="MessageSchemaCategory">2.3.1</Setting>
    <Setting Target="Host" Name="DefCharEncoding">Latin1</Setting>
    <Setting Target="Host" Name="AlertGracePeriod">0</Setting>
    <Setting Target="Host" Name="AlertOnError">1</Setting>
    <Setting Target="Host" Name="ArchiveIO">0</Setting>
    <Setting Target="Adapter" Name="FilePath">c:\Integration\HL7\In</Setting>
    <Setting Target="Adapter" Name="FileSpec">*.txt</Setting>
    <Setting Target="Adapter" Name="ArchivePath"></Setting>
    <Setting Target="Adapter" Name="WorkPath"></Setting>
    <Setting Target="Adapter" Name="Charset">Default</Setting>
    <Setting Target="Adapter" Name="FileAccessTimeout">10</Setting>
    <Setting Target="Adapter" Name="AppendTimestamp">0</Setting>
    <Setting Target="Adapter" Name="CallInterval">4</Setting>
    <Setting Target="Host" Name="AlertGroups">HL7Group</Setting>
  </Item>
  <Item Name="From_ER_TCP" Category="" ClassName="EnsLib.HL7.Service.TCPService" PoolSize="1" Enabled="false" Foreground="false" DisableErrorTraps="false" Comment="" LogTraceEvents="false" Schedule="">
    <Setting Target="Host" Name="InactivityTimeout">0</Setting>
    <Setting Target="Host" Name="TargetConfigNames">From_ER_Router</Setting>
    <Setting Target="Host" Name="SearchTableClass">EnsLib.HL7.SearchTable</Setting>
    <Setting Target="Host" Name="LocalFacilityApplication">ISC:EnsembleHL7</Setting>
    <Setting Target="Host" Name="Framing">Flexible</Setting>
    <Setting Target="Host" Name="AckMode">Immed</Setting>
    <Setting Target="Host" Name="UseAckCommitCodes">1</Setting>
    <Setting Target="Host" Name="IgnoreInboundAck">1</Setting>
    <Setting Target="Host" Name="AddNackERR">0</Setting>
    <Setting Target="Host" Name="BatchHandling">Batch</Setting>
    <Setting Target="Host" Name="MessageSchemaCategory">2.3.1</Setting>
    <Setting Target="Host" Name="DefCharEncoding">Latin1</Setting>
    <Setting Target="Host" Name="AlertGracePeriod">0</Setting>
    <Setting Target="Host" Name="AlertOnError">0</Setting>
    <Setting Target="Host" Name="ArchiveIO">0</Setting>
    <Setting Target="Adapter" Name="JobPerConnection">0</Setting>
    <Setting Target="Adapter" Name="AllowedIPAddresses"></Setting>
    <Setting Target="Adapter" Name="QSize">100</Setting>
    <Setting Target="Adapter" Name="CallInterval">60</Setting>
    <Setting Target="Adapter" Name="Port">47001</Setting>
    <Setting Target="Adapter" Name="StayConnected">5</Setting>
    <Setting Target="Adapter" Name="ReadTimeout">5</Setting>
    <Setting Target="Adapter" Name="SSLConfig"></Setting>
    <Setting Target="Host" Name="AlertGroups">HL7Group</Setting>
  </Item>
  <Item Name="From_ER_Router" Category="HL7" ClassName="EnsLib.HL7.MsgRouter.RoutingEngine" PoolSize="1" Enabled="true" Foreground="false" DisableErrorTraps="false" Comment="This handles hospital message routing logic." LogTraceEvents="false" Schedule="">
    <Setting Target="Host" Name="InactivityTimeout">0</Setting>
    <Setting Target="Host" Name="LocalFacilityApplication">ISC:EnsembleHL7</Setting>
    <Setting Target="Host" Name="AckType">Application</Setting>
    <Setting Target="Host" Name="NackCode">Error</Setting>
    <Setting Target="Host" Name="Validation">0</Setting>
    <Setting Target="Host" Name="BusinessRuleName">Hospital.HospitalRoutingRule</Setting>
    <Setting Target="Host" Name="AlertOnBadMessage">0</Setting>
    <Setting Target="Host" Name="BadMessageHandler"></Setting>
    <Setting Target="Host" Name="ResponseFrom"></Setting>
    <Setting Target="Host" Name="ResponseTargetConfigNames"></Setting>
    <Setting Target="Host" Name="AlertOnError">0</Setting>
    <Setting Target="Host" Name="AlertGroups">HL7Group</Setting>
  </Item>
  <Item Name="To_Pharmacy" Category="HL7" ClassName="EnsLib.HL7.Operation.FileOperation" PoolSize="1" Enabled="true" Foreground="false" DisableErrorTraps="false" Comment="Sends messages to the Pharmacy application." LogTraceEvents="false" Schedule="">
    <Setting Target="Host" Name="InactivityTimeout">0</Setting>
    <Setting Target="Host" Name="Filename">Pharmacy.txt</Setting>
    <Setting Target="Host" Name="AutoBatchParentSegs">0</Setting>
    <Setting Target="Host" Name="Separators"><![CDATA[|^~\&]]]]><![CDATA[></Setting>
    <Setting Target="Host" Name="SearchTableClass">Hospital.PharmSTable</Setting>
    <Setting Target="Host" Name="DefCharEncoding">Latin1</Setting>
    <Setting Target="Host" Name="AlertRetryGracePeriod">0</Setting>
    <Setting Target="Host" Name="RetryInterval">5</Setting>
    <Setting Target="Host" Name="FailureTimeout">-1</Setting>
    <Setting Target="Host" Name="AlertOnError">0</Setting>
    <Setting Target="Host" Name="ArchiveIO">0</Setting>
    <Setting Target="Host" Name="Framing">AsciiLF</Setting>
    <Setting Target="Adapter" Name="FilePath">c:\Integration\HL7\Out</Setting>
    <Setting Target="Adapter" Name="Overwrite">0</Setting>
    <Setting Target="Adapter" Name="Charset">Default</Setting>
    <Setting Target="Adapter" Name="OpenTimeout">5</Setting>
    <Setting Target="Host" Name="AlertGroups">HL7Group</Setting>
  </Item>
  <Item Name="To_Transfer" Category="HL7" ClassName="EnsLib.HL7.Operation.FileOperation" PoolSize="1" Enabled="true" Foreground="false" DisableErrorTraps="false" Comment="Sends messages to the Transfer application." LogTraceEvents="false" Schedule="">
    <Setting Target="Host" Name="InactivityTimeout">0</Setting>
    <Setting Target="Host" Name="Filename">Transfer.txt</Setting>
    <Setting Target="Host" Name="AutoBatchParentSegs">0</Setting>
    <Setting Target="Host" Name="Separators"><![CDATA[|^~\&]]]]><![CDATA[></Setting>
    <Setting Target="Host" Name="SearchTableClass"></Setting>
    <Setting Target="Host" Name="DefCharEncoding">Latin1</Setting>
    <Setting Target="Host" Name="AlertRetryGracePeriod">0</Setting>
    <Setting Target="Host" Name="RetryInterval">5</Setting>
    <Setting Target="Host" Name="FailureTimeout">-1</Setting>
    <Setting Target="Host" Name="AlertOnError">0</Setting>
    <Setting Target="Host" Name="ArchiveIO">0</Setting>
    <Setting Target="Host" Name="Framing">AsciiLF</Setting>
    <Setting Target="Adapter" Name="FilePath">c:\Integration\HL7\Out</Setting>
    <Setting Target="Adapter" Name="Overwrite">0</Setting>
    <Setting Target="Adapter" Name="Charset">Default</Setting>
    <Setting Target="Adapter" Name="OpenTimeout">5</Setting>
    <Setting Target="Host" Name="AlertGroups">HL7Group</Setting>
  </Item>
  <Item Name="Ens.Alert" Category="" ClassName="Ens.Alerting.AlertManager" PoolSize="0" Enabled="true" Foreground="false" Comment="Alert Manager" LogTraceEvents="false" Schedule="">
    <Setting Target="Host" Name="CreateManagedAlertRule">Hospital.AlertManagerRule</Setting>
  </Item>
  <Item Name="NotifyManager" Category="Notification Manager" ClassName="Ens.Alerting.NotificationManager" PoolSize="0" Enabled="true" Foreground="false" Comment="" LogTraceEvents="false" Schedule="">
    <Setting Target="Host" Name="NotificationTransform">Hospital.NotifyManagerDTL</Setting>
  </Item>
  <Item Name="AlertMonitor" Category="" ClassName="Ens.Alerting.AlertMonitor" PoolSize="1" Enabled="true" Foreground="false" Comment="The Alert Monitor" LogTraceEvents="false" Schedule="">
    <Setting Target="Host" Name="OverdueAlertRule">Hospital.AlertMonitorRule</Setting>
  </Item>
  <Item Name="From_OutPatientFacility" Category="" ClassName="EnsLib.HL7.Service.FileService" PoolSize="1" Enabled="true" Foreground="false" Comment="" LogTraceEvents="false" Schedule="">
    <Setting Target="Host" Name="MessageSchemaCategory">2.3.1</Setting>
    <Setting Target="Host" Name="TargetConfigNames">From_OutPatientFacility_Router</Setting>
    <Setting Target="Adapter" Name="FilePath">c:\HL7\OutPatient</Setting>
    <Setting Target="Adapter" Name="ArchivePath"></Setting>
    <Setting Target="Adapter" Name="FileSpec">*.txt</Setting>
    <Setting Target="Host" Name="AlertOnError">1</Setting>
    <Setting Target="Host" Name="AlertGroups">HL7Group</Setting>
  </Item>
  <Item Name="From_OutPatientFacility_Router" Category="" ClassName="EnsLib.HL7.MsgRouter.RoutingEngine" PoolSize="1" Enabled="true" Foreground="false" Comment="" LogTraceEvents="false" Schedule="">
    <Setting Target="Host" Name="Validation"></Setting>
    <Setting Target="Host" Name="BusinessRuleName">Hospital.FromOutPatientFacilityRoutingRule</Setting>
    <Setting Target="Host" Name="AlertGroups">HL7Group</Setting>
  </Item>
</Production>
]]></Data>
</XData>
</Class>


<Class name="Hospital.HospitalRoutingRule">
<Description>
</Description>
<ProcedureBlock>1</ProcedureBlock>
<Super>Ens.Rule.Definition</Super>
<TimeChanged>62370,37950.165735</TimeChanged>
<TimeCreated>62350,47885.758259</TimeCreated>

<Parameter name="RuleAssistClass">
<Default>EnsLib.HL7.MsgRouter.RuleAssist</Default>
</Parameter>

<XData name="RuleDefinition">
<XMLNamespace>http://www.intersystems.com/rule</XMLNamespace>
<Data><![CDATA[
<ruleDefinition alias="" context="EnsLib.HL7.MsgRouter.RoutingEngine" production="Hospital.HospitalProd">
<ruleSet name="" effectiveBegin="" effectiveEnd="">
<rule name="" disabled="false">
<constraint name="source" value="From_ER"></constraint>
<constraint name="docCategory" value="2.3.1"></constraint>
<constraint name="docName" value="ORM_O01"></constraint>
<when condition="(HL7.{MSH:11.1} StartsWith &quot;T&quot;)&amp;&amp;(HL7.{MSH:ReceivingApplication.namespaceID}=&quot;PHARMACY&quot;)">
<send transform="Hospital.ERORMO01ToPharmORMO01DTL" target="To_Pharmacy"></send>
<return></return>
</when>
</rule>
<rule name="" disabled="false">
<constraint name="docName" value="ADT_A06"></constraint>
<when condition="1">
<send transform="Hospital.ERADTA06ToTransferADTA02DTL" target="To_Transfer"></send>
<return></return>
</when>
</rule>
<rule name="" disabled="false">
<constraint name="docName" value="ADT_A01"></constraint>
<when condition="1">
<send transform="" target="To_Transfer"></send>
<return></return>
</when>
</rule>
</ruleSet>
</ruleDefinition>
]]></Data>
</XData>
</Class>


<Class name="Hospital.LookupOpNameDTL">
<Super>Ens.DataTransformDTL</Super>
<TimeChanged>62370,35428</TimeChanged>
<TimeCreated>61156,57977.229123</TimeCreated>
<DependsOn>Hospital.OperateRequest,Hospital.OperateResponse</DependsOn>

<XData name="DTL">
<XMLNamespace>http://www.intersystems.com/dtl</XMLNamespace>
<Data><![CDATA[
<?xml version="1.0" ?>
<transform targetClass='Hospital.OperateRequest' sourceClass='Hospital.OperateRequest' create='new' language='objectscript'>
<assign property='target.PatientID' value='source.PatientID' action='set'/>
<assign property='target.LikelyOutcome' value='source.LikelyOutcome' action='set'/>
<assign property='target.RequestedOperation' value='..Lookup("Operation Names",source.RequestedOperation)' action='set'/>
<if condition='target.RequestedOperation=""'>
<true>
<assign property='target.RequestedOperation' value='source.RequestedOperation' action='set'/>
</true>
</if>
</transform>
]]></Data>
</XData>
</Class>


<Class name="Hospital.MakeFileOperation">
<Description>
</Description>
<ProcedureBlock>1</ProcedureBlock>
<Super>Ens.BusinessOperation</Super>
<TimeChanged>62370,35428</TimeChanged>
<TimeCreated>60855,58182.969011</TimeCreated>

<Parameter name="ADAPTER">
<Default>EnsLib.File.OutboundAdapter</Default>
</Parameter>

<Parameter name="INVOCATION">
<Default>Queue</Default>
</Parameter>

<Method name="NotifyFile">
<FormalSpec>pRequest:Hospital.SendNotifyRequest,*pResponse:Ens.Response</FormalSpec>
<ReturnType>%Status</ReturnType>
<Implementation><![CDATA[

	set tData = $ZDATETIME($H)_" "
	set tData = tData_pRequest.PatientID_" "
	set tData = tData_pRequest.PatientName_" "
	set tData = tData_pRequest.PatientHomePhone_" "
	set tData = tData_pRequest.RequestedOperation_" " 
	set tData = tData_pRequest.LikelyOutcome_$$$NL

	set sc = ..Adapter.PutString(pRequest.FileName,tData)
	
	Quit $$$OK
]]></Implementation>
</Method>

<Method name="DecisionFile">
<FormalSpec>pRequest:Hospital.SendDecisionRequest,*pResponse:Ens.Response</FormalSpec>
<ReturnType>%Status</ReturnType>
<Implementation><![CDATA[

	set tData = $ZDATETIME($H)_$$$NL
	set tData = tData _pRequest.Contents.PatientID_$$$NL
	set tData = tData _pRequest.Contents.RequestedOperation_$$$NL
	set tData = tData _pRequest.Contents.LikelyOutcome_$$$NL_$$$NL
	set st = ..Adapter.PutString(pRequest.FileName,tData)
	//$$$TRACE("st = "_$system.Status.DisplayError(st))
	Quit $$$OK
]]></Implementation>
</Method>

<XData name="MessageMap">
<Data><![CDATA[
<MapItems>
	<MapItem MessageType="Hospital.SendNotifyRequest"> 
		<Method>NotifyFile</Method>
	</MapItem>
	<MapItem MessageType="Hospital.SendDecisionRequest"> 
		<Method>DecisionFile</Method>
	</MapItem>
</MapItems>
]]></Data>
</XData>
</Class>


<Class name="Hospital.NotifyManagerDTL">
<Super>Ens.DataTransformDTL</Super>
<TimeChanged>63637,61411.122113</TimeChanged>
<TimeCreated>63637,51719.561817</TimeCreated>
<DependsOn>Ens.Alerting.NotificationRequest,Ens.Alerting.Context.Notify</DependsOn>

<Parameter name="IGNOREMISSINGSOURCE">
<Default>1</Default>
</Parameter>

<Parameter name="REPORTERRORS">
<Default>1</Default>
</Parameter>

<XData name="DTL">
<XMLNamespace>http://www.intersystems.com/dtl</XMLNamespace>
<Data><![CDATA[
<transform sourceClass='Ens.Alerting.NotificationRequest' targetClass='Ens.Alerting.Context.Notify' create='new' language='objectscript' >
<assign value='"HL7Group@hospital.com"' property='HL7Email' action='set' />
<assign value='"OperationGroup@hospital.com"' property='OperationEmail' action='set' />
<assign value='"Manager@hospital.com"' property='EscalatedEmail' action='set' />
<assign value='"EMailAlert"' property='target.Targets.(1).TargetConfigName' action='set' />
<assign value='1' property='target.Notify' action='set' />
<if condition='..Contains(source.ManagedAlert.AlertGroups,"HL7Group")' >
<true>
<assign value='HL7Email' property='target.Targets.(1).AlertDestinations' action='append' />
</true>
</if>
<if condition='..Contains(source.ManagedAlert.AlertGroups,"OperationGroup")' >
<true>
<assign value='OperationEmail' property='target.Targets.(1).AlertDestinations' action='append' />
</true>
</if>
<if condition='source.ManagedAlert.EscalationLevel &gt; 0' >
<true>
<assign value='EscalatedEmail' property='target.Targets.(1).AlertDestinations' action='append' />
</true>
</if>
</transform>
]]></Data>
</XData>
</Class>


<Class name="Hospital.OperateRequest">
<Description>
</Description>
<ClassType>persistent</ClassType>
<ProcedureBlock>1</ProcedureBlock>
<Super>Ens.Request</Super>
<TimeChanged>62370,35428</TimeChanged>
<TimeCreated>60855,57214.245956</TimeCreated>

<Property name="PatientID">
<Type>%Integer</Type>
</Property>

<Property name="RequestedOperation">
<Type>%String</Type>
</Property>

<Property name="LikelyOutcome">
<Type>%String</Type>
</Property>

<Storage name="Default">
<Type>%Library.CacheStorage</Type>
<DefaultData>OperateRequestDefaultData</DefaultData>
<Data name="OperateRequestDefaultData">
<Structure>listnode</Structure>
<Subscript>"OperateRequest"</Subscript>
<Value name="1">
<Value>LikelyOutcome</Value>
</Value>
<Value name="2">
<Value>PatientID</Value>
</Value>
<Value name="3">
<Value>RequestedOperation</Value>
</Value>
</Data>
</Storage>
</Class>


<Class name="Hospital.OperateResponse">
<Description>
</Description>
<ClassType>persistent</ClassType>
<ProcedureBlock>1</ProcedureBlock>
<Super>Ens.Response</Super>
<TimeChanged>62370,35428</TimeChanged>
<TimeCreated>60855,57282.916944</TimeCreated>

<Property name="InsuranceCompany">
<Type>%String</Type>
</Property>

<Property name="IsInsured">
<Type>%Boolean</Type>
</Property>

<Property name="CreditRating">
<Type>%Numeric</Type>
</Property>

<Storage name="Default">
<Type>%Library.CacheStorage</Type>
<DefaultData>OperateResponseDefaultData</DefaultData>
<Data name="OperateResponseDefaultData">
<Structure>listnode</Structure>
<Subscript>"OperateResponse"</Subscript>
<Value name="1">
<Value>CreditRating</Value>
</Value>
<Value name="2">
<Value>InsuranceCompany</Value>
</Value>
<Value name="3">
<Value>IsInsured</Value>
</Value>
</Data>
</Storage>
</Class>


<Class name="Hospital.OperationCSPService">
<Description>
</Description>
<ProcedureBlock>1</ProcedureBlock>
<Super>Ens.BusinessService</Super>
<TimeChanged>62370,35428</TimeChanged>
<TimeCreated>60856,52421.679986</TimeCreated>

<Method name="OnProcessInput">
<FormalSpec>pCSPRequest:%CSP.Request,pOutput:%RegisteredObject</FormalSpec>
<ReturnType>%Status</ReturnType>
<Implementation><![CDATA[

	set tRequest = ##class(Hospital.OperateRequest).%New()
	set tRequest.PatientID = pCSPRequest.Get("PatientID")
	set tRequest.RequestedOperation = pCSPRequest.Get("RequestedOperation")
	set tRequest.LikelyOutcome = pCSPRequest.Get("LikelyOutcome")
	set st = ..SendRequestAsync("Hospital.PermissionToOperateProcess",tRequest)  Quit:$$$ISERR(st) st
	
	set pOutput = ##class(Ens.StringContainer).%New("You will be notified about the scheduling of your operation.")
	Quit $$$OK
]]></Implementation>
</Method>
</Class>


<Class name="Hospital.OperationFileService">
<Description>
</Description>
<ProcedureBlock>1</ProcedureBlock>
<Super>Ens.BusinessService</Super>
<TimeChanged>62370,35428</TimeChanged>
<TimeCreated>60856,53129.515605</TimeCreated>

<Parameter name="ADAPTER">
<Default>EnsLib.File.InboundAdapter</Default>
</Parameter>

<Method name="OnProcessInput">
<FormalSpec>pFileStream:%FileCharacterStream,pOutput:%RegisteredObject</FormalSpec>
<ReturnType>%Status</ReturnType>
<Implementation><![CDATA[

	set tLine = pFileStream.ReadLine()
	$$$TRACE("tLine = "_tLine)
			set tRequest = ##class(Hospital.OperateRequest).%New()
		$$$TRACE("Created request.")
		set tRequest.PatientID = $piece(tLine,":",1)
		$$$TRACE("PatientID = "_ tRequest.PatientID)
		set tRequest.RequestedOperation = $piece(tLine,":",2)
		set tRequest.LikelyOutcome = $piece(tLine,":",3) 
		
	set st = ..SendRequestAsync("Hospital.PermissionToOperateProcess",tRequest)
	
	Quit $$$OK
]]></Implementation>
</Method>
</Class>


<Class name="Hospital.PatientDatabaseOperation">
<Description>
</Description>
<ProcedureBlock>1</ProcedureBlock>
<Super>Ens.BusinessOperation</Super>
<TimeChanged>62370,35428</TimeChanged>
<TimeCreated>60856,40488.875969</TimeCreated>

<Parameter name="ADAPTER">
<Default>EnsLib.SQL.OutboundAdapter</Default>
</Parameter>

<Parameter name="INVOCATION">
<Default>Queue</Default>
</Parameter>

<Method name="PatientInfo">
<FormalSpec>pRequest:Hospital.PatientInfoRequest,*pResponse:Hospital.PatientInfoResponse</FormalSpec>
<ReturnType>%Status</ReturnType>
<Implementation><![CDATA[

	set pResponse = ##class(Hospital.PatientInfoResponse).%New()
	
	set query = "Select Name, HomePhone, InsuranceCompany, CreditRating from PatientData where PatientID = "_pRequest.PatientID
	set st = ..Adapter.ExecuteQuery(.tResult,query)
	$$$TRACE("st = "_st)
	do tResult.Next()
	set pResponse.PatientName = tResult.Get("Name")
	set pResponse.PatientHomePhone = tResult.Get("HomePhone")
	set pResponse.CreditRating = tResult.Get("CreditRating")
	set pResponse.IsInsured = 1
	set pResponse.InsuranceCompany = tResult.Get("InsuranceCompany")
	if (pResponse.InsuranceCompany="") set pResponse.IsInsured = 0
	
	/*Hard-code the response
	set pResponse.PatientName = "Sam Spade"
	set pResponse.PatientHomePhone = "617-725-0876"
	set pResponse.InsuranceCompany = "Harvard Pilgrim"
	set pResponse.CreditRating = 21
	set pResponse.IsInsured = 1*/
	Quit $$$OK
]]></Implementation>
</Method>

<XData name="MessageMap">
<Data><![CDATA[
<MapItems>
	<MapItem MessageType="Hospital.PatientInfoRequest"> 
		<Method>PatientInfo</Method>
	</MapItem>
</MapItems>
]]></Data>
</XData>
</Class>


<Class name="Hospital.PatientInfoRequest">
<Description>
</Description>
<ClassType>persistent</ClassType>
<ProcedureBlock>1</ProcedureBlock>
<Super>Ens.Request</Super>
<TimeChanged>62370,35428</TimeChanged>
<TimeCreated>60855,56387.275738</TimeCreated>

<Property name="PatientID">
<Type>%Integer</Type>
</Property>

<Storage name="Default">
<Type>%Library.CacheStorage</Type>
<DefaultData>PatientInfoRequestDefaultData</DefaultData>
<Data name="PatientInfoRequestDefaultData">
<Structure>listnode</Structure>
<Subscript>"PatientInfoRequest"</Subscript>
<Value name="1">
<Value>PatientID</Value>
</Value>
</Data>
</Storage>
</Class>


<Class name="Hospital.PatientInfoResponse">
<Description>
</Description>
<ClassType>persistent</ClassType>
<ProcedureBlock>1</ProcedureBlock>
<Super>Ens.Response</Super>
<TimeChanged>62370,35428</TimeChanged>
<TimeCreated>60855,56444.029805</TimeCreated>

<Property name="PatientName">
<Type>%String</Type>
</Property>

<Property name="PatientHomePhone">
<Type>%String</Type>
</Property>

<Property name="IsInsured">
<Type>%Boolean</Type>
</Property>

<Property name="InsuranceCompany">
<Type>%String</Type>
</Property>

<Property name="CreditRating">
<Type>%Numeric</Type>
</Property>

<Storage name="Default">
<Type>%Library.CacheStorage</Type>
<DefaultData>PatientInfoResponseDefaultData</DefaultData>
<Data name="PatientInfoResponseDefaultData">
<Structure>listnode</Structure>
<Subscript>"PatientInfoResponse"</Subscript>
<Value name="1">
<Value>CreditRating</Value>
</Value>
<Value name="2">
<Value>InsuranceCompany</Value>
</Value>
<Value name="3">
<Value>IsInsured</Value>
</Value>
<Value name="4">
<Value>HomePhone</Value>
</Value>
<Value name="5">
<Value>PatientName</Value>
</Value>
<Value name="6">
<Value>PatientHomePhone</Value>
</Value>
</Data>
</Storage>
</Class>


<Class name="Hospital.PermissionToOperateProcess.Context">
<Description>
This class is generated by the Hospital.PermissionToOperateProcess BPL class.
This class should not be edited or modified in any way.
Do not make direct use of this class in your application.</Description>
<ClassType>persistent</ClassType>
<CompileAfter>Hospital.PermissionToOperateProcess</CompileAfter>
<IncludeCode/>
<ProcedureBlock>1</ProcedureBlock>
<Super>Ens.BP.Context</Super>
<TimeChanged>63637,42157.060574</TimeChanged>
<TimeCreated>63637,42154.495237</TimeCreated>
<GeneratedBy>Ens.BPL.Compiler.CLS</GeneratedBy>

<Property name="Attributes">
<Type>Hospital.OperateResponse</Type>
</Property>

<Property name="IsVIP">
<Type>%Boolean</Type>
</Property>

<Method name="OnResponse1">
<Description>
Response Handler for call to Hospital.GetPatientInfoProcess</Description>
<FormalSpec>process:Ens.BusinessProcess,context:Ens.BP.Context,request:Hospital.OperateRequest,response:Ens.Response,callrequest:Hospital.OperateRequest,callresponse:Hospital.OperateResponse,callname:%String</FormalSpec>
<Language>cache</Language>
<PublicList>process,context</PublicList>
<ReturnType>%Status</ReturnType>
<Implementation><![CDATA[
 Set $ZT="Trap",status=$$$OK do {
 Set status=$$$OK,context.Attributes=callresponse
 If $$$ISERR(status) Quit
 } while (0)
Exit Quit status
Trap Set $ZT="",status=##class(Ens.Util.Error).EnsSystemError("Hospital.PermissionToOperateProcess.Thread1","OnResponse1")
 Goto Exit
]]></Implementation>
</Method>

<Method name="OnResponse2">
<Description>
Response Handler for call to Hospital.VIPWebServiceOperation</Description>
<FormalSpec>process:Ens.BusinessProcess,context:Ens.BP.Context,request:Hospital.OperateRequest,response:Ens.Response,callrequest:Hospital.CheckVIPRequest,callresponse:Hospital.CheckVIPResponse,callname:%String</FormalSpec>
<Language>cache</Language>
<PublicList>process,context</PublicList>
<ReturnType>%Status</ReturnType>
<Implementation><![CDATA[
 Set $ZT="Trap",status=$$$OK do {
 Set status=$$$OK,context.IsVIP=callresponse.CheckVIPResult
 If $$$ISERR(status) Quit
 } while (0)
Exit Quit status
Trap Set $ZT="",status=##class(Ens.Util.Error).EnsSystemError("Hospital.PermissionToOperateProcess.Thread1","OnResponse2")
 Goto Exit
]]></Implementation>
</Method>

<Storage name="Default">
<Type>%Library.CacheStorage</Type>
<DefaultData>ContextDefaultData1</DefaultData>
<Data name="ContextDefaultData1">
<Structure>listnode</Structure>
<Subscript>"Context"</Subscript>
<Value name="1">
<Value>Attributes</Value>
</Value>
<Value name="2">
<Value>IsVIP</Value>
</Value>
</Data>
</Storage>
</Class>


<Class name="Hospital.PermissionToOperateProcess.Thread1">
<Description>
This class is generated by the Hospital.PermissionToOperateProcess BPL class.
This class should not be edited or modified in any way.
Do not make direct use of this class in your application.</Description>
<ClassType>persistent</ClassType>
<CompileAfter>Hospital.PermissionToOperateProcess</CompileAfter>
<IncludeCode/>
<ProcedureBlock>1</ProcedureBlock>
<Super>Ens.BP.Thread</Super>
<TimeChanged>63637,42157.106353</TimeChanged>
<TimeCreated>63637,42154.496129</TimeCreated>
<GeneratedBy>Ens.BPL.Compiler.CLS</GeneratedBy>

<Method name="S1">
<FormalSpec>process:Ens.BusinessProcess,context:Ens.BP.Context,synctimedout:%Boolean,syncresponses:%ArrayOfObjects(ELEMENTTYPE="%Library.Persistent"),request:%Library.Persistent,response:%Library.Persistent</FormalSpec>
<Language>cache</Language>
<PublicList>process,context</PublicList>
<ReturnType>%Status</ReturnType>
<Implementation><![CDATA[
 Set $ZT="Trap",status=$$$OK do {
 #; --- Begin Call Get Patient Info ---
 #; --- Begin Request ---
 Set callrequest=##class(Hospital.OperateRequest).%New()
 If '$IsObject(callrequest) Set status=%objlasterror Quit
 Set status=$$$OK,callrequest=request
 If $$$ISERR(status) Quit
 Set status=..MakeAsyncCall("OnResponse1","Hospital.GetPatientInfoProcess",callrequest,"Get Patient Info",1,0,"Get Patient Info",1)
 If $$$ISERR(status) Quit
 Kill callrequest
 #; --- End Request ---
 #; --- End Call Get Patient Info ---
 Do ..%PendingResponses.Clear(),..%SyncResponses.Clear()
 Set ..%SyncTimedOut=0,..%PendingTimeout="",..%PendingAlarmHandle="",..%SyncName=""
 If ..%Process.IsResponsePending("Get Patient Info") Do ..%PendingResponses.SetAt("","Get Patient Info")
 If ..%PendingResponses.Count()=0 {
    Set ..%NextState="S3"
 } else {
    Set ..%NextState="S2",..%Wait=1
 }
 } while (0)
Exit Quit ..ManageState(status)
Trap Set $ZT="",status=..ManageStatus(status,"S1") Goto Exit
]]></Implementation>
</Method>

<Method name="S10">
<FormalSpec>process:Ens.BusinessProcess,context:Ens.BP.Context,synctimedout:%Boolean,syncresponses:%ArrayOfObjects(ELEMENTTYPE="%Library.Persistent"),request:%Library.Persistent,response:%Library.Persistent</FormalSpec>
<Language>cache</Language>
<PublicList>process,context</PublicList>
<ReturnType>%Status</ReturnType>
<Implementation><![CDATA[
 Set $ZT="Trap",status=$$$OK do {
 #; --- Begin Call Will Operate ---
 #; --- Begin Request ---
 Set callrequest=##class(Hospital.SendDecisionRequest).%New()
 If '$IsObject(callrequest) Set status=%objlasterror Quit
 Set status=$$$OK,callrequest.FileName="WillOperate.txt"
 If $$$ISERR(status) Quit
 Set status=$$$OK,callrequest.Contents=request
 If $$$ISERR(status) Quit
 Set status=..MakeAsyncCall("","Hospital.MakeFileOperation",callrequest,"Will Operate",0,0,"Will Operate",0)
 If $$$ISERR(status) Quit
 Kill callrequest
 #; --- End Request ---
 #; --- End Call Will Operate ---
 Set ..%NextState="S9"
 } while (0)
Exit Quit ..ManageState(status)
Trap Set $ZT="",status=..ManageStatus(status,"S10") Goto Exit
]]></Implementation>
</Method>

<Method name="S11">
<FormalSpec>process:Ens.BusinessProcess,context:Ens.BP.Context,synctimedout:%Boolean,syncresponses:%ArrayOfObjects(ELEMENTTYPE="%Library.Persistent"),request:%Library.Persistent,response:%Library.Persistent</FormalSpec>
<Language>cache</Language>
<PublicList>process,context</PublicList>
<ReturnType>%Status</ReturnType>
<Implementation><![CDATA[
 Set $ZT="Trap",status=$$$OK do {
 #; --- Begin Call Will Not Operate ---
 #; --- Begin Request ---
 Set callrequest=##class(Hospital.SendDecisionRequest).%New()
 If '$IsObject(callrequest) Set status=%objlasterror Quit
 Set status=$$$OK,callrequest.FileName="WillNotOperate.txt"
 If $$$ISERR(status) Quit
 Set status=$$$OK,callrequest.Contents=request
 If $$$ISERR(status) Quit
 Set status=..MakeAsyncCall("","Hospital.MakeFileOperation",callrequest,"Will Not Operate",0,0,"Will Not Operate",0)
 If $$$ISERR(status) Quit
 Kill callrequest
 #; --- End Request ---
 #; --- End Call Will Not Operate ---
 Set ..%NextState="S9"
 } while (0)
Exit Quit ..ManageState(status)
Trap Set $ZT="",status=..ManageStatus(status,"S11") Goto Exit
]]></Implementation>
</Method>

<Method name="S2">
<FormalSpec>process:Ens.BusinessProcess,context:Ens.BP.Context,synctimedout:%Boolean,syncresponses:%ArrayOfObjects(ELEMENTTYPE="%Library.Persistent"),request:%Library.Persistent,response:%Library.Persistent</FormalSpec>
<Language>cache</Language>
<PublicList>process,context</PublicList>
<ReturnType>%Status</ReturnType>
<Implementation><![CDATA[
 Set $ZT="Trap",status=$$$OK do {
 If ..%PendingResponses.Count()=0 {
    Set ..%NextState="S3"
 } else {
    Set ..%NextState="S2",..%Wait=1
 }
 } while (0)
Exit Quit ..ManageState(status)
Trap Set $ZT="",status=..ManageStatus(status,"S2") Goto Exit
]]></Implementation>
</Method>

<Method name="S3">
<FormalSpec>process:Ens.BusinessProcess,context:Ens.BP.Context,synctimedout:%Boolean,syncresponses:%ArrayOfObjects(ELEMENTTYPE="%Library.Persistent"),request:%Library.Persistent,response:%Library.Persistent</FormalSpec>
<Language>cache</Language>
<PublicList>process,context</PublicList>
<ReturnType>%Status</ReturnType>
<Implementation><![CDATA[
 Set $ZT="Trap",status=$$$OK do {
 If ((context.Attributes.IsInsured) || (context.Attributes.CreditRating>=70)) {
 Set ..%NextState="S5"
 } else {
 Set ..%NextState="S6"
 }
 } while (0)
Exit Quit ..ManageState(status)
Trap Set $ZT="",status=..ManageStatus(status,"S3") Goto Exit
]]></Implementation>
</Method>

<Method name="S4">
<FormalSpec>process:Ens.BusinessProcess,context:Ens.BP.Context,synctimedout:%Boolean,syncresponses:%ArrayOfObjects(ELEMENTTYPE="%Library.Persistent"),request:%Library.Persistent,response:%Library.Persistent</FormalSpec>
<Language>cache</Language>
<PublicList>process,context</PublicList>
<ReturnType>%Status</ReturnType>
<Implementation><![CDATA[
 Set $ZT="Trap",status=$$$OK do {
 Do process.ClearAllPendingResponses()
 Set ..%NextState="Stop"
 } while (0)
Exit Quit ..ManageState(status)
Trap Set $ZT="",status=..ManageStatus(status,"S4") Goto Exit
]]></Implementation>
</Method>

<Method name="S5">
<FormalSpec>process:Ens.BusinessProcess,context:Ens.BP.Context,synctimedout:%Boolean,syncresponses:%ArrayOfObjects(ELEMENTTYPE="%Library.Persistent"),request:%Library.Persistent,response:%Library.Persistent</FormalSpec>
<Language>cache</Language>
<PublicList>process,context</PublicList>
<ReturnType>%Status</ReturnType>
<Implementation><![CDATA[
 Set $ZT="Trap",status=$$$OK do {
 #; --- Begin Call Will Operate ---
 #; --- Begin Request ---
 Set callrequest=##class(Hospital.SendDecisionRequest).%New()
 If '$IsObject(callrequest) Set status=%objlasterror Quit
 Set status=$$$OK,callrequest.FileName="WillOperate.txt"
 If $$$ISERR(status) Quit
 Set status=$$$OK,callrequest.Contents=request
 If $$$ISERR(status) Quit
 Set status=..MakeAsyncCall("","Hospital.MakeFileOperation",callrequest,"Will Operate",0,0,"Will Operate",0)
 If $$$ISERR(status) Quit
 Kill callrequest
 #; --- End Request ---
 #; --- End Call Will Operate ---
 Set ..%NextState="S4"
 } while (0)
Exit Quit ..ManageState(status)
Trap Set $ZT="",status=..ManageStatus(status,"S5") Goto Exit
]]></Implementation>
</Method>

<Method name="S6">
<FormalSpec>process:Ens.BusinessProcess,context:Ens.BP.Context,synctimedout:%Boolean,syncresponses:%ArrayOfObjects(ELEMENTTYPE="%Library.Persistent"),request:%Library.Persistent,response:%Library.Persistent</FormalSpec>
<Language>cache</Language>
<PublicList>process,context</PublicList>
<ReturnType>%Status</ReturnType>
<Implementation><![CDATA[
 Set $ZT="Trap",status=$$$OK do {
 #; --- Begin Call Determine if VIP ---
 #; --- Begin Request ---
 Set callrequest=##class(Hospital.CheckVIPRequest).%New()
 If '$IsObject(callrequest) Set status=%objlasterror Quit
 Set status=$$$OK,callrequest.PatientID=request.PatientID
 If $$$ISERR(status) Quit
 Set status=..MakeAsyncCall("OnResponse2","Hospital.VIPWebServiceOperation",callrequest,"Determine if VIP",1,0,"Determine if VIP",1)
 If $$$ISERR(status) Quit
 Kill callrequest
 #; --- End Request ---
 #; --- End Call Determine if VIP ---
 Do ..%PendingResponses.Clear(),..%SyncResponses.Clear()
 Set ..%SyncTimedOut=0,..%PendingTimeout="",..%PendingAlarmHandle="",..%SyncName=""
 If ..%Process.IsResponsePending("Determine if VIP") Do ..%PendingResponses.SetAt("","Determine if VIP")
 If ..%PendingResponses.Count()=0 {
    Set ..%NextState="S8"
 } else {
    Set ..%NextState="S7",..%Wait=1
 }
 } while (0)
Exit Quit ..ManageState(status)
Trap Set $ZT="",status=..ManageStatus(status,"S6") Goto Exit
]]></Implementation>
</Method>

<Method name="S7">
<FormalSpec>process:Ens.BusinessProcess,context:Ens.BP.Context,synctimedout:%Boolean,syncresponses:%ArrayOfObjects(ELEMENTTYPE="%Library.Persistent"),request:%Library.Persistent,response:%Library.Persistent</FormalSpec>
<Language>cache</Language>
<PublicList>process,context</PublicList>
<ReturnType>%Status</ReturnType>
<Implementation><![CDATA[
 Set $ZT="Trap",status=$$$OK do {
 If ..%PendingResponses.Count()=0 {
    Set ..%NextState="S8"
 } else {
    Set ..%NextState="S7",..%Wait=1
 }
 } while (0)
Exit Quit ..ManageState(status)
Trap Set $ZT="",status=..ManageStatus(status,"S7") Goto Exit
]]></Implementation>
</Method>

<Method name="S8">
<FormalSpec>process:Ens.BusinessProcess,context:Ens.BP.Context,synctimedout:%Boolean,syncresponses:%ArrayOfObjects(ELEMENTTYPE="%Library.Persistent"),request:%Library.Persistent,response:%Library.Persistent</FormalSpec>
<Language>cache</Language>
<PublicList>process,context</PublicList>
<ReturnType>%Status</ReturnType>
<Implementation><![CDATA[
 Set $ZT="Trap",status=$$$OK do {
 If (context.IsVIP) {
 Set ..%NextState="S10"
 } else {
 Set ..%NextState="S11"
 }
 } while (0)
Exit Quit ..ManageState(status)
Trap Set $ZT="",status=..ManageStatus(status,"S8") Goto Exit
]]></Implementation>
</Method>

<Method name="S9">
<FormalSpec>process:Ens.BusinessProcess,context:Ens.BP.Context,synctimedout:%Boolean,syncresponses:%ArrayOfObjects(ELEMENTTYPE="%Library.Persistent"),request:%Library.Persistent,response:%Library.Persistent</FormalSpec>
<Language>cache</Language>
<PublicList>process,context</PublicList>
<ReturnType>%Status</ReturnType>
<Implementation><![CDATA[
 Set $ZT="Trap",status=$$$OK do {
 Set ..%NextState="S4"
 } while (0)
Exit Quit ..ManageState(status)
Trap Set $ZT="",status=..ManageStatus(status,"S9") Goto Exit
]]></Implementation>
</Method>

<Storage name="Default">
<Type>%Library.CacheStorage</Type>
</Storage>
</Class>


<Class name="Hospital.PermissionToOperateProcess">
<ClassType>persistent</ClassType>
<Super>Ens.BusinessProcessBPL</Super>
<TimeChanged>62370,35428</TimeChanged>
<TimeCreated>60856,42932.985071</TimeCreated>

<XData name="BPL">
<Description>
BPL Definition</Description>
<XMLNamespace>http://www.intersystems.com/bpl</XMLNamespace>
<Data><![CDATA[
<process language='objectscript' request='Hospital.OperateRequest' response='Ens.Response' height='2000' width='2000' >
<context>
<property name='Attributes' type='Hospital.OperateResponse' />
<property name='IsVIP' type='%Boolean' />
</context>
<sequence xend='550' yend='1000' >
<call name='Get Patient Info' target='Hospital.GetPatientInfoProcess' async='0' xpos='550' ypos='200' >
<request type='Hospital.OperateRequest' >
<assign property='callrequest' value='request' action='set' />
</request>
<response type='Hospital.OperateResponse' >
<assign property='context.Attributes' value='callresponse' action='set' />
</response>
</call>
<if name='Make Decision' condition='(context.Attributes.IsInsured) || (context.Attributes.CreditRating&gt;=70)' xpos='550' ypos='300' xend='550' yend='900' >
<true>
<call name='Will Operate' target='Hospital.MakeFileOperation' async='1' xpos='550' ypos='450' >
<request type='Hospital.SendDecisionRequest' >
<assign property='callrequest.FileName' value='"WillOperate.txt"' action='set' />
<assign property='callrequest.Contents' value='request' action='set' />
</request>
</call>
</true>
<false>
<call name='Determine if VIP' target='Hospital.VIPWebServiceOperation' async='0' xpos='820' ypos='450' >
<request type='Hospital.CheckVIPRequest' >
<assign property='callrequest.PatientID' value='request.PatientID' action='set' />
</request>
<response type='Hospital.CheckVIPResponse' >
<assign property='context.IsVIP' value='callresponse.CheckVIPResult' action='set' />
</response>
</call>
<if name='Are they a VIP?' condition='context.IsVIP' xpos='820' ypos='550' xend='820' yend='800' >
<true>
<call name='Will Operate' target='Hospital.MakeFileOperation' async='1' xpos='1090' ypos='700' >
<request type='Hospital.SendDecisionRequest' >
<assign property='callrequest.FileName' value='"WillOperate.txt"' action='set' />
<assign property='callrequest.Contents' value='request' action='set' />
</request>
</call>
</true>
<false>
<call name='Will Not Operate' target='Hospital.MakeFileOperation' async='1' xpos='820' ypos='700' >
<request type='Hospital.SendDecisionRequest' >
<assign property='callrequest.FileName' value='"WillNotOperate.txt"' action='set' />
<assign property='callrequest.Contents' value='request' action='set' />
</request>
</call>
</false>
</if>
</false>
</if>
</sequence>
</process>
]]></Data>
</XData>

<Storage name="Default">
<Type>%Library.CacheStorage</Type>
</Storage>
</Class>


<Class name="Hospital.PharmSTable">
<Description>
</Description>
<Super>EnsLib.HL7.SearchTable</Super>
<TimeChanged>62370,35428</TimeChanged>
<TimeCreated>60905,43829.542772</TimeCreated>

<XData name="SearchSpec">
<Data><![CDATA[
<Items>
<Item DocType=""  PropName="PatientFirstName" >[PID:5.2]</Item>
</Items>
]]></Data>
</XData>

<Storage name="Default">
<Type>%Library.CacheStorage</Type>
</Storage>
</Class>


<Class name="Hospital.SendDecisionRequest">
<Description>
</Description>
<ClassType>persistent</ClassType>
<ProcedureBlock>1</ProcedureBlock>
<Super>Ens.Response</Super>
<TimeChanged>62370,35428</TimeChanged>
<TimeCreated>60855,57443.123458</TimeCreated>

<Property name="FileName">
<Type>%String</Type>
</Property>

<Property name="Contents">
<Type>Hospital.OperateRequest</Type>
</Property>

<Storage name="Default">
<Type>%Library.CacheStorage</Type>
<DefaultData>SendDecisionRequestDefaultData</DefaultData>
<Data name="SendDecisionRequestDefaultData">
<Structure>listnode</Structure>
<Subscript>"SendDecisionRequest"</Subscript>
<Value name="1">
<Value>Contents</Value>
</Value>
<Value name="2">
<Value>FileName</Value>
</Value>
</Data>
</Storage>
</Class>


<Class name="Hospital.SendNotifyRequest">
<Description>
</Description>
<ClassType>persistent</ClassType>
<ProcedureBlock>1</ProcedureBlock>
<Super>Ens.Request</Super>
<TimeChanged>62370,35428</TimeChanged>
<TimeCreated>60855,56738.387788</TimeCreated>

<Property name="PatientID">
<Type>%Integer</Type>
</Property>

<Property name="PatientName">
<Type>%String</Type>
</Property>

<Property name="PatientHomePhone">
<Type>%String</Type>
</Property>

<Property name="RequestedOperation">
<Type>%String</Type>
</Property>

<Property name="LikelyOutcome">
<Type>%String</Type>
</Property>

<Property name="FileName">
<Type>%String</Type>
</Property>

<Storage name="Default">
<Type>%Library.CacheStorage</Type>
<DefaultData>SendNotifyRequestDefaultData</DefaultData>
<Data name="SendNotifyRequestDefaultData">
<Structure>listnode</Structure>
<Subscript>"SendNotifyRequest"</Subscript>
<Value name="1">
<Value>FileName</Value>
</Value>
<Value name="2">
<Value>LikelyOutcome</Value>
</Value>
<Value name="3">
<Value>PatientID</Value>
</Value>
<Value name="4">
<Value>PatientName</Value>
</Value>
<Value name="5">
<Value>PatientPhone</Value>
</Value>
<Value name="6">
<Value>RequestedOperation</Value>
</Value>
<Value name="7">
<Value>PatientHomePhone</Value>
</Value>
</Data>
</Storage>
</Class>


<Class name="Hospital.VIPWebService">
<Description>
SrvPkg.Srv</Description>
<ProcedureBlock>1</ProcedureBlock>
<Super>%SOAP.WebService</Super>
<TimeChanged>62370,35428</TimeChanged>
<TimeCreated>61164,52657.355138</TimeCreated>

<Parameter name="SERVICENAME">
<Description>
Name of the WebService.</Description>
<Default>VIPWebService</Default>
</Parameter>

<Parameter name="NAMESPACE">
<Description>
TODO: change this to actual SOAP namespace.
SOAP Namespace for the WebService</Description>
<Default>http://myuri.org</Default>
</Parameter>

<Method name="CheckVIP">
<FormalSpec>PatientID:%Integer</FormalSpec>
<ReturnType>%Boolean</ReturnType>
<WebMethod>1</WebMethod>
<Implementation><![CDATA[
	if ((PatientID#2)=0)
	{
		Quit 1
	}
	else
	{
		Quit 0
	}
]]></Implementation>
</Method>
</Class>


<Class name="Hospital.VIPWebServiceOperation">
<Super>Ens.BusinessOperation</Super>
<TimeChanged>62370,35428</TimeChanged>
<TimeCreated>61173,52244.246753</TimeCreated>

<Parameter name="ADAPTER">
<Default>EnsLib.SOAP.OutboundAdapter</Default>
</Parameter>

<Method name="CheckVIP">
<FormalSpec>pRequest:Hospital.CheckVIPRequest,*pResponse:Hospital.CheckVIPResponse</FormalSpec>
<ReturnType>%Library.Status</ReturnType>
<Implementation><![CDATA[
 Set ..Adapter.WebServiceClientClass = "Hospital.VIPWebServiceSoap"
 Set tSC = ..Adapter.InvokeMethod("CheckVIP",.CheckVIPResult,pRequest.PatientID)  Quit:$$$ISERR(tSC) tSC
 Set tSC = pRequest.NewResponse(.pResponse)  Quit:$$$ISERR(tSC) tSC
 Set pResponse.CheckVIPResult=CheckVIPResult
 Quit $$$OK
]]></Implementation>
</Method>

<XData name="MessageMap">
<Data><![CDATA[
<MapItems>
	<MapItem MessageType="Hospital.CheckVIPRequest">
		<Method>CheckVIP</Method>
	</MapItem>
</MapItems>
]]></Data>
</XData>
</Class>


<Class name="Hospital.VIPWebServiceSoap">
<Super>%SOAP.WebClient</Super>
<TimeChanged>62370,35428</TimeChanged>
<TimeCreated>61173,54250.901584</TimeCreated>

<Method name="CheckVIP">
<Final>1</Final>
<FormalSpec>PatientID:%Integer</FormalSpec>
<ProcedureBlock>1</ProcedureBlock>
<ReturnType>%Boolean</ReturnType>
<WebMethod>1</WebMethod>
<SoapBindingStyle>document</SoapBindingStyle>
<SoapBodyUse>literal</SoapBodyUse>
<Implementation><![CDATA[ Quit ..WebMethod("CheckVIP").Invoke(##this,"http://myuri.org/Hospital.VIPWebService.CheckVIP",.PatientID)
]]></Implementation>
</Method>

<Parameter name="LOCATION">
<Description>
This is the URL used to access the web service.</Description>
<Default>http://127.0.0.1:57772/csp/ensdemo/Hospital.VIPWebService.cls</Default>
</Parameter>

<Parameter name="NAMESPACE">
<Description>
This is the namespace used by the Service</Description>
<Default>http://myuri.org</Default>
</Parameter>

<Parameter name="OUTPUTTYPEATTRIBUTE">
<Description>
Use xsi:type attribute for literal types.</Description>
<Default>1</Default>
</Parameter>

<Parameter name="SERVICENAME">
<Description>
This is the name of the Service</Description>
<Default>VIPWebService</Default>
</Parameter>
</Class>


</Export>
