<?xml version="1.0" encoding="UTF-8"?>
<Export generator="Cache" version="24" zv="Cache for Windows (x86-32) 2010.1 (Build 413U)" ts="2010-03-10 10:28:36">
<Class name="Hospital.WS.PatientDatabaseWebService">
<Super>EnsLib.SOAP.Service</Super>
<TimeChanged>61795,37659.955531</TimeChanged>
<TimeCreated>61564,61933.607916</TimeCreated>

<Method name="GetPatientInfo">
<FormalSpec>PatientID:%String</FormalSpec>
<ReturnType>Hospital.PatientInfoResponse</ReturnType>
<WebMethod>1</WebMethod>
<Implementation><![CDATA[
		Set tPatientIDHolder = ##class(Ens.StringContainer).%New(PatientID)
		Set tSC = ..ProcessInput(tPatientIDHolder,.tResponse)
		if $$$ISERR(tSC) do ..ReturnMethodStatusFault(tSC)
	
		Quit tResponse
]]></Implementation>
</Method>

<Parameter name="SERVICENAME">
<Description>
The SOAP name of this service.
Override this parameter in the subclass.</Description>
<Default>PatientInfoService</Default>
</Parameter>

<Parameter name="NAMESPACE">
<Description>
SOAP Namespace for the WebService
Override this parameter in your subclass with the unique namespace URI
of your organization.</Description>
<Default>http://tempuri.org</Default>
</Parameter>

<Method name="OnProcessInput">
<FormalSpec>pPatientIDHolder:Ens.StringContainer,*pResponse:Hospital.PatientInfoResponse</FormalSpec>
<ReturnType>%Status</ReturnType>
<Implementation><![CDATA[
		Set tRequest = ##class(Hospital.PatientInfoRequest).%New()
		Set tRequest.PatientID = pPatientIDHolder.StringValue
		
		Do ..SendRequestSync("Hospital.PatientDatabaseOperation",tRequest,.pResponse)
		
		Quit $$$OK
]]></Implementation>
</Method>

<Parameter name="ADAPTER">
<Description>
Name of the adapter class - override this to "" if you want to use only the regular SOAP mechanism and not the custom-port InboundAdapter.</Description>
<Default>EnsLib.SOAP.InboundAdapter</Default>
</Parameter>
</Class>
</Export>
