<?xml version="1.0" encoding="UTF-8"?>
<Export generator="Cache" version="25">
<Class name="Demo.ComplexMap.Semester.SemesterHeader.Record">
<Description>
RECORDMAP: Generated from RecordMap 'Demo.ComplexMap.Semester.SemesterHeader'
on 2012-12-05 at 17:06:05.014 [2012-12-05 22:06:05.014 UTC]
by user DemoUser</Description>
<ProcedureBlock>1</ProcedureBlock>
<Super>EnsLib.RecordMap.ComplexChild,%XML.Adaptor,Ens.Request,EnsLib.RecordMap.Base</Super>
<TimeCreated>62796,61565.014671</TimeCreated>
<Inheritance>right</Inheritance>

<Index name="SemesterIDIdx">
<Properties>SemesterID</Properties>
</Index>

<Parameter name="RECORDMAPGENERATED">
<Default>1</Default>
</Parameter>

<Parameter name="INCLUDETOPFIELDS">
<Default>1</Default>
</Parameter>

<Property name="SemesterID">
<Type>%Integer</Type>
</Property>

<Property name="Year">
<Type>%Integer</Type>
</Property>

<Property name="Name">
<Type>%String</Type>
</Property>

<Property name="NumWeeks">
<Type>%Integer</Type>
</Property>

<Trigger name="OnDelete">
<Code>	Set %ok = ##class(Demo.ComplexMap.Semester.SemesterHeader.Record).%OnDelete($$$oidForm({ID})) If $$$ISERR(%ok) Quit
</Code>
<Event>DELETE</Event>
</Trigger>

<Storage name="Default">
<Type>%Library.CacheStorage</Type>
<DataLocation>^Demo.ComplexMap.Sem.SH.RecordD</DataLocation>
<DefaultData>RecordDefaultData</DefaultData>
<IdLocation>^Demo.ComplexMap.Sem.SH.RecordD</IdLocation>
<IndexLocation>^Demo.ComplexMap.Sem.SH.RecordI</IndexLocation>
<StreamLocation>^Demo.ComplexMap.Sem.SH.RecordS</StreamLocation>
<ExtentSize>2000000</ExtentSize>
<Data name="RecordDefaultData">
<Structure>listnode</Structure>
<Subscript/>
<Value name="1">
<Value>%%CLASSNAME</Value>
</Value>
<Value name="2">
<Value>SemesterID</Value>
</Value>
<Value name="3">
<Value>%Source</Value>
</Value>
<Value name="4">
<Value>Name</Value>
</Value>
<Value name="5">
<Value>NumWeeks</Value>
</Value>
<Value name="6">
<Value>Year</Value>
</Value>
</Data>
</Storage>
</Class>
</Export>