<?xml version="1.0" encoding="UTF-8"?>
<Export generator="Cache" version="25">
<Class name="Aviation.DataUtils">
<Description>
This hidden class helps importing/exporting the Aviation data globals as part of building
the samples namespace.</Description>
<Hidden>1</Hidden>
<Super>Aviation.Utils</Super>
<TimeCreated>62521,51795.018235</TimeCreated>

<Method name="Import">
<Description>
Import Aviation data globals from xml file</Description>
<Internal>1</Internal>
<ClassMethod>1</ClassMethod>
<FormalSpec>path=""</FormalSpec>
<ReturnType>%Status</ReturnType>
<Implementation><![CDATA[
	set path = $s($g(path)="":^Sources_"databases/samples/gbl/aviation.xml", 1:path)
	kill ^Aviation.AircraftD
	kill ^Aviation.AircraftI
	kill ^Aviation.CrewD
	kill ^Aviation.CrewI
	kill ^Aviation.Countries
	kill ^Aviation.EventD
	kill ^Aviation.EventI
	kill ^Aviation.EventS
	kill ^Aviation.States
	quit $system.OBJ.Load(path)
]]></Implementation>
</Method>

<Method name="Export">
<Description>
Export aviation data globals</Description>
<Internal>1</Internal>
<ClassMethod>1</ClassMethod>
<FormalSpec>pPath=""</FormalSpec>
<ReturnType>%Status</ReturnType>
<Implementation><![CDATA[
	set globals("^Aviation.AircraftD.GBL") = ""
	set globals("^Aviation.AircraftI.GBL") = ""
	set globals("^Aviation.CrewD.GBL") = ""
	set globals("^Aviation.CrewI.GBL") = ""
	set globals("^Aviation.Countries.GBL") = ""
	set globals("^Aviation.EventD.GBL") = ""
	set globals("^Aviation.EventI.GBL") = ""
	set globals("^Aviation.EventS.GBL") = ""
	set globals("^Aviation.States.GBL") = ""
	quit $system.OBJ.Export(.globals, $s($g(pPath)'="":pPath, 1:^Sources_"databases/samples/gbl/aviation.xml"))
]]></Implementation>
</Method>
</Class>
</Export>
