<?xml version="1.0" encoding="UTF-8"?>
<Export generator="Cache" version="25">
<Class name="Aviation.Event">
<Description><![CDATA[
 <p>This class represents events involving aircraft as registered by the 
 <a href="http://www.ntsb.gov/" target="_blank">National Transportation Safety Board</a>.</p>
 <p><b>Note on the data</b>: The dataset provided in this sample demo is only a lightweight
 subset of the full NTSB dataset, which is available from 
 <a href="http://www.ntsb.gov/" target="_blank">http://www.ntsb.gov</a>. This data is supplied
 here for demonstration purposes only and neither intended nor warranted to be accurate.<br/>
 	Courtesy: National Transportation Safety Board</p>]]></Description>
<Super>%Persistent</Super>
<TimeCreated>62494,53769.257413</TimeCreated>

<Property name="EventId">
<Type>%Library.String</Type>
</Property>

<Property name="NTSBId">
<Type>%Library.String</Type>
<Parameter name="MAXLEN" value="10"/>
</Property>

<Property name="Type">
<Type>%Library.String</Type>
<Parameter name="MAXLEN" value="10"/>
</Property>

<Property name="EventDate">
<Type>%TimeStamp</Type>
</Property>

<Property name="EventTime">
<Type>%Integer</Type>
</Property>

<Property name="TimeZone">
<Type>%Library.String</Type>
<Parameter name="MAXLEN" value="3"/>
</Property>

<Property name="LocationCountry">
<Type>%Library.String</Type>
<Parameter name="MAXLEN" value="100"/>
</Property>

<Property name="LocationState">
<Type>%Library.String</Type>
<Parameter name="MAXLEN" value="100"/>
</Property>

<Property name="LocationCity">
<Type>%Library.String</Type>
<Parameter name="MAXLEN" value="50"/>
</Property>

<Property name="LocationSiteZipCode">
<Type>%Library.String</Type>
<Parameter name="MAXLEN" value="10"/>
</Property>

<Property name="LocationCoordsLatitude">
<Type>%Double</Type>
</Property>

<Property name="LocationCoordsLongitude">
<Type>%Double</Type>
</Property>

<Property name="MidAir">
<Type>%Library.String</Type>
<Parameter name="MAXLEN" value="1"/>
</Property>

<Property name="OnGroundCollision">
<Type>%Library.String</Type>
<Parameter name="MAXLEN" value="1"/>
</Property>

<Property name="AirportName">
<Type>%Library.String</Type>
<Parameter name="MAXLEN" value="30"/>
</Property>

<Property name="AirportLocation">
<Type>%Library.String</Type>
<Parameter name="MAXLEN" value="25"/>
</Property>

<Property name="AirportDistance">
<Type>%Library.String</Type>
<Parameter name="MAXLEN" value="50"/>
</Property>

<Property name="AirportDirection">
<Type>%Integer</Type>
</Property>

<Property name="AirportElevation">
<Type>%Integer</Type>
</Property>

<Property name="LightConditions">
<Type>%Library.String</Type>
<Parameter name="MAXLEN" value="20"/>
</Property>

<Property name="SkyConditionNonCeiling">
<Type>%Library.String</Type>
<Parameter name="MAXLEN" value="20"/>
</Property>

<Property name="SkyConditionNonCeilingHeight">
<Type>%Library.Integer</Type>
</Property>

<Property name="SkyConditionCeilingHeight">
<Type>%Library.Integer</Type>
</Property>

<Property name="SkyConditionCeiling">
<Type>%Library.String</Type>
<Parameter name="MAXLEN" value="20"/>
</Property>

<Property name="Visibility">
<Type>%Library.String</Type>
<Parameter name="MAXLEN" value="50"/>
</Property>

<Property name="WeatherAirTemperature">
<Type>%Integer</Type>
</Property>

<Property name="WindDirection">
<Type>%Integer</Type>
</Property>

<Property name="WindDirectionIndicator">
<Type>%Library.String</Type>
<Parameter name="MAXLEN" value="20"/>
</Property>

<Property name="WindVelocity">
<Type>%Integer</Type>
</Property>

<Property name="WindVelocityIndicator">
<Type>%Library.String</Type>
<Parameter name="MAXLEN" value="20"/>
</Property>

<Property name="WindGustIndicator">
<Type>%Library.String</Type>
<Parameter name="MAXLEN" value="20"/>
</Property>

<Property name="WindGust">
<Type>%Integer</Type>
</Property>

<Property name="Altimeter">
<Type>%Library.String</Type>
<Parameter name="MAXLEN" value="50"/>
</Property>

<Property name="WeatherPrecipitation">
<Type>%Library.String</Type>
<Parameter name="MAXLEN" value="3"/>
</Property>

<Property name="InjuriesHighest">
<Type>%Library.String</Type>
<Parameter name="MAXLEN" value="10"/>
</Property>

<Property name="InjuriesGroundFatal">
<Type>%Integer</Type>
</Property>

<Property name="InjuriesGroundMinor">
<Type>%Integer</Type>
</Property>

<Property name="InjuriesGroundSerious">
<Type>%Integer</Type>
</Property>

<Property name="InjuriesTotalFatal">
<Type>%Integer</Type>
</Property>

<Property name="InjuriesTotalMinor">
<Type>%Integer</Type>
</Property>

<Property name="InjuriesTotalNone">
<Type>%Integer</Type>
</Property>

<Property name="InjuriesTotalSerious">
<Type>%Integer</Type>
</Property>

<Property name="InjuriesTotal">
<Type>%Integer</Type>
</Property>

<Property name="InvestigatingAgency">
<Type>%Library.String</Type>
<Parameter name="MAXLEN" value="1"/>
</Property>

<Property name="FAADistrictOffice">
<Type>%Library.String</Type>
<Parameter name="MAXLEN" value="50"/>
</Property>

<Property name="NarrativeFull">
<Description>
For simplicity, using the narratives for the first aircraft involved in this event,
as in most cases subsequent narratives just refer to the initial one.</Description>
<Type>%String</Type>
<Parameter name="MAXLEN" value="100000"/>
</Property>

<Property name="NarrativeSummary">
<Type>%String</Type>
<Parameter name="MAXLEN" value="30000"/>
</Property>

<Property name="NarrativeCause">
<Type>%String</Type>
<Parameter name="MAXLEN" value="30000"/>
</Property>

<Property name="Aircraft">
<Type>Aviation.Aircraft</Type>
<Cardinality>children</Cardinality>
<Inverse>Event</Inverse>
<Relationship>1</Relationship>
</Property>

<Index name="PKINDEX">
<PrimaryKey>1</PrimaryKey>
<Properties>EventId</Properties>
<Unique>1</Unique>
</Index>

<Storage name="Default">
<Type>%Library.CacheStorage</Type>
<DataLocation>^Aviation.EventD</DataLocation>
<DefaultData>EventDefaultData</DefaultData>
<IdLocation>^Aviation.EventD</IdLocation>
<IndexLocation>^Aviation.EventI</IndexLocation>
<StreamLocation>^Aviation.EventS</StreamLocation>
<ExtentSize>100000</ExtentSize>
<Data name="EventDefaultData">
<Value name="1">
<Value>%%CLASSNAME</Value>
</Value>
<Value name="2">
<Value>EventId</Value>
</Value>
<Value name="3">
<Value>NTSBId</Value>
</Value>
<Value name="4">
<Value>Type</Value>
</Value>
<Value name="5">
<Value>EventDate</Value>
</Value>
<Value name="6">
<Value>EventTime</Value>
</Value>
<Value name="7">
<Value>TimeZone</Value>
</Value>
<Value name="8">
<Value>LocationCountry</Value>
</Value>
<Value name="9">
<Value>LocationState</Value>
</Value>
<Value name="10">
<Value>LocationCity</Value>
</Value>
<Value name="11">
<Value>LocationCountryCode</Value>
</Value>
<Value name="12">
<Value>LocationSiteZipCode</Value>
</Value>
<Value name="13">
<Value>LocationCoordsLatitude</Value>
</Value>
<Value name="14">
<Value>LocationCoordsLongitude</Value>
</Value>
<Value name="15">
<Value>MidAir</Value>
</Value>
<Value name="16">
<Value>OnGroundCollision</Value>
</Value>
<Value name="17">
<Value>AirportName</Value>
</Value>
<Value name="18">
<Value>AirportLocation</Value>
</Value>
<Value name="19">
<Value>AirportDistance</Value>
</Value>
<Value name="20">
<Value>AirportDirection</Value>
</Value>
<Value name="21">
<Value>AirportElevation</Value>
</Value>
<Value name="22">
<Value>LightConditions</Value>
</Value>
<Value name="23">
<Value>SkyConditionNonCeiling</Value>
</Value>
<Value name="24">
<Value>SkyConditionNonCeilingHeight</Value>
</Value>
<Value name="25">
<Value>SkyConditionCeilingHeight</Value>
</Value>
<Value name="26">
<Value>SkyConditionCeiling</Value>
</Value>
<Value name="27">
<Value>Visibility</Value>
</Value>
<Value name="28">
<Value>WeatherAirTemperature</Value>
</Value>
<Value name="29">
<Value>WindDirection</Value>
</Value>
<Value name="30">
<Value>WindDirectionIndicator</Value>
</Value>
<Value name="31">
<Value>WindVelocity</Value>
</Value>
<Value name="32">
<Value>WindVelocityIndicator</Value>
</Value>
<Value name="33">
<Value>WindGustIndicator</Value>
</Value>
<Value name="34">
<Value>WindGust</Value>
</Value>
<Value name="35">
<Value>Altimeter</Value>
</Value>
<Value name="36">
<Value>WeatherPrecipitation</Value>
</Value>
<Value name="37">
<Value>InjuriesHighest</Value>
</Value>
<Value name="38">
<Value>InjuriesGroundFatal</Value>
</Value>
<Value name="39">
<Value>InjuriesGroundMinor</Value>
</Value>
<Value name="40">
<Value>InjuriesGroundSerious</Value>
</Value>
<Value name="41">
<Value>InjuriesTotalFatal</Value>
</Value>
<Value name="42">
<Value>InjuriesTotalMinor</Value>
</Value>
<Value name="43">
<Value>InjuriesTotalNone</Value>
</Value>
<Value name="44">
<Value>InjuriesTotalSerious</Value>
</Value>
<Value name="45">
<Value>InjuriesTotal</Value>
</Value>
<Value name="46">
<Value>InvestigatingAgency</Value>
</Value>
<Value name="47">
<Value>FAADistrictOffice</Value>
</Value>
<Value name="48">
<Value>NarrativeFull</Value>
</Value>
<Value name="49">
<Value>NarrativeSummary</Value>
</Value>
<Value name="50">
<Value>NarrativeCause</Value>
</Value>
</Data>
</Storage>
</Class>
</Export>
