<?xml version="1.0" encoding="UTF-8"?>
<Export generator="Cache" version="25">
<Class name="Demo.DICOM.Process.Modality">
<Super>EnsLib.DICOM.Process</Super>
<TimeCreated>62888,63578.273904</TimeCreated>

<Parameter name="SETTINGS">
<Description>
This parameter names the operation used to provide storage</Description>
<Default>OperationDuplexName</Default>
</Parameter>

<Property name="CurrentState">
<Description>
This keeps track of the current state of the process</Description>
<Type>%String</Type>
<InitialExpression>"OperationNotConnected"</InitialExpression>
</Property>

<Property name="OperationDuplexName">
<Description>
This is the name of the operation providing connectivity</Description>
</Property>

<Property name="ResponseCount">
<Description>
This is the count of incoming responses</Description>
<Type>%Integer</Type>
<InitialExpression>0</InitialExpression>
</Property>

<Property name="Request">
<Description>
Request</Description>
<Type>EnsLib.DICOM.Document</Type>
</Property>

<Property name="RequestType">
<Description>
Request Type (this can be "FIND" or "ECHO")</Description>
<Type>%String</Type>
<InitialExpression>"FIND"</InitialExpression>
</Property>

<Property name="CancelThreshold">
<Description>
This specifies the number of C-FIND-RSP records to be recieved before sending a CANCEL</Description>
<Type>%Integer</Type>
<InitialExpression>5</InitialExpression>
</Property>

<Method name="OnMessage">
<Description>
Messages received here are instances of EnsLib.DICOM.Document sent to this
process by the service or operation config items. In this demo, the process is ever
in one of two states, the Operation is connected or not.</Description>
<FormalSpec>pSourceConfigName:%String,pInput:%Library.Persistent</FormalSpec>
<ReturnType>%Status</ReturnType>
<Implementation><![CDATA[
    #dim tSC As %Status = $$$OK
    #dim tMsgType As %String
    #dim tOutput As EnsLib.DICOM.Document
    do {
        
        #; If its a document sent from the service
        If pSourceConfigName'=..OperationDuplexName {
            
            if (..CurrentState="OperationNotConnected") {
                
                Do ..TraceMessage("connecting")
                
                #; We will be called back at OnAssociationEstablished()
                Set tSC=..EstablishAssociation(..OperationDuplexName)
                
            } else {
               
                Do ..TraceMessage("in progress - ignored")
            }
               
        } elseif pSourceConfigName=..OperationDuplexName {
            
            #; We have received a document from the operation
            Set tMsgType=$$$MsgTyp2Str(pInput.GetValueAt("CommandSet.CommandField",,.tSC))
            If $$$ISERR(tSC) Quit
            
            #; Should only EVER get an C-FIND-RSP
            $$$ASSERT((tMsgType="C-FIND-RSP")||(tMsgType="C-ECHO-RSP"))
            
            Do ..TraceMessage("received response")
            
            Set tLast=pInput.GetValueAt("CommandSet.Status",,.tSC)
            If $$$ISERR(tSC) Quit
            
            If tMsgType="C-ECHO-RSP" Set tLast=0
            
            If tLast'=0 {
                
                Set ..ResponseCount=..ResponseCount+1
                
                If ..ResponseCount=..CancelThreshold {
                    
                    Set tSC=..CreateCancelRequest(.tCancelRequest)
                    If $$$ISERR(tSC) Quit
                    
                     #; No response required    
                    Set tSC=..SendRequestAsync(..OperationDuplexName,tCancelRequest,0)
                }
     
                Do ..TraceMessage("more find responses to come")  
                 
            } else {
                
                Do ..TraceMessage("received last response")
                
                Set tSC=..ReleaseAssociation(..OperationDuplexName)
            }
        }
    } while (0)
    
    Quit tSC
]]></Implementation>
</Method>

<Method name="OnAssociationEstablished">
<Description>
This method is called by the framework on successful establishment of an association</Description>
<FormalSpec>pSourceConfigName:%String,pInput:EnsLib.DICOM.Notify.Established</FormalSpec>
<ReturnType>%Status</ReturnType>
<Implementation><![CDATA[
    #dim tSC As %Status = $$$OK
    #dim e As %Exception.AbstractException
    
    try {
    
        $$$ASSERT(pSourceConfigName=..OperationDuplexName)
        
        Do ..TraceMessage("connected")
        
        Set ..ResponseCount = 0
        
        #; The association with the operation has been completed, operation is now connected
        Set ..CurrentState="OperationConnected"
        
        #; Send the find request
        Do ..TraceMessage("sending request")
                
        If ..RequestType="FIND" {
            
            #; Create a Generic Find Request
            Set tSC=..CreateFindRequest(.tRequest)
        } else {
            
            #; Create an Echo Request
            Set tSC=..CreateEchoRequest(.tRequest)
        }
        If $$$ISERR(tSC) Quit
        
        #; Stash the find request. When sent, the adapter will update the message id
        #; which is needed if we want to send a cancel
        Set ..Request=tRequest
            
        #; No response required    
        Set tSC=..SendRequestAsync(..OperationDuplexName,tRequest,0) 
    
    } catch(e) {
        Set tSC=e.AsStatus()
    }

    Quit tSC
]]></Implementation>
</Method>

<Method name="OnAssociationReleased">
<FormalSpec>pSourceConfigName:%String,pInput:EnsLib.DICOM.Notify.Released</FormalSpec>
<ReturnType>%Status</ReturnType>
<Implementation><![CDATA[
    #dim tSC As %Status = $$$OK
    
    $$$ASSERT(pSourceConfigName=..OperationDuplexName)
    
    Do ..TraceMessage("disconnected")
        
    #; The association between this process and the operation has been released, so we are now
    #; not connected to the operation
    Set ..CurrentState="OperationNotConnected"
    
    Quit tSC
]]></Implementation>
</Method>

<Method name="OnError">
<Description>
This method is called when any error occurs. Returning the same error will cause the BusinessProcess to set its
status to error and close down</Description>
<FormalSpec><![CDATA[request:%Library.Persistent,&response:%Library.Persistent,callrequest:%Library.Persistent,pErrorStatus:%Status,pCompletionKey:%String]]></FormalSpec>
<ReturnType>%Status</ReturnType>
<Implementation><![CDATA[
    #; If we are in conversation with the operation, we neet to tell the operation to ABORT its association
    If ..CurrentState="OperationConnected" {
        
        #; Form an abort message
        Set tCommandAbort=##class(EnsLib.DICOM.Command.Abort).%New($$$ABORTSOURCESERVICEUSER,$$$ABORTREASONNOTSPECIFIED)
        
        #; Send it to the operation
        Do ..AbortAssociation(..OperationDuplexName,tCommandAbort)
    }
    Quit pErrorStatus
]]></Implementation>
</Method>

<Method name="OnAssociationErrored">
<Description>
This callback is called by the framework when an assocation encounters an error</Description>
<FormalSpec>pSourceConfigName:%String,pInput:EnsLib.DICOM.Notify.Errored</FormalSpec>
<ReturnType>%Status</ReturnType>
<Implementation><![CDATA[
    #; Don't ignore the error, this will cause the BP to terminate
    Quit pInput.Status
]]></Implementation>
</Method>

<Method name="OnAssociationAborted">
<Description>
This callback is called by the framework when an association is aborted</Description>
<FormalSpec>pSourceConfigName:%String,pInput:EnsLib.DICOM.Notify.Aborted</FormalSpec>
<ReturnType>%Status</ReturnType>
<Implementation><![CDATA[
    Do ..TraceMessage("peer aborted association")
    
    Set ..CurrentState="OperationNotConnected"
    Quit $$$OK
]]></Implementation>
</Method>

<Method name="OnAssociationRejected">
<Description>
This callback is called by the framework when an Association is rejected</Description>
<FormalSpec>pSourceConfigName:%String,pInput:EnsLib.DICOM.Notify.Rejected</FormalSpec>
<ReturnType>%Status</ReturnType>
<Implementation><![CDATA[
    Do ..TraceMessage("peer rejected association")
    
    Set ..CurrentState="OperationNotConnected"
    Quit $$$OK
]]></Implementation>
</Method>

<Method name="TraceMessage">
<Description>
Write a message to the console</Description>
<FormalSpec>pMessage:%String</FormalSpec>
<Implementation><![CDATA[
    #dim tIO
    Set tIO=$IO Use $Principal $$$TRACE(pMessage) Use tIO
]]></Implementation>
</Method>

<Method name="CreateCancelRequest">
<Description>
Create a Cancel Request</Description>
<FormalSpec>*pDocOut:EnsLib.DICOM.Document</FormalSpec>
<ReturnType>%Status</ReturnType>
<Implementation><![CDATA[
    #dim tSC As %Status =$$$OK
    #dim tTemp As %String
    
    try {
    
		#; Get the current storage location
		Set tStorageLocation=..GetProductionSettingValue("StorageLocation",.tSC)
		If $$$ISERR(tSC) Quit

        #; Now create an instance of a message to indicate that the find process is complete
        Kill %objlasterror Set pDocOut=##class(EnsLib.DICOM.Document).%New(tStorageLocation)
        If '$IsObject(pDocOut) Set tSC=$Get(%objlasterror,$$$ERROR($$$FailedToNewClass,"EnsLib.DICOM.Document")) Quit
        
        #; Set the CommandField, this is a C-CANCEL Request
        Set tSC=pDocOut.SetValueAt($$$Str2MsgTyp("C-CANCEL-RQ"),"CommandSet.CommandField")
        If $$$ISERR(tSC) Quit
        
        #; Pick out the message Id of the request that we want to cancel
        Set tMsgId=..Request.GetValueAt("CommandSet.MessageID",,.tSC)
        If $$$ISERR(tSC) Quit
        
        #; And plug it into the cancel request
        Set tSC=pDocOut.SetValueAt(tMsgId,"CommandSet.MessageIDBeingRespondedTo") If $$$ISERR(tSC) Quit
        If $$$ISERR(tSC) Quit
        
    } catch {
        Set tSC=$$$EnsSystemError
    }
    Quit tSC
]]></Implementation>
</Method>

<Method name="CreateEchoRequest">
<Description>
Create an Echo Request</Description>
<FormalSpec>*pDocOut:EnsLib.DICOM.Document</FormalSpec>
<ReturnType>%Status</ReturnType>
<Implementation><![CDATA[
    #dim tSC As %Status =$$$OK
    #dim tTemp As %String
    
    try {
	    
		#; Get the current storage location
		Set tStorageLocation=..GetProductionSettingValue("StorageLocation",.tSC)
		If $$$ISERR(tSC) Quit
    
        #; Now create an instance of a message to indicate that the find process is complete
        Kill %objlasterror Set pDocOut=##class(EnsLib.DICOM.Document).%New(tStorageLocation)
        If '$IsObject(pDocOut) Set tSC=$Get(%objlasterror,$$$ERROR($$$FailedToNewClass,"EnsLib.DICOM.Document")) Quit
        
        Set tSC=pDocOut.SetValueAt("1.2.840.10008.1.1","CommandSet.AffectedSOPClassUID")
        If $$$ISERR(tSC) Quit
        
        #; Set the CommandField, this is a C-ECHO Request
        Set tSC=pDocOut.SetValueAt($$$Str2MsgTyp("C-ECHO-RQ"),"CommandSet.CommandField")
        If $$$ISERR(tSC) Quit
        
    } catch {
        Set tSC=$$$EnsSystemError
    }
    Quit tSC
]]></Implementation>
</Method>

<Method name="CreateFindRequest">
<Description>
Create a Find Request</Description>
<FormalSpec>*pDocOut:EnsLib.DICOM.Document</FormalSpec>
<ReturnType>%Status</ReturnType>
<Implementation><![CDATA[
    #dim tSC As %Status =$$$OK
    #dim tTemp As %String
    
    try {
    
		#; Get the current storage location
		Set tStorageLocation=..GetProductionSettingValue("StorageLocation",.tSC)
		If $$$ISERR(tSC) Quit
        
        #; Now create an instance of a message to indicate that the find process is complete
        Kill %objlasterror Set pDocOut=##class(EnsLib.DICOM.Document).%New(tStorageLocation)
        If '$IsObject(pDocOut) Set tSC=$Get(%objlasterror,$$$ERROR($$$FailedToNewClass,"EnsLib.DICOM.Document")) Quit
        
        #; We will be performing a find at patient level
        Set tSC=pDocOut.SetValueAt("1.2.840.10008.5.1.4.1.2.1.1","CommandSet.AffectedSOPClassUID")
        If $$$ISERR(tSC) Quit
        
        #; Set the CommandField, this is a C-FIND Request
        Set tSC=pDocOut.SetValueAt($$$Str2MsgTyp("C-FIND-RQ"),"CommandSet.CommandField")
        If $$$ISERR(tSC) Quit
        
        #; Set the priority
        Set tSC = pDocOut.SetValueAt(0,"CommandSet.Priority")
        If $$$ISERR(tSC) Quit
    
        Set tSC = pDocOut.SetValueAt("PATIENT","DataSet.QueryRetrieveLevel")
        If $$$ISERR(tSC) Quit
    
        Set tSC = pDocOut.SetValueAt("","DataSet.PatientID")
        If $$$ISERR(tSC) Quit
            
        Set tSC = pDocOut.SetValueAt("","DataSet.SOPInstanceUID")
        If $$$ISERR(tSC) Quit
        
        Set tSC = pDocOut.SetValueAt("","DataSet.StudyInstanceUID")
        If $$$ISERR(tSC) Quit
        
        Set tSC = pDocOut.SetValueAt("","DataSet.SeriesInstanceUID")
        If $$$ISERR(tSC) Quit
        
    } catch {
        Set tSC=$$$EnsSystemError
    }
    Quit tSC
]]></Implementation>
</Method>

<Storage name="Default">
<Type>%Library.CacheStorage</Type>
<DefaultData>ModalityDefaultData</DefaultData>
<Data name="ModalityDefaultData">
<Subscript>"Modality"</Subscript>
<Value name="1">
<Value>CurrentState</Value>
</Value>
<Value name="2">
<Value>OperationDuplexName</Value>
</Value>
<Value name="3">
<Value>ResponseCount</Value>
</Value>
<Value name="4">
<Value>Request</Value>
</Value>
<Value name="5">
<Value>RequestType</Value>
</Value>
<Value name="6">
<Value>CancelCount</Value>
</Value>
<Value name="7">
<Value>CancelThreshold</Value>
</Value>
</Data>
</Storage>
</Class>
</Export>
