<?xml version="1.0" encoding="UTF-8"?>
<Export generator="Cache" version="25">
<Class name="Training.Integration.InstallerUtils">
<Description>
Utility class for the installer manifest.
Should be exported to /setup/files/InstallerUtils.xml</Description>
<TimeCreated>65092,48444.303</TimeCreated>

<Parameter name="ClassVersion">
<Default>$Id$</Default>
</Parameter>

<Method name="GenerateCinema">
<ClassMethod>1</ClassMethod>
<ReturnType>%Status</ReturnType>
<Implementation><![CDATA[
 Try {
 	Set status = $$$OK
 	Do ^CinemaData
 }
 Catch ex {
 	Set status = ex.AsStatus()
 }
 Return status
]]></Implementation>
</Method>

<Method name="PostHL7v3Install">
<ClassMethod>1</ClassMethod>
<FormalSpec>filesDir</FormalSpec>
<ReturnType>%Status</ReturnType>
<Implementation><![CDATA[
 Try {
 	Set status = $$$OK
 	set filesDir = ##class(%File).NormalizeDirectory(filesDir)
 	Set pPath = filesDir_"Separate/HL7/HL7v3/latest/data/"
 	Set pPath = ##class(%File).NormalizeDirectory(pPath)
  	Do PostInstall^HL7v3Install(pPath,0)
 }
 Catch ex {
 	Set status = ex.AsStatus()
 }
 Return status
]]></Implementation>
</Method>

<Method name="EnableAnalytics">
<ClassMethod>1</ClassMethod>
<FormalSpec>namespace:%String</FormalSpec>
<ReturnType>%Status</ReturnType>
<Implementation><![CDATA[
	 
 Try {
	 New $NAMESPACE
	 Set $NAMESPACE = "%SYS"
	 Do EnableDeepSee^%SYS.cspServer("/csp/"_$zconvert(namespace,"L")_"/")
	 Do EnableIKnow^%SYS.cspServer("/csp/"_$zconvert(namespace,"L")_"/")
	 Set webappid = "/csp/"_$zconvert(namespace,"L")
	 
	 //Can't compile the following sql until in %SYS namespace
	 #Include %occStatus
	 #SQLCompile Mode=Deferred
	 &SQL(Update security.applications 
	 	  Set DeepSeeEnabled = 1, 
	 	  iKnowEnabled = 1 
	 	  Where id = :webappid)
	 if SQLCODE {
	 	Set msg = "Embedded SQL failed to update the security.applications table SQLCODE: "_SQLCODE_" msg: "_%msg
	 	Set st = $$$ERROR($$$GeneralError, msg)
	 	$$$ThrowStatus(st)
	}
	Return $$$OK
	}
 Catch ex {
 	Return ex.AsStatus()
	}
]]></Implementation>
</Method>
</Class>
</Export>
