<?xml version="1.0" encoding="UTF-8"?>
<Export generator="Cache" version="21">
<Class name="Demo.HL7v3.Service.FileIn">
<ClassType/>
<ProcedureBlock>1</ProcedureBlock>
<Super>Ens.BusinessService</Super>
<TimeCreated>60277,39172.047657</TimeCreated>

<Parameter name="ADAPTER">
<Default>EnsLib.File.InboundAdapter</Default>
</Parameter>

<Method name="OnProcessInput">
<FormalSpec>pInput:%FileCharacterStream,pOutput:Ens.Response</FormalSpec>
<ReturnType>%Status</ReturnType>
<Implementation><![CDATA[
	Set $ZTrap = "OnProcessInputET"
	
	Set tStatus = ##class(%XML.XPATH.Document).CreateFromStream(pInput, .tDocument)
	Set tStatus = tDocument.EvaluateExpression("/*", "name()", .tResults)
	Set tStatus = pInput.Rewind()
	
	If (tResults.Count() > 0) Set tRoot = tResults.GetAt(1).Value
	Else  Set tRoot = "<errorNoRootElement>"
	
	Set tRequest = ##class(Demo.HL7v3.Message).%New()
	Set tRequest.Name		= tRoot
	Set tRequest.DocType	= ""
	Set tRequest.Source     = pInput.Attributes("Filename")
	Do tRequest.Content.CopyFrom(pInput)
	
	Set tStatus = ..SendRequestSync("Route and Transform Message", tRequest, .tResponse)
	
	Quit $$$OK
	
OnProcessInputET
	Set $ZTrap = ""
	
	Quit $$$ERROR($$$GeneralError, "An error has occurred in OnProcessInput():  " _ $ZError)
]]></Implementation>
</Method>
</Class>
</Export>
