<?xml version="1.0" encoding="UTF-8"?>
<Export generator="Cache" version="21">
<Class name="Demo.HL7v3.Service.SOAPIn">
<ClassType/>
<ProcedureBlock>1</ProcedureBlock>
<Super>EnsLib.SOAP.Service</Super>
<TimeCreated>60277,39172.063808</TimeCreated>

<Parameter name="ADAPTER">
</Parameter>

<Parameter name="SERVICENAME">
<Description>
Name of the WebService.</Description>
<Default>HL7v3SOAPIn</Default>
</Parameter>

<Parameter name="NAMESPACE">
<Description>
TODO: change this to actual SOAP namespace.
SOAP Namespace for the WebService</Description>
<Default>http://tempuri.org</Default>
</Parameter>

<Method name="SendMessage">
<Description>
TODO: add arguments and implementation.
SendMessage</Description>
<FormalSpec>pInput:%GlobalCharacterStream</FormalSpec>
<ReturnType>%GlobalCharacterStream</ReturnType>
<WebMethod>1</WebMethod>
<Implementation><![CDATA[
	Set $ZTrap = "SendMessageET"

	Set tStatus	= ..ProcessInput(pInput, .pOutput)

	Quit pOutput

SendMessageET
	Set $ZTrap = ""
	
	Quit $$$ERROR($$$GeneralError, "An error has occurred in SendMessage():  " _ $ZError)
]]></Implementation>
</Method>

<Method name="OnProcessInput">
<FormalSpec><![CDATA[pInput:%GlobalCharacterStream,&pOutput:%GlobalCharacterStream]]></FormalSpec>
<ReturnType>%Status</ReturnType>
<Implementation><![CDATA[
	Set $ZTrap = "OnProcessInputET"
	
	Set tStatus = ##class(%XML.XPATH.Document).CreateFromStream(pInput, .tDocument)
	Set tStatus = tDocument.EvaluateExpression("/*", "name()", .tResults)
	Set tStatus = pInput.Rewind()

	If (tResults.Count() > 0) Set tRoot = tResults.GetAt(1).Value
	Else  Set tRoot = "<errorNoRootElement>"
	
	Set tRequest = ##class(Demo.HL7v3.Message).%New()
	Set tRequest.Name		= tRoot
	Set tRequest.DocType	= ""
	Set tRequest.Source  	= ..#SERVICENAME
	Set tRequest.Content	= pInput
	
	Set tStatus = ..SendRequestSync("Route and Transform Message", tRequest, .tResponse)
	Set pOutput = tResponse.Content

	Quit $$$OK
	
OnProcessInputET
	Set $ZTrap = ""
	
	Quit $$$ERROR($$$GeneralError, "An error has occurred in OnProcessInput():  " _ $ZError)
]]></Implementation>
</Method>
</Class>
</Export>
