<?xml version="1.0" encoding="UTF-8"?>
<Export generator="Cache" version="25" zv="Cache for Windows (x86-64) 2013.1 (Build 446U)" ts="2013-06-06 11:30:15">
<Class name="Hospital.HL7Metric">
<Description>
</Description>
<Super>Ens.BusinessMetric</Super>
<TimeChanged>62979,41347.59043</TimeChanged>
<TimeCreated>61052,40969.018869</TimeCreated>

<Property name="FromERRouterMsgs">
<Type>Ens.DataType.Metric</Type>
<Parameter name="RANGELOWER" value="0"/>
<Parameter name="RANGEUPPER" value="500"/>
<Parameter name="UNITS" value="HL7 Messages"/>
</Property>

<Property name="ToPharmacyStatus">
<Type>Ens.DataType.Metric</Type>
<Parameter name="RANGELOWER" value="-1"/>
<Parameter name="RANGEUPPER" value="1"/>
</Property>

<Method name="OnCalculateMetrics">
<ReturnType>%Status</ReturnType>
<Implementation><![CDATA[
	//Determine how many messages were processed by From_ER_Router on the current day
	&sql(SELECT COUNT(*) into :count FROM Ens.MessageHeader WHERE
	SourceConfigName='From_ER_Router' AND 
	DATEDIFF('dd',CURRENT_TIMESTAMP,TimeProcessed)=0)
	
	//Set the metric to the current count of messages
	Set ..FromERRouterMsgs=count
	
	//Determine if the current status of PharmancyFileOperation is OK
	If (^CacheTemp.EnsHostMonitor("ENSDEMO","To_Pharmacy","%Status") '= "OK")
	{
		//The status is not OK
		Set status=-1	
	}
	Else
	{
		//The status is OK
		Set status=1	
	}
	
	//Set the metric to reflect the status
	Set ..ToPharmacyStatus=status

	Quit $$$OK
]]></Implementation>
</Method>
</Class>


<Class name="Hospital.HospitalHL7Dash">
<Description>
</Description>
<Super>Ens.Dashboard</Super>
<TimeChanged>62979,41380.097979</TimeChanged>
<TimeCreated>61052,41532.753906</TimeCreated>

<XData name="Dashboard">
<Data><![CDATA[
<Dashboard RefreshRate="2000" Metric="Hospital.HL7Metric">
<Speedometer Label="From_ER_Router" Property="FromERRouterMsgs" />
<Smiley Label="To_Pharmacy" Property="ToPharmacyStatus"/>
</Dashboard>
]]></Data>
</XData>
</Class>
</Export>
