<?xml version="1.0" encoding="UTF-8"?>
<Export generator="Cache" version="24" zv="Cache for Windows (x86-32) 2010.1 (Build 413U)" ts="2010-03-10 11:30:00">
<Class name="Hospital.WS.OperationWebService">
<Super>EnsLib.SOAP.Service</Super>
<TimeChanged>61795,41029.999247</TimeChanged>
<TimeCreated>61793,61243.367927</TimeCreated>

<Parameter name="SERVICENAME">
<Description>
Override this parameter in the subclass.</Description>
<Default>OperationWebService</Default>
</Parameter>

<Method name="RequestOperation">
<FormalSpec>PatientID:%String,RequestedOperation:%String,LikelyOutcome:%String</FormalSpec>
<ReturnType>%Status</ReturnType>
<WebMethod>1</WebMethod>
<Implementation><![CDATA[
		set tRequest = ##class(Hospital.OperateRequest).%New()
		set tRequest.PatientID = PatientID
		set tRequest.RequestedOperation = RequestedOperation
		set tRequest.LikelyOutcome = LikelyOutcome
		
		set tSC = ..ProcessInput(tRequest,.tResponse)
		if $$$ISERR(tSC) do ..ReturnMethodStatusFault(tSC)
	
		Quit $$$OK
]]></Implementation>
</Method>

<Method name="OnProcessInput">
<FormalSpec>pRequest:Hospital.OperateRequest,*pResponse:%RegisteredObject</FormalSpec>
<ReturnType>%Status</ReturnType>
<Implementation><![CDATA[
		
		Do ..SendRequestAsync("Hospital.PermissionToOperateProcess",pRequest)
		
		Quit $$$OK
]]></Implementation>
</Method>
</Class>
</Export>
