<?xml version="1.0" encoding="UTF-8"?>
<Export generator="Cache" version="22" zv="Cache for Windows (x86-32) 2008.2 (Build 526U)" ts="2009-02-17 15:03:00">
<Class name="Hospital.PermissionToOperateProcess">
<ClassType>persistent</ClassType>
<Super>Ens.BusinessProcessBPL</Super>
<TimeChanged>61409,54049.875699</TimeChanged>
<TimeCreated>60856,42932.985071</TimeCreated>

<XData name="BPL">
<Description>
BPL Definition</Description>
<XMLNamespace>http://www.intersystems.com/bpl</XMLNamespace>
<Data><![CDATA[
<process language='objectscript' request='Hospital.OperateRequest' height='2000' width='2000' >
<context>
<property name='Attributes' type='Hospital.OperateResponse' />
</context>
<sequence xend='550' yend='650' >
<call name='Get Patient Info' target='Hospital.GetPatientInfoProcess' async='0' xpos='550' ypos='200' >
<request type='Hospital.OperateRequest' >
<assign property='callrequest' value='request' action='set' />
</request>
<response type='Hospital.OperateResponse' >
<assign property='context.Attributes' value='callresponse' action='set' />
</response>
</call>
<if name='Make Decision' condition='(context.Attributes.IsInsured) || (context.Attributes.CreditRating&gt;=70)' xpos='550' ypos='300' xend='550' yend='550' >
<true>
<call name='Will Operate' target='Hospital.MakeFileOperation' async='1' xpos='820' ypos='450' >
<request type='Hospital.SendDecisionRequest' >
<assign property='callrequest.FileName' value='"WillOperate.txt"' action='set' />
<assign property='callrequest.Contents' value='request' action='set' />
<assign property='callrequest.InsuranceCompany' value='context.Attributes.InsuranceCompany' action='set' />
</request>
</call>
</true>
<false>
<call name='Will Not Operate' target='Hospital.MakeFileOperation' async='1' xpos='550' ypos='450' >
<request type='Hospital.SendDecisionRequest' >
<assign property='callrequest.InsuranceCompany' value='context.Attributes.InsuranceCompany' action='set' />
<assign property='callrequest.FileName' value='"WillNotOperate.txt"' action='set' />
<assign property='callrequest.Contents' value='request' action='set' />
</request>
</call>
</false>
</if>
</sequence>
</process>
]]></Data>
</XData>

<Storage name="Default">
<Type>%Library.CacheStorage</Type>
</Storage>
</Class>
</Export>
