<?xml version="1.0" encoding="UTF-8"?>
<Export generator="Cache" version="21" zv="Cache for Windows (x86-32) 2007.1.2 (Build 517U)" ts="2007-10-10 09:51:31">
<Class name="Hospital.CSPService">
<Description>
</Description>
<ProcedureBlock>1</ProcedureBlock>
<Super>Ens.BusinessService</Super>
<TimeCreated>60856,52421.679986</TimeCreated>

<Method name="OnProcessInput">
<FormalSpec>pCSPRequest:%CSP.Request,pOutput:%RegisteredObject</FormalSpec>
<ReturnType>%Status</ReturnType>
<Implementation><![CDATA[

	set tRequest = ##class(Hospital.OperateRequest).%New()
	set tRequest.PatientID = pCSPRequest.Get("PatientID")
	set tRequest.RequestedOperation = pCSPRequest.Get("RequestedOperation")
	set tRequest.LikelyOutcome = pCSPRequest.Get("LikelyOutcome")
	set st = ..SendRequestAsync("Hospital.PermissionToOperateProcess",tRequest)  Quit:$$$ISERR(st) st
	
	set pOutput = ##class(Ens.StringContainer).%New("You will be notified about the scheduling of your operation.")
	Quit $$$OK
]]></Implementation>
</Method>
</Class>
</Export>
