<?xml version="1.0" encoding="UTF-8"?>
<Export generator="Cache" version="25" zv="Cache for Windows (x86-64) 2011.2 (Build 313U)" ts="2011-09-28 16:27:03">
<Document name="PharmacySchema.HL7">
<Category name="PharmacySchema" base="2.3.1">

<MessageType name='ORM_O01' structure='ORM_O01'/>

<MessageStructure name='ORM_O01' definition='base:MSH~[~ZAL~]~[~{~base:NTE~}~]~[~base:PID~[~base:PD1~]~[~{~base:NTE~}~]~[~base:PV1~[~base:PV2~]~]~[~{~base:IN1~[~base:IN2~]~[~{~base:IN3~}~]~}~]~[~base:GT1~]~[~{~base:AL1~}~]~]~{~base:ORC~[~&lt;~base:OBR~|~base:RQD~|~base:RQ1~|~base:ODS~|~base:ODT~|~base:RXO~&gt;~[~{~base:NTE~}~]~[~{~base:DG1~}~]~[~{~base:OBX~[~{~base:NTE~}~]~}~]~]~[~{~base:CTI~}~]~[~base:BLG~]~}'/>

<SegmentStructure name='ZAL' description='patient allergy indication segment'>
    <SegmentSubStructure piece='1' description='Allergy Identified' length='10' required='O' ifrepeating='0'/>
</SegmentStructure>

</Category>
</Document></Export>
