<?xml version="1.0" encoding="UTF-8"?>
<Export generator="Cache" version="25" zv="Cache for Windows (x86-64) 2011.2 (Build 313U)" ts="2011-09-29 09:21:43">
<Class name="Hospital.ERORMO01ToAllergyDTL">
<Description>
</Description>
<ProcedureBlock>1</ProcedureBlock>
<Super>Ens.DataTransformDTL</Super>
<TimeChanged>62363,33617.751954</TimeChanged>
<TimeCreated>62362,59717.859176</TimeCreated>

<XData name="DTL">
<XMLNamespace>http://www.intersystems.com/dtl</XMLNamespace>
<Data><![CDATA[
<transform sourceClass='EnsLib.HL7.Message' targetClass='EnsLib.HL7.Message' sourceDocType='2.3.1:ORM_O01' targetDocType='PharmacySchema:ORM_O01' create='new' language='objectscript' >
<assign value='source.{MSH}' property='target.{MSH}' action='set' />
<assign value='source.{NTE()}' property='target.{NTE()}' action='set' />
<assign value='source.{PIDgrp}' property='target.{PIDgrp}' action='set' />
<assign value='source.{ORCgrp()}' property='target.{ORCgrp()}' action='set' />
<if condition='source.{PIDgrp.AL1(1):AllergyType}=""' >
<false>
<assign value='"ALLERGY"' property='target.{ZAL:AllergyIdentified}' action='set' />
</false>
</if>
<assign value='""' property='target.{ZID:EmployeeID}' action='set' />
<assign value='""' property='target.{ZID:CompanyID}' action='set' />
</transform>
]]></Data>
</XData>

<Parameter name="REPORTERRORS">
<Default>1</Default>
</Parameter>
</Class>


<Document name="PharmacySchema.HL7">
<Category name="PharmacySchema" base="2.3.1">

<MessageType name='ORM_O01' structure='ORM_O01'/>

<MessageStructure name='ORM_O01' definition='base:MSH~[~ZAL~]~[~ZID~]~[~{~base:NTE~}~]~[~base:PID~[~base:PD1~]~[~{~base:NTE~}~]~[~base:PV1~[~base:PV2~]~]~[~{~base:IN1~[~base:IN2~]~[~{~base:IN3~}~]~}~]~[~base:GT1~]~[~{~base:AL1~}~]~]~{~base:ORC~[~&lt;~base:OBR~|~base:RQD~|~base:RQ1~|~base:ODS~|~base:ODT~|~base:RXO~&gt;~[~{~base:NTE~}~]~[~{~base:DG1~}~]~[~{~base:OBX~[~{~base:NTE~}~]~}~]~]~[~{~base:CTI~}~]~[~base:BLG~]~}'/>

<SegmentStructure name='ZAL' description='patient allergy indication segment'>
    <SegmentSubStructure piece='1' description='Allergy Identified' length='10' required='O' ifrepeating='0'/>
</SegmentStructure>
<SegmentStructure name='ZID' description='patient ID segment'>
    <SegmentSubStructure piece='1' description='Employee ID' length='20' required='O' ifrepeating='0'/>
    <SegmentSubStructure piece='2' description='Company ID' length='20' required='O' ifrepeating='0'/>
</SegmentStructure>

</Category>
</Document></Export>
