<?xml version="1.0" encoding="UTF-8"?>
<Export generator="Cache" version="25" zv="Cache for Windows (x86-64) 2011.2 (Build 313U)" ts="2011-09-28 15:25:32">
<Class name="Hospital.FromERRouterRoutingRule">
<Description>
</Description>
<ProcedureBlock>1</ProcedureBlock>
<Super>Ens.Rule.Definition</Super>
<TimeChanged>62362,55391.161808</TimeChanged>
<TimeCreated>62350,47885.758259</TimeCreated>

<Parameter name="RuleAssistClass">
<Default>EnsLib.HL7.MsgRouter.RuleAssist</Default>
</Parameter>

<XData name="RuleDefinition">
<XMLNamespace>http://www.intersystems.com/rule</XMLNamespace>
<Data><![CDATA[
<ruleDefinition alias="" context="EnsLib.HL7.MsgRouter.RoutingEngine" production="Hospital.HospitalProd">
<ruleSet name="" effectiveBegin="" effectiveEnd="">
<rule name="" disabled="false">
<constraint name="docName" value="ADT_A01"></constraint>
<when condition="1">
<send transform="Hospital.SplitADTA01ForOBX2" target="To_Transfer"></send>
<send transform="Hospital.SplitADTA01ForOBX1" target="To_Transfer"></send>
<return></return>
</when>
</rule>
<rule name="" disabled="false">
<constraint name="source" value="From_ER"></constraint>
<constraint name="docCategory" value="2.3.1"></constraint>
<constraint name="docName" value="ORM_O01"></constraint>
<when condition="(HL7.(MSH:ReceivingApplication.namespaceID) CONTAINS &quot;PHARMACY&quot;)&amp;&amp;(HL7.{MSH:11.1}=&quot;T&quot;)">
<send transform="Hospital.ERORMO01ToPharmORMO01DTL" target="To_Pharmacy"></send>
<return></return>
</when>
</rule>
<rule name="" disabled="false">
<constraint name="docName" value="ADT_A06"></constraint>
<when condition="1">
<send transform="Hospital.ERADTA06ToTransferADTA02DTL" target="To_Transfer"></send>
<return></return>
</when>
</rule>
</ruleSet>
</ruleDefinition>
]]></Data>
</XData>
</Class>


<Class name="Hospital.SplitADTA01ForOBX1">
<Description>
</Description>
<ProcedureBlock>1</ProcedureBlock>
<Super>Ens.DataTransformDTL</Super>
<TimeChanged>62362,53280.052423</TimeChanged>
<TimeCreated>62362,53152.190987</TimeCreated>

<Parameter name="REPORTERRORS">
<Default>1</Default>
</Parameter>

<XData name="DTL">
<XMLNamespace>http://www.intersystems.com/dtl</XMLNamespace>
<Data><![CDATA[
<transform sourceClass='EnsLib.HL7.Message' targetClass='EnsLib.HL7.Message' sourceDocType='2.3.1:ADT_A01' targetDocType='2.3.1:ADT_A01' create='new' language='objectscript' >
<assign value='source.{MSH}' property='target.{MSH}' action='set' />
<assign value='source.{EVN}' property='target.{EVN}' action='set' />
<assign value='source.{PID}' property='target.{PID}' action='set' />
<assign value='source.{PD1}' property='target.{PD1}' action='set' />
<assign value='source.{NK1()}' property='target.{NK1()}' action='set' />
<assign value='source.{PV1}' property='target.{PV1}' action='set' />
<assign value='source.{PV2}' property='target.{PV2}' action='set' />
<assign value='source.{DB1()}' property='target.{DB1()}' action='set' />
<assign value='source.{OBX(1)}' property='target.{OBX(1)}' action='set' />
<assign value='source.{AL1()}' property='target.{AL1()}' action='set' />
<assign value='source.{DG1()}' property='target.{DG1()}' action='set' />
<assign value='source.{DRG}' property='target.{DRG}' action='set' />
<assign value='source.{PR1grp()}' property='target.{PR1grp()}' action='set' />
<assign value='source.{GT1()}' property='target.{GT1()}' action='set' />
<assign value='source.{IN1grp()}' property='target.{IN1grp()}' action='set' />
<assign value='source.{ACC}' property='target.{ACC}' action='set' />
<assign value='source.{UB1}' property='target.{UB1}' action='set' />
<assign value='source.{UB2}' property='target.{UB2}' action='set' />
</transform>
]]></Data>
</XData>
</Class>


<Class name="Hospital.SplitADTA01ForOBX2">
<Description>
</Description>
<ProcedureBlock>1</ProcedureBlock>
<Super>Ens.DataTransformDTL</Super>
<TimeChanged>62362,53906.512927</TimeChanged>
<TimeCreated>62362,53685.105222</TimeCreated>

<Parameter name="REPORTERRORS">
<Default>1</Default>
</Parameter>

<Parameter name="IGNOREMISSINGSOURCE">
<Default>1</Default>
</Parameter>

<XData name="DTL">
<XMLNamespace>http://www.intersystems.com/dtl</XMLNamespace>
<Data><![CDATA[
<transform sourceClass='EnsLib.HL7.Message' targetClass='EnsLib.HL7.Message' sourceDocType='2.3.1:ADT_A01' targetDocType='2.3.1:ADT_A01' create='new' language='objectscript' >
<assign value='source.{MSH}' property='target.{MSH}' action='set' />
<assign value='source.{EVN}' property='target.{EVN}' action='set' />
<assign value='source.{PID}' property='target.{PID}' action='set' />
<assign value='source.{PD1}' property='target.{PD1}' action='set' />
<assign value='source.{NK1()}' property='target.{NK1()}' action='set' />
<assign value='source.{PV1}' property='target.{PV1}' action='set' />
<assign value='source.{PV2}' property='target.{PV2}' action='set' />
<assign value='source.{DB1()}' property='target.{DB1()}' action='set' />
<assign value='source.{OBX(2)}' property='target.{OBX(1)}' action='set' />
<assign value='source.{AL1()}' property='target.{AL1()}' action='set' />
<assign value='source.{DG1()}' property='target.{DG1()}' action='set' />
<assign value='source.{DRG}' property='target.{DRG}' action='set' />
<assign value='source.{PR1grp()}' property='target.{PR1grp()}' action='set' />
<assign value='source.{GT1()}' property='target.{GT1()}' action='set' />
<assign value='source.{IN1grp()}' property='target.{IN1grp()}' action='set' />
<assign value='source.{ACC}' property='target.{ACC}' action='set' />
<assign value='source.{UB1}' property='target.{UB1}' action='set' />
<assign value='source.{UB2}' property='target.{UB2}' action='set' />
</transform>
]]></Data>
</XData>
</Class>
</Export>
