<?xml version="1.0" encoding="UTF-8"?>
<Export generator="Cache" version="25" zv="Cache for Windows (x86-64) 2011.2 (Build 304U)" ts="2011-09-27 16:50:40">
<Class name="Hospital.ERADTA06ToTransferADTA02DTL">
<Description>
</Description>
<ProcedureBlock>1</ProcedureBlock>
<Super>Ens.DataTransformDTL</Super>
<TimeChanged>62361,60522.23575</TimeChanged>
<TimeCreated>62354,50061.567907</TimeCreated>

<XData name="DTL">
<XMLNamespace>http://www.intersystems.com/dtl</XMLNamespace>
<Data><![CDATA[
<transform sourceClass='EnsLib.HL7.Message' targetClass='EnsLib.HL7.Message' sourceDocType='2.3.1:ADT_A06' targetDocType='2.3.1:ADT_A02' create='new' language='objectscript' >
<assign value='source.{MSH}' property='target.{MSH}' action='set' />
<assign value='source.{EVN}' property='target.{EVN}' action='set' />
<assign value='source.{PID}' property='target.{PID}' action='set' />
<if condition='source.{PD1:*} &gt; 0' >
<true>
<assign value='source.{PD1}' property='target.{PD1}' action='set' />
</true>
</if>
<assign value='source.{PV1}' property='target.{PV1}' action='set' />
<assign value='"Num of names = "_source.{NK1(2):Name("*")}_" Num of fields = "_source.{NK1(2):*}' property='target.{MSH:Security}' action='set' />
<assign value='source.{PV2}' property='target.{PV2}' action='set' />
<assign value='source.{DB1()}' property='target.{DB1()}' action='set' />
<assign value='source.{OBX()}' property='target.{OBX()}' action='set' />
<subtransform class='Hospital.OBXSetIDOBXCheckDTL' targetObj='target.{OBX(1)}' sourceObj='source.{OBX(1)}' />
<assign value='"A02"' property='target.{MSH:MessageType.triggerevent}' action='set' />
<assign value='"A02"' property='target.{EVN:EventTypeCode}' action='set' />
<assign value='source.{PID:PatientIdentifierList(1).ID}' property='target.{PID:AlternatePatientIDPID(1).ID}' action='set' />
<if condition='source.{PID:PrimaryLanguage}=""' >
<true>
<assign value='"UNKNOWN"' property='target.{PID:PrimaryLanguage}' action='set' />
</true>
</if>
<assign value='"I"' property='target.{PV1:PatientClass}' action='set' />
<assign value='..Pad(source.{PID:PatientIdentifierList(1).ID},-10,0)' property='target.{PID:PatientID}' action='set' />
<assign value='..Strip(source.{PID:PhoneNumberHome(1)},"*P")' property='target.{PID:PhoneNumberHome(1)}' action='set' />
<assign value='..Lookup("ClinicNames",source.{PV2:ClinicOrganizationName(1)},source.{PV2:ClinicOrganizationName(1)})' property='target.{PV2:ClinicOrganizationName(1)}' action='set' />
<assign value='..ReplaceStr(source.{PID:PatientName(1)},".","")' property='target.{PID:PatientName(1)}' action='set' />
<code>
<![CDATA[ set today=$ZDATETIME($H,8,2) 
 set today=$TRANSLATE(today," :")
 do target.SetValueAt(today,"PV2:9")]]]]><![CDATA[></code>
</transform>
]]></Data>
</XData>

<Parameter name="REPORTERRORS">
<Default>1</Default>
</Parameter>

<Parameter name="IGNOREMISSINGSOURCE">
<Default>1</Default>
</Parameter>
</Class>
</Export>
