<?xml version="1.0" encoding="UTF-8"?>
<Export generator="Cache" version="25" zv="Cache for Windows (x86-64) 2011.2 (Build 313U)" ts="2011-09-28 14:02:24">
<Class name="Hospital.ORUR01NTEToOBXDTL">
<Description>
</Description>
<ProcedureBlock>1</ProcedureBlock>
<Super>Ens.DataTransformDTL</Super>
<TimeChanged>62362,50511.187051</TimeChanged>
<TimeCreated>62362,40936.037979</TimeCreated>

<XData name="DTL">
<XMLNamespace>http://www.intersystems.com/dtl</XMLNamespace>
<Data><![CDATA[
<transform sourceClass="EnsLib.HL7.Message" sourceDocType="2.3.1:ORU_R01" targetClass="EnsLib.HL7.Message" targetDocType="2.3.1:ORU_R01" create="new" language="objectscript" >
<assign value="source.{MSH}" property="target.{MSH}" key="&quot;&quot;" action="set" />
<assign value="source.{DSC}" property="target.{DSC}" key="&quot;&quot;" action="set" />
<assign value="source.{PIDgrpgrp(1).PIDgrp}" property="target.{PIDgrpgrp(1).PIDgrp}" key="&quot;&quot;" action="set" />
<assign value="source.{PIDgrpgrp(1).ORCgrp(1).ORC}" property="target.{PIDgrpgrp(1).ORCgrp(1).ORC}" key="&quot;&quot;" action="set" />
<assign value="source.{PIDgrpgrp(1).ORCgrp(1).OBR}" property="target.{PIDgrpgrp(1).ORCgrp(1).OBR}" key="&quot;&quot;" action="set" />
<assign value="source.{PIDgrpgrp(1).ORCgrp(1).NTE()}" property="target.{PIDgrpgrp(1).ORCgrp(1).NTE()}" key="&quot;&quot;" action="set" />
<assign value="source.{PIDgrpgrp(1).ORCgrp(1).CTI()}" property="target.{PIDgrpgrp(1).ORCgrp(1).CTI()}" key="&quot;&quot;" action="set" />
<assign value="source.{PIDgrpgrp(1).ORCgrp(1).OBXgrp(1).OBX}" property="target.{PIDgrpgrp(1).ORCgrp(1).OBXgrp(1).OBX}" key="&quot;&quot;" action="set" />
<foreach key="k1" property="source.{PIDgrpgrp(1).ORCgrp(1).OBXgrp(1).NTE()}">
<assign value="..Piece(source.{PIDgrpgrp(1).ORCgrp(1).OBXgrp(1).NTE(k1):Comment(1)},&quot;*&quot;,&quot;2&quot;)" property="target.{PIDgrpgrp(1).ORCgrp(1).OBXgrp(k1+1).OBX:ObservationValue(1)}" key="&quot;&quot;" action="set" />
<assign value="..Piece(source.{PIDgrpgrp(1).ORCgrp(1).OBXgrp(1).NTE(k1):Comment(1)},&quot;*&quot;,&quot;3&quot;)" property="target.{PIDgrpgrp(1).ORCgrp(1).OBXgrp(k1+1).OBX:ObservationResultStatus}" key="&quot;&quot;" action="set" />
<assign value="..Piece(source.{PIDgrpgrp(1).ORCgrp(1).OBXgrp(1).NTE(k1):Comment(1)},&quot;*&quot;,&quot;1&quot;)" property="target.{PIDgrpgrp(1).ORCgrp(1).OBXgrp(k1+1).OBX:ValueType}" key="&quot;&quot;" action="set" />
</foreach>
</transform>
]]></Data>
</XData>

<Parameter name="REPORTERRORS">
<Default>1</Default>
</Parameter>

<Parameter name="IGNOREMISSINGSOURCE">
<Default>1</Default>
</Parameter>
</Class>
</Export>
