<?xml version="1.0" encoding="UTF-8"?>
<Export generator="Cache" version="25">
<Class name="Cinema.FilmCategory">
<Description>
List of film genres, for instance "Drama".</Description>
<Super>%Library.Persistent</Super>
<TimeCreated>58755,59417</TimeCreated>

<Property name="CategoryName">
<Type>%Library.String</Type>
</Property>

<Index name="CategoryNameIndex">
<Description>
Index for property CategoryName</Description>
<Properties>CategoryName</Properties>
</Index>

<Query name="CategoryName">
<Description>
List of film category names</Description>
<Type>%Library.SQLQuery</Type>
<SqlQuery> SELECT ID, CategoryName
 	FROM FilmCategory
 	ORDER BY CategoryName</SqlQuery>
<Parameter name="CONTAINID" value="1"/>
<Parameter name="ROWSPEC" value="ID,CategoryName:%Library.String"/>
</Query>

<Storage name="Default">
<Type>%Library.CacheStorage</Type>
<DataLocation>^CinemaooFilmCategoryD</DataLocation>
<DefaultData>FilmCategoryDefaultData</DefaultData>
<IdLocation>^CinemaooFilmCategoryD</IdLocation>
<IndexLocation>^CinemaooFilmCategoryI</IndexLocation>
<StreamLocation>^Cinema.FilmCategoryS</StreamLocation>
<Data name="FilmCategoryDefaultData">
<Value name="1">
<Value>CategoryName</Value>
</Value>
<Value name="2">
<Value>%%CLASSNAME</Value>
</Value>
</Data>
</Storage>
</Class>
</Export>
