<?xml version="1.0" encoding="UTF-8"?>
<Export generator="Cache" version="25">
<Class name="Cinema.TicketItem">
<Super>%Library.Persistent</Super>
<TimeCreated>58755,75574</TimeCreated>

<Property name="AdultTickets">
<Type>%Library.Integer</Type>
<InitialExpression>2</InitialExpression>
</Property>

<Property name="ChildTickets">
<Type>%Library.Integer</Type>
<InitialExpression>0</InitialExpression>
</Property>

<Property name="Show">
<Type>Cinema.Show</Type>
</Property>

<Property name="TicketOrder">
<Type>Cinema.TicketOrder</Type>
<Cardinality>parent</Cardinality>
<Inverse>Items</Inverse>
<Relationship>1</Relationship>
</Property>

<Query name="ShowItem">
<Type>%Library.SQLQuery</Type>
<FormalSpec>P1:%Library.String</FormalSpec>
<SqlQuery><![CDATA[ SELECT ID, AdultTickets, ChildTickets, Show->Film->Title, Show->StartTime, Show->Theater->TheaterName, Show->Film
	FROM TicketItem
	WHERE (TicketOrder = :P1)]]></SqlQuery>
<Parameter name="CONTAINID" value="1"/>
<Parameter name="ROWSPEC" value="ID,AdultTickets:%Library.Integer,ChildTickets:%Library.Integer,Title:%Library.String,StartTime:%Library.Time,TheaterName:%Library.String,Film:Cinema.Film"/>
</Query>

<Storage name="Default">
<Type>%Library.CacheStorage</Type>
<DataLocation>^CinemaooTicketItemD</DataLocation>
<DefaultData>TicketItemDefaultData</DefaultData>
<IdLocation>^CinemaooTicketItemD</IdLocation>
<IndexLocation>^CinemaooTicketItemI</IndexLocation>
<StreamLocation>^Cinema.TicketItemS</StreamLocation>
<Data name="TicketItemDefaultData">
<Value name="1">
<Value>AdultTickets</Value>
</Value>
<Value name="2">
<Value>ChildTickets</Value>
</Value>
<Value name="3">
<Value>Show</Value>
</Value>
<Value name="4">
<Value>TicketOrder</Value>
</Value>
<Value name="5">
<Value>Order</Value>
</Value>
<Value name="6">
<Value>%%CLASSNAME</Value>
</Value>
</Data>
</Storage>
</Class>
</Export>
