<?xml version="1.0" encoding="UTF-8"?>
<dataroot xmlns:od="urn:schemas-microsoft-com:officedata" generated="2018-05-08T19:14:08">
<InterestRates>
<ID>1</ID>
<InterestDate>1/1/2003</InterestDate>
<InterestRate>4.49</InterestRate>
</InterestRates>
<InterestRates>
<ID>2</ID>
<InterestDate>1/2/2003</InterestDate>
<InterestRate>3.46</InterestRate>
</InterestRates>
<InterestRates>
<ID>3</ID>
<InterestDate>1/3/2003</InterestDate>
<InterestRate>1.83</InterestRate>
</InterestRates>
<InterestRates>
<ID>4</ID>
<InterestDate>1/4/2003</InterestDate>
<InterestRate>2.71</InterestRate>
</InterestRates>
<InterestRates>
<ID>5</ID>
<InterestDate>1/5/2003</InterestDate>
<InterestRate>1.57</InterestRate>
</InterestRates>
<InterestRates>
<ID>6</ID>
<InterestDate>1/6/2003</InterestDate>
<InterestRate>4.61</InterestRate>
</InterestRates>
<InterestRates>
<ID>7</ID>
<InterestDate>1/7/2003</InterestDate>
<InterestRate>4.39</InterestRate>
</InterestRates>
<InterestRates>
<ID>8</ID>
<InterestDate>1/8/2003</InterestDate>
<InterestRate>2.98</InterestRate>
</InterestRates>
<InterestRates>
<ID>9</ID>
<InterestDate>1/9/2003</InterestDate>
<InterestRate>2.59</InterestRate>
</InterestRates>
<InterestRates>
<ID>10</ID>
<InterestDate>1/10/2003</InterestDate>
<InterestRate>3.09</InterestRate>
</InterestRates>
<InterestRates>
<ID>11</ID>
<InterestDate>1/11/2003</InterestDate>
<InterestRate>2.49</InterestRate>
</InterestRates>
<InterestRates>
<ID>12</ID>
<InterestDate>1/12/2003</InterestDate>
<InterestRate>3.91</InterestRate>
</InterestRates>
<InterestRates>
<ID>13</ID>
<InterestDate>1/13/2003</InterestDate>
<InterestRate>4.52</InterestRate>
</InterestRates>
<InterestRates>
<ID>14</ID>
<InterestDate>1/14/2003</InterestDate>
<InterestRate>4.75</InterestRate>
</InterestRates>
<InterestRates>
<ID>15</ID>
<InterestDate>1/15/2003</InterestDate>
<InterestRate>3.22</InterestRate>
</InterestRates>
<InterestRates>
<ID>16</ID>
<InterestDate>1/16/2003</InterestDate>
<InterestRate>3.19</InterestRate>
</InterestRates>
<InterestRates>
<ID>17</ID>
<InterestDate>1/17/2003</InterestDate>
<InterestRate>3.49</InterestRate>
</InterestRates>
<InterestRates>
<ID>18</ID>
<InterestDate>1/18/2003</InterestDate>
<InterestRate>3.12</InterestRate>
</InterestRates>
<InterestRates>
<ID>19</ID>
<InterestDate>1/19/2003</InterestDate>
<InterestRate>4.41</InterestRate>
</InterestRates>
<InterestRates>
<ID>20</ID>
<InterestDate>1/20/2003</InterestDate>
<InterestRate>1.05</InterestRate>
</InterestRates>
<InterestRates>
<ID>21</ID>
<InterestDate>1/21/2003</InterestDate>
<InterestRate>2.82</InterestRate>
</InterestRates>
<InterestRates>
<ID>22</ID>
<InterestDate>1/22/2003</InterestDate>
<InterestRate>3.82</InterestRate>
</InterestRates>
<InterestRates>
<ID>23</ID>
<InterestDate>1/23/2003</InterestDate>
<InterestRate>3.68</InterestRate>
</InterestRates>
<InterestRates>
<ID>24</ID>
<InterestDate>1/24/2003</InterestDate>
<InterestRate>2.16</InterestRate>
</InterestRates>
<InterestRates>
<ID>25</ID>
<InterestDate>1/25/2003</InterestDate>
<InterestRate>4.1</InterestRate>
</InterestRates>
<InterestRates>
<ID>26</ID>
<InterestDate>1/26/2003</InterestDate>
<InterestRate>3.39</InterestRate>
</InterestRates>
<InterestRates>
<ID>27</ID>
<InterestDate>1/27/2003</InterestDate>
<InterestRate>3.9</InterestRate>
</InterestRates>
<InterestRates>
<ID>28</ID>
<InterestDate>1/28/2003</InterestDate>
<InterestRate>2.7</InterestRate>
</InterestRates>
<InterestRates>
<ID>29</ID>
<InterestDate>1/29/2003</InterestDate>
<InterestRate>4.88</InterestRate>
</InterestRates>
<InterestRates>
<ID>30</ID>
<InterestDate>1/30/2003</InterestDate>
<InterestRate>4.8</InterestRate>
</InterestRates>
<InterestRates>
<ID>31</ID>
<InterestDate>1/31/2003</InterestDate>
<InterestRate>2.12</InterestRate>
</InterestRates>
<InterestRates>
<ID>32</ID>
<InterestDate>2/1/2003</InterestDate>
<InterestRate>2.98</InterestRate>
</InterestRates>
<InterestRates>
<ID>33</ID>
<InterestDate>2/2/2003</InterestDate>
<InterestRate>2.82</InterestRate>
</InterestRates>
<InterestRates>
<ID>34</ID>
<InterestDate>2/3/2003</InterestDate>
<InterestRate>4.32</InterestRate>
</InterestRates>
<InterestRates>
<ID>35</ID>
<InterestDate>2/4/2003</InterestDate>
<InterestRate>4.09</InterestRate>
</InterestRates>
<InterestRates>
<ID>36</ID>
<InterestDate>2/5/2003</InterestDate>
<InterestRate>4.45</InterestRate>
</InterestRates>
<InterestRates>
<ID>37</ID>
<InterestDate>2/6/2003</InterestDate>
<InterestRate>5.01</InterestRate>
</InterestRates>
<InterestRates>
<ID>38</ID>
<InterestDate>2/7/2003</InterestDate>
<InterestRate>4.07</InterestRate>
</InterestRates>
<InterestRates>
<ID>39</ID>
<InterestDate>2/8/2003</InterestDate>
<InterestRate>1.84</InterestRate>
</InterestRates>
<InterestRates>
<ID>40</ID>
<InterestDate>2/9/2003</InterestDate>
<InterestRate>3.9</InterestRate>
</InterestRates>
<InterestRates>
<ID>41</ID>
<InterestDate>2/10/2003</InterestDate>
<InterestRate>1.15</InterestRate>
</InterestRates>
<InterestRates>
<ID>42</ID>
<InterestDate>2/11/2003</InterestDate>
<InterestRate>4.69</InterestRate>
</InterestRates>
<InterestRates>
<ID>43</ID>
<InterestDate>2/12/2003</InterestDate>
<InterestRate>2.18</InterestRate>
</InterestRates>
<InterestRates>
<ID>44</ID>
<InterestDate>2/13/2003</InterestDate>
<InterestRate>2.93</InterestRate>
</InterestRates>
<InterestRates>
<ID>45</ID>
<InterestDate>2/14/2003</InterestDate>
<InterestRate>1.26</InterestRate>
</InterestRates>
<InterestRates>
<ID>46</ID>
<InterestDate>2/15/2003</InterestDate>
<InterestRate>2.42</InterestRate>
</InterestRates>
<InterestRates>
<ID>47</ID>
<InterestDate>2/16/2003</InterestDate>
<InterestRate>2.1</InterestRate>
</InterestRates>
<InterestRates>
<ID>48</ID>
<InterestDate>2/17/2003</InterestDate>
<InterestRate>1.23</InterestRate>
</InterestRates>
<InterestRates>
<ID>49</ID>
<InterestDate>2/18/2003</InterestDate>
<InterestRate>2.38</InterestRate>
</InterestRates>
<InterestRates>
<ID>50</ID>
<InterestDate>2/19/2003</InterestDate>
<InterestRate>3.17</InterestRate>
</InterestRates>
<InterestRates>
<ID>51</ID>
<InterestDate>2/20/2003</InterestDate>
<InterestRate>1.49</InterestRate>
</InterestRates>
<InterestRates>
<ID>52</ID>
<InterestDate>2/21/2003</InterestDate>
<InterestRate>1.11</InterestRate>
</InterestRates>
<InterestRates>
<ID>53</ID>
<InterestDate>2/22/2003</InterestDate>
<InterestRate>4.42</InterestRate>
</InterestRates>
<InterestRates>
<ID>54</ID>
<InterestDate>2/23/2003</InterestDate>
<InterestRate>3.15</InterestRate>
</InterestRates>
<InterestRates>
<ID>55</ID>
<InterestDate>2/24/2003</InterestDate>
<InterestRate>2.17</InterestRate>
</InterestRates>
<InterestRates>
<ID>56</ID>
<InterestDate>2/25/2003</InterestDate>
<InterestRate>3.08</InterestRate>
</InterestRates>
<InterestRates>
<ID>57</ID>
<InterestDate>2/26/2003</InterestDate>
<InterestRate>2.11</InterestRate>
</InterestRates>
<InterestRates>
<ID>58</ID>
<InterestDate>2/27/2003</InterestDate>
<InterestRate>2.85</InterestRate>
</InterestRates>
<InterestRates>
<ID>59</ID>
<InterestDate>2/28/2003</InterestDate>
<InterestRate>1.05</InterestRate>
</InterestRates>
<InterestRates>
<ID>60</ID>
<InterestDate>3/1/2003</InterestDate>
<InterestRate>2.66</InterestRate>
</InterestRates>
<InterestRates>
<ID>61</ID>
<InterestDate>3/2/2003</InterestDate>
<InterestRate>4.49</InterestRate>
</InterestRates>
<InterestRates>
<ID>62</ID>
<InterestDate>3/3/2003</InterestDate>
<InterestRate>4.88</InterestRate>
</InterestRates>
<InterestRates>
<ID>63</ID>
<InterestDate>3/4/2003</InterestDate>
<InterestRate>1.5</InterestRate>
</InterestRates>
<InterestRates>
<ID>64</ID>
<InterestDate>3/5/2003</InterestDate>
<InterestRate>4.56</InterestRate>
</InterestRates>
<InterestRates>
<ID>65</ID>
<InterestDate>3/6/2003</InterestDate>
<InterestRate>1.75</InterestRate>
</InterestRates>
<InterestRates>
<ID>66</ID>
<InterestDate>3/7/2003</InterestDate>
<InterestRate>1.51</InterestRate>
</InterestRates>
<InterestRates>
<ID>67</ID>
<InterestDate>3/8/2003</InterestDate>
<InterestRate>3.01</InterestRate>
</InterestRates>
<InterestRates>
<ID>68</ID>
<InterestDate>3/9/2003</InterestDate>
<InterestRate>1.19</InterestRate>
</InterestRates>
<InterestRates>
<ID>69</ID>
<InterestDate>3/10/2003</InterestDate>
<InterestRate>4.06</InterestRate>
</InterestRates>
<InterestRates>
<ID>70</ID>
<InterestDate>3/11/2003</InterestDate>
<InterestRate>4.6</InterestRate>
</InterestRates>
<InterestRates>
<ID>71</ID>
<InterestDate>3/12/2003</InterestDate>
<InterestRate>1.77</InterestRate>
</InterestRates>
<InterestRates>
<ID>72</ID>
<InterestDate>3/13/2003</InterestDate>
<InterestRate>4.53</InterestRate>
</InterestRates>
<InterestRates>
<ID>73</ID>
<InterestDate>3/14/2003</InterestDate>
<InterestRate>3.31</InterestRate>
</InterestRates>
<InterestRates>
<ID>74</ID>
<InterestDate>3/15/2003</InterestDate>
<InterestRate>2.97</InterestRate>
</InterestRates>
<InterestRates>
<ID>75</ID>
<InterestDate>3/16/2003</InterestDate>
<InterestRate>1.39</InterestRate>
</InterestRates>
<InterestRates>
<ID>76</ID>
<InterestDate>3/17/2003</InterestDate>
<InterestRate>4.78</InterestRate>
</InterestRates>
<InterestRates>
<ID>77</ID>
<InterestDate>3/18/2003</InterestDate>
<InterestRate>3.52</InterestRate>
</InterestRates>
<InterestRates>
<ID>78</ID>
<InterestDate>3/19/2003</InterestDate>
<InterestRate>3.75</InterestRate>
</InterestRates>
<InterestRates>
<ID>79</ID>
<InterestDate>3/20/2003</InterestDate>
<InterestRate>1.88</InterestRate>
</InterestRates>
<InterestRates>
<ID>80</ID>
<InterestDate>3/21/2003</InterestDate>
<InterestRate>2.24</InterestRate>
</InterestRates>
<InterestRates>
<ID>81</ID>
<InterestDate>3/22/2003</InterestDate>
<InterestRate>1.77</InterestRate>
</InterestRates>
<InterestRates>
<ID>82</ID>
<InterestDate>3/23/2003</InterestDate>
<InterestRate>1.16</InterestRate>
</InterestRates>
<InterestRates>
<ID>83</ID>
<InterestDate>3/24/2003</InterestDate>
<InterestRate>4.94</InterestRate>
</InterestRates>
<InterestRates>
<ID>84</ID>
<InterestDate>3/25/2003</InterestDate>
<InterestRate>3.68</InterestRate>
</InterestRates>
<InterestRates>
<ID>85</ID>
<InterestDate>3/26/2003</InterestDate>
<InterestRate>2.99</InterestRate>
</InterestRates>
<InterestRates>
<ID>86</ID>
<InterestDate>3/27/2003</InterestDate>
<InterestRate>3.9</InterestRate>
</InterestRates>
<InterestRates>
<ID>87</ID>
<InterestDate>3/28/2003</InterestDate>
<InterestRate>2.37</InterestRate>
</InterestRates>
<InterestRates>
<ID>88</ID>
<InterestDate>3/29/2003</InterestDate>
<InterestRate>2.56</InterestRate>
</InterestRates>
<InterestRates>
<ID>89</ID>
<InterestDate>3/30/2003</InterestDate>
<InterestRate>1.07</InterestRate>
</InterestRates>
<InterestRates>
<ID>90</ID>
<InterestDate>3/31/2003</InterestDate>
<InterestRate>5.04</InterestRate>
</InterestRates>
<InterestRates>
<ID>91</ID>
<InterestDate>4/1/2003</InterestDate>
<InterestRate>4.85</InterestRate>
</InterestRates>
<InterestRates>
<ID>92</ID>
<InterestDate>4/2/2003</InterestDate>
<InterestRate>1.22</InterestRate>
</InterestRates>
<InterestRates>
<ID>93</ID>
<InterestDate>4/3/2003</InterestDate>
<InterestRate>3.81</InterestRate>
</InterestRates>
<InterestRates>
<ID>94</ID>
<InterestDate>4/4/2003</InterestDate>
<InterestRate>3.26</InterestRate>
</InterestRates>
<InterestRates>
<ID>95</ID>
<InterestDate>4/5/2003</InterestDate>
<InterestRate>3.71</InterestRate>
</InterestRates>
<InterestRates>
<ID>96</ID>
<InterestDate>4/6/2003</InterestDate>
<InterestRate>2.71</InterestRate>
</InterestRates>
<InterestRates>
<ID>97</ID>
<InterestDate>4/7/2003</InterestDate>
<InterestRate>1.28</InterestRate>
</InterestRates>
<InterestRates>
<ID>98</ID>
<InterestDate>4/8/2003</InterestDate>
<InterestRate>4.55</InterestRate>
</InterestRates>
<InterestRates>
<ID>99</ID>
<InterestDate>4/9/2003</InterestDate>
<InterestRate>4.39</InterestRate>
</InterestRates>
<InterestRates>
<ID>100</ID>
<InterestDate>4/10/2003</InterestDate>
<InterestRate>2.64</InterestRate>
</InterestRates>
<InterestRates>
<ID>101</ID>
<InterestDate>4/11/2003</InterestDate>
<InterestRate>3.21</InterestRate>
</InterestRates>
<InterestRates>
<ID>102</ID>
<InterestDate>4/12/2003</InterestDate>
<InterestRate>5.22</InterestRate>
</InterestRates>
<InterestRates>
<ID>103</ID>
<InterestDate>4/13/2003</InterestDate>
<InterestRate>4.62</InterestRate>
</InterestRates>
<InterestRates>
<ID>104</ID>
<InterestDate>4/14/2003</InterestDate>
<InterestRate>1.43</InterestRate>
</InterestRates>
<InterestRates>
<ID>105</ID>
<InterestDate>4/15/2003</InterestDate>
<InterestRate>2.27</InterestRate>
</InterestRates>
<InterestRates>
<ID>106</ID>
<InterestDate>4/16/2003</InterestDate>
<InterestRate>3.77</InterestRate>
</InterestRates>
<InterestRates>
<ID>107</ID>
<InterestDate>4/17/2003</InterestDate>
<InterestRate>1.06</InterestRate>
</InterestRates>
<InterestRates>
<ID>108</ID>
<InterestDate>4/18/2003</InterestDate>
<InterestRate>4.04</InterestRate>
</InterestRates>
<InterestRates>
<ID>109</ID>
<InterestDate>4/19/2003</InterestDate>
<InterestRate>4.85</InterestRate>
</InterestRates>
<InterestRates>
<ID>110</ID>
<InterestDate>4/20/2003</InterestDate>
<InterestRate>1.38</InterestRate>
</InterestRates>
<InterestRates>
<ID>111</ID>
<InterestDate>4/21/2003</InterestDate>
<InterestRate>5.02</InterestRate>
</InterestRates>
<InterestRates>
<ID>112</ID>
<InterestDate>4/22/2003</InterestDate>
<InterestRate>3.9</InterestRate>
</InterestRates>
<InterestRates>
<ID>113</ID>
<InterestDate>4/23/2003</InterestDate>
<InterestRate>4.77</InterestRate>
</InterestRates>
<InterestRates>
<ID>114</ID>
<InterestDate>4/24/2003</InterestDate>
<InterestRate>1.8</InterestRate>
</InterestRates>
<InterestRates>
<ID>115</ID>
<InterestDate>4/25/2003</InterestDate>
<InterestRate>2.08</InterestRate>
</InterestRates>
<InterestRates>
<ID>116</ID>
<InterestDate>4/26/2003</InterestDate>
<InterestRate>4.29</InterestRate>
</InterestRates>
<InterestRates>
<ID>117</ID>
<InterestDate>4/27/2003</InterestDate>
<InterestRate>3.08</InterestRate>
</InterestRates>
<InterestRates>
<ID>118</ID>
<InterestDate>4/28/2003</InterestDate>
<InterestRate>2.03</InterestRate>
</InterestRates>
<InterestRates>
<ID>119</ID>
<InterestDate>4/29/2003</InterestDate>
<InterestRate>2.56</InterestRate>
</InterestRates>
<InterestRates>
<ID>120</ID>
<InterestDate>4/30/2003</InterestDate>
<InterestRate>1.59</InterestRate>
</InterestRates>
<InterestRates>
<ID>121</ID>
<InterestDate>5/1/2003</InterestDate>
<InterestRate>3.68</InterestRate>
</InterestRates>
<InterestRates>
<ID>122</ID>
<InterestDate>5/2/2003</InterestDate>
<InterestRate>2.58</InterestRate>
</InterestRates>
<InterestRates>
<ID>123</ID>
<InterestDate>5/3/2003</InterestDate>
<InterestRate>4.59</InterestRate>
</InterestRates>
<InterestRates>
<ID>124</ID>
<InterestDate>5/4/2003</InterestDate>
<InterestRate>4.05</InterestRate>
</InterestRates>
<InterestRates>
<ID>125</ID>
<InterestDate>5/5/2003</InterestDate>
<InterestRate>4.76</InterestRate>
</InterestRates>
<InterestRates>
<ID>126</ID>
<InterestDate>5/6/2003</InterestDate>
<InterestRate>3.23</InterestRate>
</InterestRates>
<InterestRates>
<ID>127</ID>
<InterestDate>5/7/2003</InterestDate>
<InterestRate>1.68</InterestRate>
</InterestRates>
<InterestRates>
<ID>128</ID>
<InterestDate>5/8/2003</InterestDate>
<InterestRate>1.44</InterestRate>
</InterestRates>
<InterestRates>
<ID>129</ID>
<InterestDate>5/9/2003</InterestDate>
<InterestRate>4.48</InterestRate>
</InterestRates>
<InterestRates>
<ID>130</ID>
<InterestDate>5/10/2003</InterestDate>
<InterestRate>4.94</InterestRate>
</InterestRates>
<InterestRates>
<ID>131</ID>
<InterestDate>5/11/2003</InterestDate>
<InterestRate>4.57</InterestRate>
</InterestRates>
<InterestRates>
<ID>132</ID>
<InterestDate>5/12/2003</InterestDate>
<InterestRate>3.84</InterestRate>
</InterestRates>
<InterestRates>
<ID>133</ID>
<InterestDate>5/13/2003</InterestDate>
<InterestRate>4.21</InterestRate>
</InterestRates>
<InterestRates>
<ID>134</ID>
<InterestDate>5/14/2003</InterestDate>
<InterestRate>1.38</InterestRate>
</InterestRates>
<InterestRates>
<ID>135</ID>
<InterestDate>5/15/2003</InterestDate>
<InterestRate>3.73</InterestRate>
</InterestRates>
<InterestRates>
<ID>136</ID>
<InterestDate>5/16/2003</InterestDate>
<InterestRate>1.73</InterestRate>
</InterestRates>
<InterestRates>
<ID>137</ID>
<InterestDate>5/17/2003</InterestDate>
<InterestRate>2.01</InterestRate>
</InterestRates>
<InterestRates>
<ID>138</ID>
<InterestDate>5/18/2003</InterestDate>
<InterestRate>4.07</InterestRate>
</InterestRates>
<InterestRates>
<ID>139</ID>
<InterestDate>5/19/2003</InterestDate>
<InterestRate>3.7</InterestRate>
</InterestRates>
<InterestRates>
<ID>140</ID>
<InterestDate>5/20/2003</InterestDate>
<InterestRate>1.98</InterestRate>
</InterestRates>
<InterestRates>
<ID>141</ID>
<InterestDate>5/21/2003</InterestDate>
<InterestRate>4.36</InterestRate>
</InterestRates>
<InterestRates>
<ID>142</ID>
<InterestDate>5/22/2003</InterestDate>
<InterestRate>1.8</InterestRate>
</InterestRates>
<InterestRates>
<ID>143</ID>
<InterestDate>5/23/2003</InterestDate>
<InterestRate>3.3</InterestRate>
</InterestRates>
<InterestRates>
<ID>144</ID>
<InterestDate>5/24/2003</InterestDate>
<InterestRate>2.07</InterestRate>
</InterestRates>
<InterestRates>
<ID>145</ID>
<InterestDate>5/25/2003</InterestDate>
<InterestRate>4.2</InterestRate>
</InterestRates>
<InterestRates>
<ID>146</ID>
<InterestDate>5/26/2003</InterestDate>
<InterestRate>4.57</InterestRate>
</InterestRates>
<InterestRates>
<ID>147</ID>
<InterestDate>5/27/2003</InterestDate>
<InterestRate>1.46</InterestRate>
</InterestRates>
<InterestRates>
<ID>148</ID>
<InterestDate>5/28/2003</InterestDate>
<InterestRate>2.75</InterestRate>
</InterestRates>
<InterestRates>
<ID>149</ID>
<InterestDate>5/29/2003</InterestDate>
<InterestRate>2.84</InterestRate>
</InterestRates>
<InterestRates>
<ID>150</ID>
<InterestDate>5/30/2003</InterestDate>
<InterestRate>1.43</InterestRate>
</InterestRates>
<InterestRates>
<ID>151</ID>
<InterestDate>5/31/2003</InterestDate>
<InterestRate>4.14</InterestRate>
</InterestRates>
<InterestRates>
<ID>152</ID>
<InterestDate>6/1/2003</InterestDate>
<InterestRate>4.67</InterestRate>
</InterestRates>
<InterestRates>
<ID>153</ID>
<InterestDate>6/2/2003</InterestDate>
<InterestRate>1.74</InterestRate>
</InterestRates>
<InterestRates>
<ID>154</ID>
<InterestDate>6/3/2003</InterestDate>
<InterestRate>3.24</InterestRate>
</InterestRates>
<InterestRates>
<ID>155</ID>
<InterestDate>6/4/2003</InterestDate>
<InterestRate>4.24</InterestRate>
</InterestRates>
<InterestRates>
<ID>156</ID>
<InterestDate>6/5/2003</InterestDate>
<InterestRate>3.17</InterestRate>
</InterestRates>
<InterestRates>
<ID>157</ID>
<InterestDate>6/6/2003</InterestDate>
<InterestRate>3.6</InterestRate>
</InterestRates>
<InterestRates>
<ID>158</ID>
<InterestDate>6/7/2003</InterestDate>
<InterestRate>2.18</InterestRate>
</InterestRates>
<InterestRates>
<ID>159</ID>
<InterestDate>6/8/2003</InterestDate>
<InterestRate>1.28</InterestRate>
</InterestRates>
<InterestRates>
<ID>160</ID>
<InterestDate>6/9/2003</InterestDate>
<InterestRate>4.04</InterestRate>
</InterestRates>
<InterestRates>
<ID>161</ID>
<InterestDate>6/10/2003</InterestDate>
<InterestRate>2.63</InterestRate>
</InterestRates>
<InterestRates>
<ID>162</ID>
<InterestDate>6/11/2003</InterestDate>
<InterestRate>1.36</InterestRate>
</InterestRates>
<InterestRates>
<ID>163</ID>
<InterestDate>6/12/2003</InterestDate>
<InterestRate>1.31</InterestRate>
</InterestRates>
<InterestRates>
<ID>164</ID>
<InterestDate>6/13/2003</InterestDate>
<InterestRate>2.06</InterestRate>
</InterestRates>
<InterestRates>
<ID>165</ID>
<InterestDate>6/14/2003</InterestDate>
<InterestRate>3.73</InterestRate>
</InterestRates>
<InterestRates>
<ID>166</ID>
<InterestDate>6/15/2003</InterestDate>
<InterestRate>1.5</InterestRate>
</InterestRates>
<InterestRates>
<ID>167</ID>
<InterestDate>6/16/2003</InterestDate>
<InterestRate>3.67</InterestRate>
</InterestRates>
<InterestRates>
<ID>168</ID>
<InterestDate>6/17/2003</InterestDate>
<InterestRate>4.12</InterestRate>
</InterestRates>
<InterestRates>
<ID>169</ID>
<InterestDate>6/18/2003</InterestDate>
<InterestRate>4.81</InterestRate>
</InterestRates>
<InterestRates>
<ID>170</ID>
<InterestDate>6/19/2003</InterestDate>
<InterestRate>2.68</InterestRate>
</InterestRates>
<InterestRates>
<ID>171</ID>
<InterestDate>6/20/2003</InterestDate>
<InterestRate>1.63</InterestRate>
</InterestRates>
<InterestRates>
<ID>172</ID>
<InterestDate>6/21/2003</InterestDate>
<InterestRate>2.07</InterestRate>
</InterestRates>
<InterestRates>
<ID>173</ID>
<InterestDate>6/22/2003</InterestDate>
<InterestRate>3.75</InterestRate>
</InterestRates>
<InterestRates>
<ID>174</ID>
<InterestDate>6/23/2003</InterestDate>
<InterestRate>2.38</InterestRate>
</InterestRates>
<InterestRates>
<ID>175</ID>
<InterestDate>6/24/2003</InterestDate>
<InterestRate>4.21</InterestRate>
</InterestRates>
<InterestRates>
<ID>176</ID>
<InterestDate>6/25/2003</InterestDate>
<InterestRate>3.1</InterestRate>
</InterestRates>
<InterestRates>
<ID>177</ID>
<InterestDate>6/26/2003</InterestDate>
<InterestRate>4.42</InterestRate>
</InterestRates>
<InterestRates>
<ID>178</ID>
<InterestDate>6/27/2003</InterestDate>
<InterestRate>4.12</InterestRate>
</InterestRates>
<InterestRates>
<ID>179</ID>
<InterestDate>6/28/2003</InterestDate>
<InterestRate>1.74</InterestRate>
</InterestRates>
<InterestRates>
<ID>180</ID>
<InterestDate>6/29/2003</InterestDate>
<InterestRate>3.98</InterestRate>
</InterestRates>
<InterestRates>
<ID>181</ID>
<InterestDate>6/30/2003</InterestDate>
<InterestRate>4.16</InterestRate>
</InterestRates>
<InterestRates>
<ID>182</ID>
<InterestDate>7/1/2003</InterestDate>
<InterestRate>1.3</InterestRate>
</InterestRates>
<InterestRates>
<ID>183</ID>
<InterestDate>7/2/2003</InterestDate>
<InterestRate>2</InterestRate>
</InterestRates>
<InterestRates>
<ID>184</ID>
<InterestDate>7/3/2003</InterestDate>
<InterestRate>1.43</InterestRate>
</InterestRates>
<InterestRates>
<ID>185</ID>
<InterestDate>7/4/2003</InterestDate>
<InterestRate>1.75</InterestRate>
</InterestRates>
<InterestRates>
<ID>186</ID>
<InterestDate>7/5/2003</InterestDate>
<InterestRate>1.91</InterestRate>
</InterestRates>
<InterestRates>
<ID>187</ID>
<InterestDate>7/6/2003</InterestDate>
<InterestRate>2.76</InterestRate>
</InterestRates>
<InterestRates>
<ID>188</ID>
<InterestDate>7/7/2003</InterestDate>
<InterestRate>1.47</InterestRate>
</InterestRates>
<InterestRates>
<ID>189</ID>
<InterestDate>7/8/2003</InterestDate>
<InterestRate>2.65</InterestRate>
</InterestRates>
<InterestRates>
<ID>190</ID>
<InterestDate>7/9/2003</InterestDate>
<InterestRate>1.6</InterestRate>
</InterestRates>
<InterestRates>
<ID>191</ID>
<InterestDate>7/10/2003</InterestDate>
<InterestRate>1.24</InterestRate>
</InterestRates>
<InterestRates>
<ID>192</ID>
<InterestDate>7/11/2003</InterestDate>
<InterestRate>1.45</InterestRate>
</InterestRates>
<InterestRates>
<ID>193</ID>
<InterestDate>7/12/2003</InterestDate>
<InterestRate>4.43</InterestRate>
</InterestRates>
<InterestRates>
<ID>194</ID>
<InterestDate>7/13/2003</InterestDate>
<InterestRate>2.86</InterestRate>
</InterestRates>
<InterestRates>
<ID>195</ID>
<InterestDate>7/14/2003</InterestDate>
<InterestRate>2.35</InterestRate>
</InterestRates>
<InterestRates>
<ID>196</ID>
<InterestDate>7/15/2003</InterestDate>
<InterestRate>4.18</InterestRate>
</InterestRates>
<InterestRates>
<ID>197</ID>
<InterestDate>7/16/2003</InterestDate>
<InterestRate>1.16</InterestRate>
</InterestRates>
<InterestRates>
<ID>198</ID>
<InterestDate>7/17/2003</InterestDate>
<InterestRate>1.7</InterestRate>
</InterestRates>
<InterestRates>
<ID>199</ID>
<InterestDate>7/18/2003</InterestDate>
<InterestRate>3.96</InterestRate>
</InterestRates>
<InterestRates>
<ID>200</ID>
<InterestDate>7/19/2003</InterestDate>
<InterestRate>3.3</InterestRate>
</InterestRates>
<InterestRates>
<ID>201</ID>
<InterestDate>7/20/2003</InterestDate>
<InterestRate>3.11</InterestRate>
</InterestRates>
<InterestRates>
<ID>202</ID>
<InterestDate>7/21/2003</InterestDate>
<InterestRate>3.08</InterestRate>
</InterestRates>
<InterestRates>
<ID>203</ID>
<InterestDate>7/22/2003</InterestDate>
<InterestRate>2.05</InterestRate>
</InterestRates>
<InterestRates>
<ID>204</ID>
<InterestDate>7/23/2003</InterestDate>
<InterestRate>1.2</InterestRate>
</InterestRates>
<InterestRates>
<ID>205</ID>
<InterestDate>7/24/2003</InterestDate>
<InterestRate>2.48</InterestRate>
</InterestRates>
<InterestRates>
<ID>206</ID>
<InterestDate>7/25/2003</InterestDate>
<InterestRate>3.87</InterestRate>
</InterestRates>
<InterestRates>
<ID>207</ID>
<InterestDate>7/26/2003</InterestDate>
<InterestRate>2.5</InterestRate>
</InterestRates>
<InterestRates>
<ID>208</ID>
<InterestDate>7/27/2003</InterestDate>
<InterestRate>3.38</InterestRate>
</InterestRates>
<InterestRates>
<ID>209</ID>
<InterestDate>7/28/2003</InterestDate>
<InterestRate>2.16</InterestRate>
</InterestRates>
<InterestRates>
<ID>210</ID>
<InterestDate>7/29/2003</InterestDate>
<InterestRate>4.33</InterestRate>
</InterestRates>
<InterestRates>
<ID>211</ID>
<InterestDate>7/30/2003</InterestDate>
<InterestRate>2.21</InterestRate>
</InterestRates>
<InterestRates>
<ID>212</ID>
<InterestDate>7/31/2003</InterestDate>
<InterestRate>2.01</InterestRate>
</InterestRates>
<InterestRates>
<ID>213</ID>
<InterestDate>8/1/2003</InterestDate>
<InterestRate>3.5</InterestRate>
</InterestRates>
<InterestRates>
<ID>214</ID>
<InterestDate>8/2/2003</InterestDate>
<InterestRate>4.78</InterestRate>
</InterestRates>
<InterestRates>
<ID>215</ID>
<InterestDate>8/3/2003</InterestDate>
<InterestRate>3.2</InterestRate>
</InterestRates>
<InterestRates>
<ID>216</ID>
<InterestDate>8/4/2003</InterestDate>
<InterestRate>2.58</InterestRate>
</InterestRates>
<InterestRates>
<ID>217</ID>
<InterestDate>8/5/2003</InterestDate>
<InterestRate>3.59</InterestRate>
</InterestRates>
<InterestRates>
<ID>218</ID>
<InterestDate>8/6/2003</InterestDate>
<InterestRate>2.46</InterestRate>
</InterestRates>
<InterestRates>
<ID>219</ID>
<InterestDate>8/7/2003</InterestDate>
<InterestRate>3.53</InterestRate>
</InterestRates>
<InterestRates>
<ID>220</ID>
<InterestDate>8/8/2003</InterestDate>
<InterestRate>1.5</InterestRate>
</InterestRates>
<InterestRates>
<ID>221</ID>
<InterestDate>8/9/2003</InterestDate>
<InterestRate>1.58</InterestRate>
</InterestRates>
<InterestRates>
<ID>222</ID>
<InterestDate>8/10/2003</InterestDate>
<InterestRate>2.35</InterestRate>
</InterestRates>
<InterestRates>
<ID>223</ID>
<InterestDate>8/11/2003</InterestDate>
<InterestRate>3.38</InterestRate>
</InterestRates>
<InterestRates>
<ID>224</ID>
<InterestDate>8/12/2003</InterestDate>
<InterestRate>2.58</InterestRate>
</InterestRates>
<InterestRates>
<ID>225</ID>
<InterestDate>8/13/2003</InterestDate>
<InterestRate>1.82</InterestRate>
</InterestRates>
<InterestRates>
<ID>226</ID>
<InterestDate>8/14/2003</InterestDate>
<InterestRate>3.61</InterestRate>
</InterestRates>
<InterestRates>
<ID>227</ID>
<InterestDate>8/15/2003</InterestDate>
<InterestRate>4.46</InterestRate>
</InterestRates>
<InterestRates>
<ID>228</ID>
<InterestDate>8/16/2003</InterestDate>
<InterestRate>3.85</InterestRate>
</InterestRates>
<InterestRates>
<ID>229</ID>
<InterestDate>8/17/2003</InterestDate>
<InterestRate>4.21</InterestRate>
</InterestRates>
<InterestRates>
<ID>230</ID>
<InterestDate>8/18/2003</InterestDate>
<InterestRate>3.75</InterestRate>
</InterestRates>
<InterestRates>
<ID>231</ID>
<InterestDate>8/19/2003</InterestDate>
<InterestRate>4.67</InterestRate>
</InterestRates>
<InterestRates>
<ID>232</ID>
<InterestDate>8/20/2003</InterestDate>
<InterestRate>2.1</InterestRate>
</InterestRates>
<InterestRates>
<ID>233</ID>
<InterestDate>8/21/2003</InterestDate>
<InterestRate>3.09</InterestRate>
</InterestRates>
<InterestRates>
<ID>234</ID>
<InterestDate>8/22/2003</InterestDate>
<InterestRate>2.27</InterestRate>
</InterestRates>
<InterestRates>
<ID>235</ID>
<InterestDate>8/23/2003</InterestDate>
<InterestRate>1.81</InterestRate>
</InterestRates>
<InterestRates>
<ID>236</ID>
<InterestDate>8/24/2003</InterestDate>
<InterestRate>1.42</InterestRate>
</InterestRates>
<InterestRates>
<ID>237</ID>
<InterestDate>8/25/2003</InterestDate>
<InterestRate>2.95</InterestRate>
</InterestRates>
<InterestRates>
<ID>238</ID>
<InterestDate>8/26/2003</InterestDate>
<InterestRate>2.19</InterestRate>
</InterestRates>
<InterestRates>
<ID>239</ID>
<InterestDate>8/27/2003</InterestDate>
<InterestRate>4.33</InterestRate>
</InterestRates>
<InterestRates>
<ID>240</ID>
<InterestDate>8/28/2003</InterestDate>
<InterestRate>3.08</InterestRate>
</InterestRates>
<InterestRates>
<ID>241</ID>
<InterestDate>8/29/2003</InterestDate>
<InterestRate>3.87</InterestRate>
</InterestRates>
<InterestRates>
<ID>242</ID>
<InterestDate>8/30/2003</InterestDate>
<InterestRate>3.71</InterestRate>
</InterestRates>
<InterestRates>
<ID>243</ID>
<InterestDate>8/31/2003</InterestDate>
<InterestRate>5.23</InterestRate>
</InterestRates>
<InterestRates>
<ID>244</ID>
<InterestDate>9/1/2003</InterestDate>
<InterestRate>4.33</InterestRate>
</InterestRates>
<InterestRates>
<ID>245</ID>
<InterestDate>9/2/2003</InterestDate>
<InterestRate>1.75</InterestRate>
</InterestRates>
<InterestRates>
<ID>246</ID>
<InterestDate>9/3/2003</InterestDate>
<InterestRate>2.18</InterestRate>
</InterestRates>
<InterestRates>
<ID>247</ID>
<InterestDate>9/4/2003</InterestDate>
<InterestRate>3.23</InterestRate>
</InterestRates>
<InterestRates>
<ID>248</ID>
<InterestDate>9/5/2003</InterestDate>
<InterestRate>2.49</InterestRate>
</InterestRates>
<InterestRates>
<ID>249</ID>
<InterestDate>9/6/2003</InterestDate>
<InterestRate>2.44</InterestRate>
</InterestRates>
<InterestRates>
<ID>250</ID>
<InterestDate>9/7/2003</InterestDate>
<InterestRate>3.95</InterestRate>
</InterestRates>
<InterestRates>
<ID>251</ID>
<InterestDate>9/8/2003</InterestDate>
<InterestRate>3.74</InterestRate>
</InterestRates>
<InterestRates>
<ID>252</ID>
<InterestDate>9/9/2003</InterestDate>
<InterestRate>1.19</InterestRate>
</InterestRates>
<InterestRates>
<ID>253</ID>
<InterestDate>9/10/2003</InterestDate>
<InterestRate>2.23</InterestRate>
</InterestRates>
<InterestRates>
<ID>254</ID>
<InterestDate>9/11/2003</InterestDate>
<InterestRate>2</InterestRate>
</InterestRates>
<InterestRates>
<ID>255</ID>
<InterestDate>9/12/2003</InterestDate>
<InterestRate>1.28</InterestRate>
</InterestRates>
<InterestRates>
<ID>256</ID>
<InterestDate>9/13/2003</InterestDate>
<InterestRate>4.08</InterestRate>
</InterestRates>
<InterestRates>
<ID>257</ID>
<InterestDate>9/14/2003</InterestDate>
<InterestRate>4.68</InterestRate>
</InterestRates>
<InterestRates>
<ID>258</ID>
<InterestDate>9/15/2003</InterestDate>
<InterestRate>4.56</InterestRate>
</InterestRates>
<InterestRates>
<ID>259</ID>
<InterestDate>9/16/2003</InterestDate>
<InterestRate>1.79</InterestRate>
</InterestRates>
<InterestRates>
<ID>260</ID>
<InterestDate>9/17/2003</InterestDate>
<InterestRate>3.19</InterestRate>
</InterestRates>
<InterestRates>
<ID>261</ID>
<InterestDate>9/18/2003</InterestDate>
<InterestRate>2.99</InterestRate>
</InterestRates>
<InterestRates>
<ID>262</ID>
<InterestDate>9/19/2003</InterestDate>
<InterestRate>2.58</InterestRate>
</InterestRates>
<InterestRates>
<ID>263</ID>
<InterestDate>9/20/2003</InterestDate>
<InterestRate>1.41</InterestRate>
</InterestRates>
<InterestRates>
<ID>264</ID>
<InterestDate>9/21/2003</InterestDate>
<InterestRate>3.29</InterestRate>
</InterestRates>
<InterestRates>
<ID>265</ID>
<InterestDate>9/22/2003</InterestDate>
<InterestRate>2.7</InterestRate>
</InterestRates>
<InterestRates>
<ID>266</ID>
<InterestDate>9/23/2003</InterestDate>
<InterestRate>3.72</InterestRate>
</InterestRates>
<InterestRates>
<ID>267</ID>
<InterestDate>9/24/2003</InterestDate>
<InterestRate>4.74</InterestRate>
</InterestRates>
<InterestRates>
<ID>268</ID>
<InterestDate>9/25/2003</InterestDate>
<InterestRate>1.17</InterestRate>
</InterestRates>
<InterestRates>
<ID>269</ID>
<InterestDate>9/26/2003</InterestDate>
<InterestRate>1.02</InterestRate>
</InterestRates>
<InterestRates>
<ID>270</ID>
<InterestDate>9/27/2003</InterestDate>
<InterestRate>4.21</InterestRate>
</InterestRates>
<InterestRates>
<ID>271</ID>
<InterestDate>9/28/2003</InterestDate>
<InterestRate>2.11</InterestRate>
</InterestRates>
<InterestRates>
<ID>272</ID>
<InterestDate>9/29/2003</InterestDate>
<InterestRate>2.11</InterestRate>
</InterestRates>
<InterestRates>
<ID>273</ID>
<InterestDate>9/30/2003</InterestDate>
<InterestRate>2.22</InterestRate>
</InterestRates>
<InterestRates>
<ID>274</ID>
<InterestDate>10/1/2003</InterestDate>
<InterestRate>1.22</InterestRate>
</InterestRates>
<InterestRates>
<ID>275</ID>
<InterestDate>10/2/2003</InterestDate>
<InterestRate>4.43</InterestRate>
</InterestRates>
<InterestRates>
<ID>276</ID>
<InterestDate>10/3/2003</InterestDate>
<InterestRate>1.38</InterestRate>
</InterestRates>
<InterestRates>
<ID>277</ID>
<InterestDate>10/4/2003</InterestDate>
<InterestRate>2.01</InterestRate>
</InterestRates>
<InterestRates>
<ID>278</ID>
<InterestDate>10/5/2003</InterestDate>
<InterestRate>2.53</InterestRate>
</InterestRates>
<InterestRates>
<ID>279</ID>
<InterestDate>10/6/2003</InterestDate>
<InterestRate>2.39</InterestRate>
</InterestRates>
<InterestRates>
<ID>280</ID>
<InterestDate>10/7/2003</InterestDate>
<InterestRate>3.44</InterestRate>
</InterestRates>
<InterestRates>
<ID>281</ID>
<InterestDate>10/8/2003</InterestDate>
<InterestRate>3.08</InterestRate>
</InterestRates>
<InterestRates>
<ID>282</ID>
<InterestDate>10/9/2003</InterestDate>
<InterestRate>3.93</InterestRate>
</InterestRates>
<InterestRates>
<ID>283</ID>
<InterestDate>10/10/2003</InterestDate>
<InterestRate>1.9</InterestRate>
</InterestRates>
<InterestRates>
<ID>284</ID>
<InterestDate>10/11/2003</InterestDate>
<InterestRate>4.98</InterestRate>
</InterestRates>
<InterestRates>
<ID>285</ID>
<InterestDate>10/12/2003</InterestDate>
<InterestRate>3.61</InterestRate>
</InterestRates>
<InterestRates>
<ID>286</ID>
<InterestDate>10/13/2003</InterestDate>
<InterestRate>3.34</InterestRate>
</InterestRates>
<InterestRates>
<ID>287</ID>
<InterestDate>10/14/2003</InterestDate>
<InterestRate>2.23</InterestRate>
</InterestRates>
<InterestRates>
<ID>288</ID>
<InterestDate>10/15/2003</InterestDate>
<InterestRate>2.21</InterestRate>
</InterestRates>
<InterestRates>
<ID>289</ID>
<InterestDate>10/16/2003</InterestDate>
<InterestRate>3.87</InterestRate>
</InterestRates>
<InterestRates>
<ID>290</ID>
<InterestDate>10/17/2003</InterestDate>
<InterestRate>3.66</InterestRate>
</InterestRates>
<InterestRates>
<ID>291</ID>
<InterestDate>10/18/2003</InterestDate>
<InterestRate>2.19</InterestRate>
</InterestRates>
<InterestRates>
<ID>292</ID>
<InterestDate>10/19/2003</InterestDate>
<InterestRate>0.97</InterestRate>
</InterestRates>
<InterestRates>
<ID>293</ID>
<InterestDate>10/20/2003</InterestDate>
<InterestRate>5.11</InterestRate>
</InterestRates>
<InterestRates>
<ID>294</ID>
<InterestDate>10/21/2003</InterestDate>
<InterestRate>2.62</InterestRate>
</InterestRates>
<InterestRates>
<ID>295</ID>
<InterestDate>10/22/2003</InterestDate>
<InterestRate>3.15</InterestRate>
</InterestRates>
<InterestRates>
<ID>296</ID>
<InterestDate>10/23/2003</InterestDate>
<InterestRate>1.37</InterestRate>
</InterestRates>
<InterestRates>
<ID>297</ID>
<InterestDate>10/24/2003</InterestDate>
<InterestRate>4.3</InterestRate>
</InterestRates>
<InterestRates>
<ID>298</ID>
<InterestDate>10/25/2003</InterestDate>
<InterestRate>3.18</InterestRate>
</InterestRates>
<InterestRates>
<ID>299</ID>
<InterestDate>10/26/2003</InterestDate>
<InterestRate>1.58</InterestRate>
</InterestRates>
<InterestRates>
<ID>300</ID>
<InterestDate>10/27/2003</InterestDate>
<InterestRate>1.2</InterestRate>
</InterestRates>
<InterestRates>
<ID>301</ID>
<InterestDate>10/28/2003</InterestDate>
<InterestRate>2.22</InterestRate>
</InterestRates>
<InterestRates>
<ID>302</ID>
<InterestDate>10/29/2003</InterestDate>
<InterestRate>1.74</InterestRate>
</InterestRates>
<InterestRates>
<ID>303</ID>
<InterestDate>10/30/2003</InterestDate>
<InterestRate>2.72</InterestRate>
</InterestRates>
<InterestRates>
<ID>304</ID>
<InterestDate>10/31/2003</InterestDate>
<InterestRate>3.64</InterestRate>
</InterestRates>
<InterestRates>
<ID>305</ID>
<InterestDate>11/1/2003</InterestDate>
<InterestRate>3.82</InterestRate>
</InterestRates>
<InterestRates>
<ID>306</ID>
<InterestDate>11/2/2003</InterestDate>
<InterestRate>3.77</InterestRate>
</InterestRates>
<InterestRates>
<ID>307</ID>
<InterestDate>11/3/2003</InterestDate>
<InterestRate>3.65</InterestRate>
</InterestRates>
<InterestRates>
<ID>308</ID>
<InterestDate>11/4/2003</InterestDate>
<InterestRate>5.08</InterestRate>
</InterestRates>
<InterestRates>
<ID>309</ID>
<InterestDate>11/5/2003</InterestDate>
<InterestRate>3.95</InterestRate>
</InterestRates>
<InterestRates>
<ID>310</ID>
<InterestDate>11/6/2003</InterestDate>
<InterestRate>1.51</InterestRate>
</InterestRates>
<InterestRates>
<ID>311</ID>
<InterestDate>11/7/2003</InterestDate>
<InterestRate>4.95</InterestRate>
</InterestRates>
<InterestRates>
<ID>312</ID>
<InterestDate>11/8/2003</InterestDate>
<InterestRate>2.76</InterestRate>
</InterestRates>
<InterestRates>
<ID>313</ID>
<InterestDate>11/9/2003</InterestDate>
<InterestRate>2.81</InterestRate>
</InterestRates>
<InterestRates>
<ID>314</ID>
<InterestDate>11/10/2003</InterestDate>
<InterestRate>1.06</InterestRate>
</InterestRates>
<InterestRates>
<ID>315</ID>
<InterestDate>11/11/2003</InterestDate>
<InterestRate>3.79</InterestRate>
</InterestRates>
<InterestRates>
<ID>316</ID>
<InterestDate>11/12/2003</InterestDate>
<InterestRate>1.41</InterestRate>
</InterestRates>
<InterestRates>
<ID>317</ID>
<InterestDate>11/13/2003</InterestDate>
<InterestRate>3.43</InterestRate>
</InterestRates>
<InterestRates>
<ID>318</ID>
<InterestDate>11/14/2003</InterestDate>
<InterestRate>2.54</InterestRate>
</InterestRates>
<InterestRates>
<ID>319</ID>
<InterestDate>11/15/2003</InterestDate>
<InterestRate>2.92</InterestRate>
</InterestRates>
<InterestRates>
<ID>320</ID>
<InterestDate>11/16/2003</InterestDate>
<InterestRate>3.03</InterestRate>
</InterestRates>
<InterestRates>
<ID>321</ID>
<InterestDate>11/17/2003</InterestDate>
<InterestRate>4.69</InterestRate>
</InterestRates>
<InterestRates>
<ID>322</ID>
<InterestDate>11/18/2003</InterestDate>
<InterestRate>3.04</InterestRate>
</InterestRates>
<InterestRates>
<ID>323</ID>
<InterestDate>11/19/2003</InterestDate>
<InterestRate>4.42</InterestRate>
</InterestRates>
<InterestRates>
<ID>324</ID>
<InterestDate>11/20/2003</InterestDate>
<InterestRate>4.45</InterestRate>
</InterestRates>
<InterestRates>
<ID>325</ID>
<InterestDate>11/21/2003</InterestDate>
<InterestRate>1.87</InterestRate>
</InterestRates>
<InterestRates>
<ID>326</ID>
<InterestDate>11/22/2003</InterestDate>
<InterestRate>1.87</InterestRate>
</InterestRates>
<InterestRates>
<ID>327</ID>
<InterestDate>11/23/2003</InterestDate>
<InterestRate>3.36</InterestRate>
</InterestRates>
<InterestRates>
<ID>328</ID>
<InterestDate>11/24/2003</InterestDate>
<InterestRate>2.76</InterestRate>
</InterestRates>
<InterestRates>
<ID>329</ID>
<InterestDate>11/25/2003</InterestDate>
<InterestRate>1.49</InterestRate>
</InterestRates>
<InterestRates>
<ID>330</ID>
<InterestDate>11/26/2003</InterestDate>
<InterestRate>4.59</InterestRate>
</InterestRates>
<InterestRates>
<ID>331</ID>
<InterestDate>11/27/2003</InterestDate>
<InterestRate>4.28</InterestRate>
</InterestRates>
<InterestRates>
<ID>332</ID>
<InterestDate>11/28/2003</InterestDate>
<InterestRate>4.39</InterestRate>
</InterestRates>
<InterestRates>
<ID>333</ID>
<InterestDate>11/29/2003</InterestDate>
<InterestRate>4.46</InterestRate>
</InterestRates>
<InterestRates>
<ID>334</ID>
<InterestDate>11/30/2003</InterestDate>
<InterestRate>3.62</InterestRate>
</InterestRates>
<InterestRates>
<ID>335</ID>
<InterestDate>12/1/2003</InterestDate>
<InterestRate>2.87</InterestRate>
</InterestRates>
<InterestRates>
<ID>336</ID>
<InterestDate>12/2/2003</InterestDate>
<InterestRate>1.3</InterestRate>
</InterestRates>
<InterestRates>
<ID>337</ID>
<InterestDate>12/3/2003</InterestDate>
<InterestRate>2.48</InterestRate>
</InterestRates>
<InterestRates>
<ID>338</ID>
<InterestDate>12/4/2003</InterestDate>
<InterestRate>3.88</InterestRate>
</InterestRates>
<InterestRates>
<ID>339</ID>
<InterestDate>12/5/2003</InterestDate>
<InterestRate>4.95</InterestRate>
</InterestRates>
<InterestRates>
<ID>340</ID>
<InterestDate>12/6/2003</InterestDate>
<InterestRate>2.82</InterestRate>
</InterestRates>
<InterestRates>
<ID>341</ID>
<InterestDate>12/7/2003</InterestDate>
<InterestRate>3.32</InterestRate>
</InterestRates>
<InterestRates>
<ID>342</ID>
<InterestDate>12/8/2003</InterestDate>
<InterestRate>4.29</InterestRate>
</InterestRates>
<InterestRates>
<ID>343</ID>
<InterestDate>12/9/2003</InterestDate>
<InterestRate>2.06</InterestRate>
</InterestRates>
<InterestRates>
<ID>344</ID>
<InterestDate>12/10/2003</InterestDate>
<InterestRate>4.94</InterestRate>
</InterestRates>
<InterestRates>
<ID>345</ID>
<InterestDate>12/11/2003</InterestDate>
<InterestRate>1.77</InterestRate>
</InterestRates>
<InterestRates>
<ID>346</ID>
<InterestDate>12/12/2003</InterestDate>
<InterestRate>1.7</InterestRate>
</InterestRates>
<InterestRates>
<ID>347</ID>
<InterestDate>12/13/2003</InterestDate>
<InterestRate>2.9</InterestRate>
</InterestRates>
<InterestRates>
<ID>348</ID>
<InterestDate>12/14/2003</InterestDate>
<InterestRate>1.92</InterestRate>
</InterestRates>
<InterestRates>
<ID>349</ID>
<InterestDate>12/15/2003</InterestDate>
<InterestRate>3.67</InterestRate>
</InterestRates>
<InterestRates>
<ID>350</ID>
<InterestDate>12/16/2003</InterestDate>
<InterestRate>4.74</InterestRate>
</InterestRates>
<InterestRates>
<ID>351</ID>
<InterestDate>12/17/2003</InterestDate>
<InterestRate>1.63</InterestRate>
</InterestRates>
<InterestRates>
<ID>352</ID>
<InterestDate>12/18/2003</InterestDate>
<InterestRate>3.43</InterestRate>
</InterestRates>
<InterestRates>
<ID>353</ID>
<InterestDate>12/19/2003</InterestDate>
<InterestRate>1.21</InterestRate>
</InterestRates>
<InterestRates>
<ID>354</ID>
<InterestDate>12/20/2003</InterestDate>
<InterestRate>2.16</InterestRate>
</InterestRates>
<InterestRates>
<ID>355</ID>
<InterestDate>12/21/2003</InterestDate>
<InterestRate>4.23</InterestRate>
</InterestRates>
<InterestRates>
<ID>356</ID>
<InterestDate>12/22/2003</InterestDate>
<InterestRate>3.15</InterestRate>
</InterestRates>
<InterestRates>
<ID>357</ID>
<InterestDate>12/23/2003</InterestDate>
<InterestRate>1.58</InterestRate>
</InterestRates>
<InterestRates>
<ID>358</ID>
<InterestDate>12/24/2003</InterestDate>
<InterestRate>2.19</InterestRate>
</InterestRates>
<InterestRates>
<ID>359</ID>
<InterestDate>12/25/2003</InterestDate>
<InterestRate>3.1</InterestRate>
</InterestRates>
<InterestRates>
<ID>360</ID>
<InterestDate>12/26/2003</InterestDate>
<InterestRate>4.24</InterestRate>
</InterestRates>
<InterestRates>
<ID>361</ID>
<InterestDate>12/27/2003</InterestDate>
<InterestRate>4.58</InterestRate>
</InterestRates>
<InterestRates>
<ID>362</ID>
<InterestDate>12/28/2003</InterestDate>
<InterestRate>2.29</InterestRate>
</InterestRates>
<InterestRates>
<ID>363</ID>
<InterestDate>12/29/2003</InterestDate>
<InterestRate>3.74</InterestRate>
</InterestRates>
<InterestRates>
<ID>364</ID>
<InterestDate>12/30/2003</InterestDate>
<InterestRate>1.9</InterestRate>
</InterestRates>
<InterestRates>
<ID>365</ID>
<InterestDate>12/31/2003</InterestDate>
<InterestRate>1.72</InterestRate>
</InterestRates>
</dataroot>
