<?xml version="1.0" encoding="UTF-8"?>
<Export generator="Cache" version="25">
<Class name="Demo.DICOM.Util.TestRoutingRule">
<Description>
Demo utility class for DICOM routing</Description>
<Super>Demo.DICOM.Util.AbstractRoutingRule</Super>
<TimeCreated>64211,39640.30879</TimeCreated>

<Method name="SendToTargetFiler">
<Description>
Determines if the specified DICOM document should be routed to the
named filer. The result of the evaluation is passed back in pRouteToFiler 
(which should be passed into this method by reference)</Description>
<ClassMethod>1</ClassMethod>
<FormalSpec>pDCMDocument:EnsLib.DICOM.Document,pFilerName:%String,*pRouteToFiler:%Boolean,*pReason:%String</FormalSpec>
<ReturnType>%Status</ReturnType>
<Implementation><![CDATA[
	#dim tSC as %Status=$$$OK
	#dim ex as %Exception.AbstractException
	
	$$$ASSERT(pDCMDocument.%Extends("EnsLib.DICOM.Document"))
	
	Try {
		
		#; Initialize return values
		Set pRouteToFiler=0
		Set pReason=""
		
		#; If Modality = CT or CR, then only send to AsyncFiler2
		If $Case(pDCMDocument.GetValueAt("DataSet.Modality"),"CR":1,"CT":1,:0) {
			If pFilerName="AsyncFiler2" {
				Set pRouteToFiler=1
			} Else {
				Set pReason=$$$FormatText($$$Text("Modality %1 not routed to filer %2."),pDCMDocument.GetValueAt("DataSet.Modality"),"AsyncFiler1")	
			}
		} Else {
			#; Otherwise send to both AsyncFiler1 and AsyncFiler2
			If (pFilerName="AsyncFiler1") Set pRouteToFiler=1
			If (pFilerName="AsyncFiler2") Set pRouteToFiler=1
		}
	
	} catch ex {
		Set tSC=ex.AsStatus()
		$$$TRACE($$$FormatText($$$Text("Error in SendToTargetFiler: %1"),ex.DisplayString()))	
	}

	Quit tSC
]]></Implementation>
</Method>
</Class>
</Export>
