<?xml version="1.0" encoding="UTF-8"?>
<Export generator="Cache" version="25" zv="Cache for Windows (x86-64) 2012.1 (Build 531U)" ts="2012-01-08 12:54:28">
<Class name="Hospital.AlertRule">
<Description>
</Description>
<ProcedureBlock>1</ProcedureBlock>
<Super>Ens.Rule.Definition</Super>
<TimeChanged>62464,45824.468092</TimeChanged>
<TimeCreated>62464,45824.453823</TimeCreated>

<Parameter name="RuleAssistClass">
<Default>EnsLib.MsgRouter.VDocRuleAssistCompatible</Default>
</Parameter>

<XData name="RuleDefinition">
<XMLNamespace>http://www.intersystems.com/rule</XMLNamespace>
<Data><![CDATA[
<ruleDefinition alias="" context="Hospital.Context" production="">
<ruleSet name="" effectiveBegin="" effectiveEnd="">
<rule name="">
<constraint name="msgClass" value="Ens.AlertRequest"></constraint>
<when condition="1">
<send transform="" target="EMailAlert"></send>
<return></return>
</when>
</rule>
</ruleSet>
</ruleDefinition>
]]></Data>
</XData>
</Class>


<Class name="Hospital.ERADTA06ToTransferADTA02DTL">
<Super>Ens.DataTransformDTL</Super>
<TimeChanged>62269,58683</TimeChanged>
<TimeCreated>60900,55330.348101</TimeCreated>

<XData name="DTL">
<XMLNamespace>http://www.intersystems.com/dtl</XMLNamespace>
<Data><![CDATA[
<?xml version="1.0" ?>
<transform targetClass='EnsLib.HL7.Message' targetDocType='2.3.1:ADT_A02' sourceClass='EnsLib.HL7.Message' sourceDocType='2.3.1:ADT_A06' create='new' language='objectscript'>
<assign property='target.{MSH}' value='source.{MSH}' action='set'/>
<assign property='target.{EVN}' value='source.{EVN}' action='set'/>
<assign property='target.{PID}' value='source.{PID}' action='set'/>
<assign property='target.{PD1}' value='source.{PD1}' action='set'/>
<assign property='target.{PV1}' value='source.{PV1}' action='set'/>
<assign property='target.{PV2}' value='source.{PV2}' action='set'/>
<assign property='target.{DB1()}' value='source.{DB1()}' action='set'/>
<assign property='target.{OBX()}' value='source.{OBX()}' action='set'/>
<assign property='target.{MSH:MessageType.triggerevent}' value='"A02"' action='set'/>
<assign property='target.{EVN:EventTypeCode}' value='"A02"' action='set'/>
<assign property='target.{MSH:Security}' value='"NONE"' action='set'/>
<assign property='target.{PID:AlternatePatientIDPID().ID}' value='source.{PID:PatientIdentifierList().ID}' action='set'/>
<if condition='source.{PID:PrimaryLanguage.identifier}=""'>
<true>
<assign property='target.{PID:PrimaryLanguage.identifier}' value='"UNKNOWN"' action='set'/>
</true>
<false>
</false>
</if>
<assign property='target.{PV1:PatientClass}' value='"I"' action='set'/>
</transform>
]]></Data>
</XData>
</Class>


<Class name="Hospital.ERORMO01ToPharmORM0O1DTL">
<Super>Ens.DataTransformDTL</Super>
<TimeChanged>62269,58677</TimeChanged>
<TimeCreated>60900,51987.626532</TimeCreated>

<XData name="DTL">
<XMLNamespace>http://www.intersystems.com/dtl</XMLNamespace>
<Data><![CDATA[
<?xml version="1.0" ?>
<transform targetClass='EnsLib.HL7.Message' targetDocType='2.3.1:ORM_O01' sourceClass='EnsLib.HL7.Message' sourceDocType='2.3.1:ORM_O01' create='new' language='objectscript'>
<assign property='target.{MSH}' value='source.{MSH}' action='set'/>
<assign property='target.{NTE()}' value='source.{NTE()}' action='set'/>
<assign property='target.{PIDgrp}' value='source.{PIDgrp}' action='set'/>
<assign property='target.{ORCgrp()}' value='source.{ORCgrp()}' action='set'/>
</transform>
]]></Data>
</XData>
</Class>


<Class name="Hospital.HospitalProd">
<Super>Ens.Production</Super>
<TimeChanged>62269,59336</TimeChanged>
<TimeCreated>60900,43035.483449</TimeCreated>

<XData name="ProductionDefinition">
<Data><![CDATA[
<Production Name="Hospital.HospitalProd" TestingEnabled="false" LogGeneralTraceEvents="false">
  <Description>Processing Hospital messages.</Description>
  <ActorPoolSize>2</ActorPoolSize>
  <Item Name="Ens.Alert" Category="" ClassName="EnsLib.MsgRouter.RoutingEngine" PoolSize="0" Enabled="true" Foreground="false" DisableErrorTraps="false" InactivityTimeout="0" Comment="This handles Alert routing logic." LogTraceEvents="false" Schedule="">
    <Setting Target="Host" Name="BusinessRuleName">Hospital.AlertRule</Setting>
  </Item>
  <Item Name="EMailAlert" Category="" ClassName="EnsLib.EMail.AlertOperation" PoolSize="1" Enabled="false" Foreground="false" DisableErrorTraps="false" InactivityTimeout="0" Comment="This sends alerts via e-mail." LogTraceEvents="false" Schedule="">
  </Item>
  <Item Name="From_ER" Category="HL7" ClassName="EnsLib.HL7.Service.FileService" PoolSize="1" Enabled="true" Foreground="false" DisableErrorTraps="false" InactivityTimeout="0" Comment="Accepts messages from a file that has been sent by the ER application." LogTraceEvents="false" Schedule="">
    <Setting Target="Host" Name="AckTargetConfigNames"></Setting>
    <Setting Target="Host" Name="Framing">Flexible</Setting>
    <Setting Target="Host" Name="TargetConfigNames">From_ER_Router</Setting>
    <Setting Target="Host" Name="SearchTableClass">EnsLib.HL7.SearchTable</Setting>
    <Setting Target="Host" Name="LocalFacilityApplication">ISC:EnsembleHL7</Setting>
    <Setting Target="Host" Name="AckMode">Never</Setting>
    <Setting Target="Host" Name="UseAckCommitCodes">1</Setting>
    <Setting Target="Host" Name="IgnoreInboundAck">1</Setting>
    <Setting Target="Host" Name="BatchHandling">Batch</Setting>
    <Setting Target="Host" Name="MessageSchemaCategory">2.3.1</Setting>
    <Setting Target="Host" Name="DefCharEncoding">Latin1</Setting>
    <Setting Target="Host" Name="AlertGracePeriod">0</Setting>
    <Setting Target="Host" Name="AlertOnError">0</Setting>
    <Setting Target="Host" Name="ArchiveIO">0</Setting>
    <Setting Target="Adapter" Name="FilePath">c:\Integration\HL7\in</Setting>
    <Setting Target="Adapter" Name="FileSpec">*.txt</Setting>
    <Setting Target="Adapter" Name="ArchivePath"></Setting>
    <Setting Target="Adapter" Name="WorkPath"></Setting>
    <Setting Target="Adapter" Name="Charset">Default</Setting>
    <Setting Target="Adapter" Name="FileAccessTimeout">10</Setting>
    <Setting Target="Adapter" Name="AppendTimestamp">0</Setting>
    <Setting Target="Adapter" Name="CallInterval">4</Setting>
  </Item>
  <Item Name="To_Pharmacy" Category="HL7" ClassName="EnsLib.HL7.Operation.FileOperation" PoolSize="1" Enabled="true" Foreground="false" DisableErrorTraps="false" InactivityTimeout="0" Comment="Sends messages to the Pharmacy application." LogTraceEvents="false" Schedule="">
    <Setting Target="Host" Name="Filename">Pharmacy.txt</Setting>
    <Setting Target="Host" Name="AutoBatchParentSegs">0</Setting>
    <Setting Target="Host" Name="Separators"><![CDATA[|^~\&]]]]><![CDATA[></Setting>
    <Setting Target="Host" Name="SearchTableClass"></Setting>
    <Setting Target="Host" Name="DefCharEncoding">Latin1</Setting>
    <Setting Target="Host" Name="AlertRetryGracePeriod">0</Setting>
    <Setting Target="Host" Name="RetryInterval">5</Setting>
    <Setting Target="Host" Name="FailureTimeout">-1</Setting>
    <Setting Target="Host" Name="AlertOnError">0</Setting>
    <Setting Target="Host" Name="ArchiveIO">0</Setting>
    <Setting Target="Host" Name="Framing">AsciiLF</Setting>
    <Setting Target="Adapter" Name="FilePath">c:\Integration\HL7\Out</Setting>
    <Setting Target="Adapter" Name="Overwrite">0</Setting>
    <Setting Target="Adapter" Name="Charset">Default</Setting>
    <Setting Target="Adapter" Name="OpenTimeout">5</Setting>
  </Item>
  <Item Name="From_ER_Router" Category="HL7" ClassName="EnsLib.HL7.MsgRouter.RoutingEngine" PoolSize="1" Enabled="true" Foreground="false" DisableErrorTraps="false" InactivityTimeout="0" Comment="This handles message routing logic." LogTraceEvents="false" Schedule="">
    <Setting Target="Host" Name="LocalFacilityApplication">ISC:EnsembleHL7</Setting>
    <Setting Target="Host" Name="AckType">Application</Setting>
    <Setting Target="Host" Name="NackCode">Error</Setting>
    <Setting Target="Host" Name="Validation">0</Setting>
    <Setting Target="Host" Name="BusinessRuleName">Hospital.HospitalRoutingRule</Setting>
    <Setting Target="Host" Name="AlertOnBadMessage">0</Setting>
    <Setting Target="Host" Name="BadMessageHandler"></Setting>
    <Setting Target="Host" Name="ResponseFrom"></Setting>
    <Setting Target="Host" Name="ResponseTargetConfigNames"></Setting>
    <Setting Target="Host" Name="AlertOnError">0</Setting>
  </Item>
  <Item Name="To_Transfer" Category="HL7" ClassName="EnsLib.HL7.Operation.FileOperation" PoolSize="1" Enabled="true" Foreground="false" DisableErrorTraps="false" InactivityTimeout="0" Comment="Sends messages to the Transfer application." LogTraceEvents="false" Schedule="">
    <Setting Target="Host" Name="Filename">Transfer.txt</Setting>
    <Setting Target="Host" Name="AutoBatchParentSegs">0</Setting>
    <Setting Target="Host" Name="Separators"><![CDATA[|^~\&]]]]><![CDATA[></Setting>
    <Setting Target="Host" Name="SearchTableClass"></Setting>
    <Setting Target="Host" Name="DefCharEncoding">Latin1</Setting>
    <Setting Target="Host" Name="AlertRetryGracePeriod">0</Setting>
    <Setting Target="Host" Name="RetryInterval">5</Setting>
    <Setting Target="Host" Name="FailureTimeout">-1</Setting>
    <Setting Target="Host" Name="AlertOnError">0</Setting>
    <Setting Target="Host" Name="ArchiveIO">0</Setting>
    <Setting Target="Host" Name="Framing">AsciiLF</Setting>
    <Setting Target="Adapter" Name="FilePath">c:\Integration\HL7\Out</Setting>
    <Setting Target="Adapter" Name="Overwrite">0</Setting>
    <Setting Target="Adapter" Name="Charset">Default</Setting>
    <Setting Target="Adapter" Name="OpenTimeout">5</Setting>
  </Item>
</Production>
]]></Data>
</XData>
</Class>


<Class name="Hospital.HospitalRoutingRule">
<Description>
</Description>
<ProcedureBlock>1</ProcedureBlock>
<Super>Ens.Rule.Definition</Super>
<TimeChanged>62464,46249.278776</TimeChanged>
<TimeCreated>62464,45824.989401</TimeCreated>

<Parameter name="RuleAssistClass">
<Default>EnsLib.HL7.MsgRouter.RuleAssist</Default>
</Parameter>

<XData name="RuleDefinition">
<XMLNamespace>http://www.intersystems.com/rule</XMLNamespace>
<Data><![CDATA[
<ruleDefinition alias="" context="EnsLib.HL7.MsgRouter.RoutingEngine" production="">
<ruleSet name="" effectiveBegin="" effectiveEnd="">
<rule name="" disabled="false">
<constraint name="source" value="From_ER"></constraint>
<constraint name="docCategory" value="2.3.1"></constraint>
<constraint name="docName" value="ORM_O01"></constraint>
<when condition="(HL7.{MSH:5.1}=&quot;PHARMACY&quot;)&amp;&amp;(StartsWith(HL7.{MSH:ReceivingFacility.namespaceID},&quot;262&quot;))">
<send transform="Hospital.ERORMO01ToPharmORM0O1DTL" target="To_Pharmacy"></send>
<return></return>
</when>
</rule>
<rule name="" disabled="false">
<constraint name="source" value="From_ER"></constraint>
<constraint name="docName" value="ADT_A06"></constraint>
<when condition="1">
<send transform="Hospital.ERADTA06ToTransferADTA02DTL" target="To_Transfer"></send>
<return></return>
</when>
</rule>
</ruleSet>
</ruleDefinition>
]]></Data>
</XData>
</Class>


<Project name="HospitalProdHL7Only">
  <ProjectDescription>Studio Project generated from Ensemble Production 'Hospital.HospitalProd'</ProjectDescription>
  <Items>
    <ProjectItem name="Hospital.AlertRule" type="CLS"></ProjectItem>
    <ProjectItem name="Hospital.ERADTA06ToTransferADTA02DTL" type="CLS"></ProjectItem>
    <ProjectItem name="Hospital.ERORMO01ToPharmORM0O1DTL" type="CLS"></ProjectItem>
    <ProjectItem name="Hospital.HospitalProd" type="CLS"></ProjectItem>
    <ProjectItem name="Hospital.HospitalRoutingRule" type="CLS"></ProjectItem>
  </Items>
</Project>
</Export>
