<?xml version="1.0" encoding="UTF-8"?>
<Export generator="Cache" version="24" zv="Cache for Windows (x86-32) 2010.2 (Build 431U)" ts="2010-09-30 16:24:41">
<Class name="Sample.MessageBankProd">
<Super>Ens.Enterprise.MsgBank.Production</Super>
<TimeChanged>61999,57261.456366</TimeChanged>
<TimeCreated>61999,42590.821196</TimeCreated>

<XData name="ProductionDefinition">
<Data><![CDATA[
<Production Name="Sample.MyMonitorandBank" TestingEnabled="false" LogGeneralTraceEvents="false">
  <Description>Production for receiving and collating message bank submissions from one or more client Productions 
  and for maintaining a local repository of production status information about each client namespace, for display on the Enterprise Monitor page.
   Open the the Monitor page on the same machine that that is hosting this Production.</Description>
  <ActorPoolSize>0</ActorPoolSize>
  <Setting Target="Production" Name="ShutdownTimeout">120</Setting>
  <Setting Target="Production" Name="UpdateTimeout">10</Setting>
  <Item Name="MonitorService" Category="" ClassName="Ens.Enterprise.MonitorService" PoolSize="1" Enabled="true" Foreground="false" InactivityTimeout="0" Comment="Populates global ^CacheTemp.Ens.EntMonitorStatus by polling namespaces from Systems List every CallInterval seconds" LogTraceEvents="false" Schedule="">
    <Setting Target="Host" Name="AlertGracePeriod">0</Setting>
    <Setting Target="Host" Name="AlertOnError">0</Setting>
    <Setting Target="Host" Name="ArchiveIO">0</Setting>
    <Setting Target="Adapter" Name="CallInterval">10</Setting>
  </Item>
  <Item Name="MsgBankService" Category="" ClassName="Ens.Enterprise.MsgBank.TCPService" PoolSize="10" Enabled="true" Foreground="false" InactivityTimeout="20" Comment="" LogTraceEvents="true" Schedule="">
    <Setting Target="Host" Name="AlertGracePeriod">0</Setting>
    <Setting Target="Host" Name="AlertOnError">0</Setting>
    <Setting Target="Host" Name="ArchiveIO">0</Setting>
    <Setting Target="Adapter" Name="JobPerConnection">1</Setting>
    <Setting Target="Adapter" Name="AllowedIPAddresses"></Setting>
    <Setting Target="Adapter" Name="QSize">100</Setting>
    <Setting Target="Adapter" Name="CallInterval">5</Setting>
    <Setting Target="Adapter" Name="Port">9192</Setting>
    <Setting Target="Adapter" Name="StayConnected">-1</Setting>
    <Setting Target="Adapter" Name="ReadTimeout">10</Setting>
    <Setting Target="Adapter" Name="SSLConfig"></Setting>
  </Item>
</Production>
]]></Data>
</XData>
</Class>
</Export>
