<?xml version="1.0" encoding="UTF-8"?>
<Export generator="Cache" version="25">
<Class name="Demo.X12.SorterDTL.ByGroup.SimpleRule">
<Description>
This Rule sends an Interchange to the transform before sending the newly transformed Interchange on to the File Operation.</Description>
<Super>Ens.Rule.Definition</Super>
<TimeCreated>63305,47986.800188</TimeCreated>

<Parameter name="RuleAssistClass">
<Default>EnsLib.MsgRouter.VDocRuleAssist</Default>
</Parameter>

<XData name="RuleDefinition">
<XMLNamespace>http://www.intersystems.com/rule</XMLNamespace>
<Data><![CDATA[
<ruleDefinition alias="" context="EnsLib.MsgRouter.VDocRoutingEngine" production="Demo.X12.SorterDTL.ByGroup.Production">
<ruleSet name="" effectiveBegin="" effectiveEnd="">
<rule name="Interchange Transform" disabled="false">
<constraint name="source" value="ByGroupFileService"></constraint>
<constraint name="msgClass" value="EnsLib.EDI.X12.Document"></constraint>
<constraint name="docCategory" value="HIPAA_5010"></constraint>
<constraint name="docName" value="Interchange"></constraint>
<when condition="1">
<send transform="Demo.X12.SorterDTL.ByGroup.SorterTransform" target="ByGroupFileOperation"></send>
<return></return>
</when>
</rule>
</ruleSet>
</ruleDefinition>
]]></Data>
</XData>
</Class>
</Export>
