<?xml version="1.0" encoding="UTF-8"?>
<Export generator="Cache" version="25">
<Class name="Phonebook.Installer">
<IncludeCode>%occInclude</IncludeCode>
<TimeCreated>62220,51567.365779</TimeCreated>

<XData name="MyApp">
<Description>
Application Definition</Description>
<XMLNamespace>INSTALLER</XMLNamespace>
<Data><![CDATA[
<Manifest>
<Namespace Name="CUSTOMER"
          Create="yes"
          Code="CUSTOMER"
          Data="CUSTOMER"
		  >
<If Condition='##class(%File).Exists("${INSTALLDIR}/mgr/customer/CACHE.DAT")=0'>
<Configuration>

<Database Name="CUSTOMER"
		 Dir="${INSTALLDIR}/mgr/customer/"
		 Create="yes"
		 Resource="%DB_%DEFAULT"
		 PublicPermissions=""/>

</Configuration>
</If>
<CSPApplication Url="/csp/customer"
	           Resource=""
	           Description="Customer Web Interface"
	           Directory="${INSTALLDIR}csp/customer"
	           Recurse="1"
	           CookiePath="/csp/customer"
	           AuthenticationMethods="64"
	 />


</Namespace>

<Namespace Name="PERSONAL"
          Create="yes"
          Code="PERSONAL"
          Data="PERSONAL"
		  >
		  
<If Condition='##class(%File).Exists("${INSTALLDIR}/mgr/personal/CACHE.DAT")=0'>
<Configuration>

<Database Name="PERSONAL"
		 Dir="${INSTALLDIR}/mgr/personal/"
		 Create="yes"
		 Resource="%DB_%DEFAULT"
		 PublicPermissions=""/>

</Configuration>
</If>

<CSPApplication Url="/csp/personal"
	           Resource=""
	           Description="Personal Web Interface"
	           Directory="${INSTALLDIR}csp/personal"
	           Recurse="1"
	           CookiePath="/csp/personal"
	           AuthenticationMethods="64"
	 />


</Namespace>

<Namespace Name="PHONEBOOK"
          Create="yes"
          Code="COMPANY"
          Data="COMPANY"
		  >
		  
<If Condition='##class(%File).Exists("${INSTALLDIR}/mgr/company/CACHE.DAT")=0'>
<Configuration>

<Database Name="COMPANY"
		 Dir="${INSTALLDIR}/mgr/company/"
		 Create="yes"
		 Resource="%DB_%DEFAULT"
		 PublicPermissions=""/>

<GlobalMapping Global="Phonebook.Customer*"    	From="CUSTOMER"/>
<GlobalMapping Global="Phonebook.Personal*"    	From="PERSONAL"/>

</Configuration>
</If>

<CSPApplication Url="/csp/phonebook"
	           Resource=""
	           Description="Phonebook Web Interface"
	           Directory="${INSTALLDIR}csp/phonebook"
	           Recurse="1"
			   LoginClass="Phonebook.Login.cls"
	           CookiePath="/csp/phonebook"
	           AuthenticationMethods="64"
	 />

<CSPApplication Url="/csp/company"
	           Resource=""
	           Description="Company pages"
	           Directory="${INSTALLDIR}csp/company"
	           Recurse="1"
	           CookiePath="/csp/company"
	           AuthenticationMethods="64"
	 />

<Import File="${STUDENTDIR}PhonebookClasses.xml" Flags="ck"/>

</Namespace>

</Manifest>
]]></Data>
</XData>

<Method name="RunInstall">
<Description>
Invoke the installer passing in some variables</Description>
<ClassMethod>1</ClassMethod>
<ReturnType>%Status</ReturnType>
<Implementation><![CDATA[
	#dim tVars
	#dim tStatus As %Status
	#dim tLogLevel As %Integer = 1
	
	// Initialize any variables we want to pass to the installer
	Set tVars("STUDENTDIR") = "/SysMgt/"
	Set tVars("INSTALLDIR") = $system.Util.InstallDirectory()
	
	do $ZF(-1, "mkdir "_tVars("INSTALLDIR")_"csp/company/")
	
	// Invoke the installer
	Set tStatus = ..setup(.tVars,tLogLevel)
	
	Do:$$$ISERR(tStatus) $system.OBJ.DisplayError(tStatus)	
	
	do $ZF(-1,"cp "_tVars("STUDENTDIR")_"PhonebookFiles/cube_logo_blue.gif "_tVars("INSTALLDIR")_"csp/phonebook/") 
	do $ZF(-1,"cp "_tVars("STUDENTDIR")_"PhonebookFiles/Company.CSP "_tVars("INSTALLDIR")_"csp/company")
	
	set app = ##class(Security.Applications).%OpenId("/csp/phonebook")
	set app.AutheEnabled = 64
	set app.LoginPage = "Phonebook.Login.cls"
	set status = app.%Save()
	if $$$ISERR(status) {
		write $system.Status.DisplayError(status)
	}
	else {
		write "Updated Phonebook Application"
	}
	
	do LoadCompany()
	return tStatus
	
LoadCompany()
	new $namespace set $namespace = "PHONEBOOK"
	do $system.CSP.LoadPage("/csp/company/Company.CSP")
	return
	
]]></Implementation>
</Method>

<Method name="setup">
<Internal>1</Internal>
<ClassMethod>1</ClassMethod>
<CodeMode>objectgenerator</CodeMode>
<FormalSpec><![CDATA[&pVars,pLogLevel:%Integer,pInstaller:%Installer.Installer]]></FormalSpec>
<ReturnType>%Status</ReturnType>
<Implementation><![CDATA[
   #; Let XGL document generate code for this method. 
   Quit ##class(%Installer.Manifest).%Generate(%compiledclass,
      %code, "MyApp")
]]></Implementation>
</Method>
</Class>
</Export>
