<?xml version="1.0" encoding="UTF-8"?>
<Export generator="Cache" version="25">
<Class name="Aviation.Cubes.Aircraft">
<Description>
</Description>
<ProcedureBlock>1</ProcedureBlock>
<Super>%DeepSee.CubeDefinition</Super>
<TimeCreated>62916,60098.391112</TimeCreated>
<DependsOn>Aviation.Aircraft,Aviation.Cubes.Events</DependsOn>

<Parameter name="DOMAIN">
</Parameter>

<XData name="Cube">
<Description>
Cube definition from Architect.</Description>
<XMLNamespace>http://www.intersystems.com/deepsee</XMLNamespace>
<Data><![CDATA[
<cube xmlns="http://www.intersystems.com/deepsee" name="AviationAircraft" displayName="Aviation Aircraft" disabled="false" abstract="false" sourceClass="Aviation.Aircraft" countMeasureName="%COUNT" bucketSize="8" bitmapChunkInMemory="false" precompute="0">
<dimension name="AircraftTypeD" displayName="Aircraft Type" disabled="false" hasAll="true" allCaption="All Types" allDisplayName="All Types" type="data" iKnowType="entity" hidden="false" showHierarchies="default">
<hierarchy name="H1" disabled="false">
<level sourceProperty="AircraftCategory" name="Category" disabled="false" list="false" useDisplayValue="true">
</level>
<level sourceProperty="AircraftManufacturer" name="Manufacturer" disabled="false" list="false" useDisplayValue="true">
</level>
<level sourceProperty="AircraftModel" name="Model" disabled="false" list="false" useDisplayValue="true">
</level>
</hierarchy>
</dimension>
<dimension name="FlightTypeD" displayName="Flight Type" disabled="false" hasAll="false" allCaption="All FlightType" allDisplayName="FlightType" type="data" iKnowType="entity" hidden="false" showHierarchies="default">
<hierarchy name="H1" disabled="false">
<level sourceProperty="FlightType" name="FlightType" disabled="false" list="false" useDisplayValue="true">
</level>
</hierarchy>
</dimension>
<dimension name="DamageD" displayName="Damage" disabled="false" hasAll="false" allCaption="All Damage" allDisplayName="Damage" type="data" iKnowType="entity" hidden="false" showHierarchies="default">
<hierarchy name="H1" disabled="false">
<level sourceProperty="Damage" name="Damage" disabled="false" list="false" useDisplayValue="true">
<property name="DamageNumeric" hidden="true" sourceExpression="$case(%source.Damage, &quot;Destroyed&quot;:3, &quot;Substantial&quot;:2, &quot;Minor&quot;:1, &quot;None&quot;:0, :99)" sort="asc" />
</level>
</hierarchy>
</dimension>
<relationship sourceProperty="Event" name="Event" disabled="false" relatedCube="AviationEvents" inverse="Aircraft" cardinality="one"></relationship>
<relationship name="Crew" disabled="false" relatedCube="AviationCrew" inverse="Aircraft" cardinality="many"></relationship>
</cube>
]]></Data>
</XData>
</Class>
</Export>
