<?xml version="1.0" encoding="UTF-8"?>
<Export generator="Cache" version="25">
<Class name="Demo.Dashboard.Production">
<Description>
This production defines the components needed to run the 
Dashboard demo</Description>
<ClassType/>
<ProcedureBlock>1</ProcedureBlock>
<Super>Ens.Production</Super>
<TimeCreated>60423,56776</TimeCreated>

<XData name="ProductionDefinition">
<Data><![CDATA[
<Production Name="Demo.Dashboard.Production">
  <Description></Description>
  <ActorPoolSize>2</ActorPoolSize>
  <Item Name="SalesMetrics" ClassName="Demo.Dashboard.SalesMetrics" PoolSize="1" Enabled="true" Foreground="false" InactivityTimeout="0">
    <Setting Target="Host" Name="ArchiveIO">0</Setting>
    <Setting Target="Host" Name="AlertOnError">0</Setting>
    <Setting Target="Adapter" Name="CallInterval">2</Setting>
  </Item>
</Production>
]]></Data>
</XData>
</Class>
</Export>
