<?xml version="1.0" encoding="UTF-8"?>
<Export generator="Cache" version="25" zv="Cache for Windows (x86-64) 2018.1.1 (Build 312_1_18859U)" ts="2019-07-17 18:01:04">
<CSP name="holefoodsrestExercise.csp" application="/csp/training/" default="1"><![CDATA[
<html>
<head>

<!-- Put your page Title here -->
<title>	HoleFoods REST Exercise </title>

	<script type="text/javascript">


	function initializePage() {
		
			console.log("initialize page");
			var username = document.getElementById('username').value;
			var pwd = document.getElementById('password').value;
			var host = document.getElementById('host').value;
			var port = document.getElementById('port').value;	
			
		
		//EXERCISE: Complete the following line of code.
		var url="http://"+host+":"+port+"add the rest of the url here.";	
		
		
		//EXERCISE: Complete the following line of code.
		var contents = "Add JSON format for executing pivot here.";
		
		
		//create and configure XMLhttpRequest object.
		var xhr = new XMLHttpRequest();
		
		xhr.open("POST",url,true);
		
		var credentials = username+":"+pwd;
		var authStr = "Basic "+btoa(credentials);
		xhr.setRequestHeader("Authorization",authStr);
		
		
		
		xhr.setRequestHeader("Content-Type","application/json")
		
		//EXERCISE: Complete the following line of code
		xhr.setRequestHeader("Accept","correct accept-type here")
		
		//Initiate the request.
		xhr.send(contents);
			
		//function to call after response is successfully fetched.
		xhr.onload = function() {
			//status of 200 means that server returned response without any errors.
			if (xhr.status === 200) {
				
				console.log(xhr.responseText);	
				var body = xhr.responseText;
				var bodyObject = JSON.parse(body);
				document.write(JSON.stringify(bodyObject,null,2));
				
			}
			
			else{ alert("error");}
			
			
		}
				
		//Initiate the request.
		//xhr.send(contents);
		console.log("xhr +%o",xhr)
		console.log("contents %o",contents);
	}

	


	</script>


</head>

<body>

	<div id="maindiv" width = "100%">
<form width="100%">
Username: <input type="text" value="SuperUser" name="username" id="username">    Password: <input type="password" value = "SYS" name="password" id="password">  Host: <input type="text" value="localhost" name="host" id="host">  Port: <input type="text" value = "57772" name="port" id="port"><br><br>
</form>
<button onclick="initializePage()">
Execute Pivot
</button>
</div>
</body>
</html>
]]></CSP>
</Export>
