<?xml version="1.0" encoding="UTF-8"?>
<Export generator="Cache" version="25" zv="Cache for Windows (x86-64) 2012.2.4 (Build 954)" ts="2013-06-20 10:22:47">
<CSP name="DemoHFTransactionForm.CSP" application="/csp/training/" default="1"><![CDATA[
<html>
<head>

<!-- Put your page Title here -->
<title>	Cache Server Page </title>

</head>

<body>

<head>
<title>Cache Server Page - HoleFoods.Transaction (COURSE)</title>
</head>
<h1 align='center'>HoleFoods.Transaction</h1>
<!-- This function is needed by the search button on the form -->
<script language='javascript'>
<!--
function update(id)
{
     #server(..formLoad(id))#;
     return true;
}

// -->
</script>

<!-- use CSP:OBJECT tag to create a reference to an instance of the class -->
<csp:object name='objForm' classname='HoleFoods.Transaction' OBJID='#(%request.Get("OBJID"))#'>

<!-- use csp:search tag to create a javascript function to invoke a search page --> 
<csp:search name='form_search' classname='HoleFoods.Transaction' where='DateOfSale' options='popup,nopredicates' onselect='update'>

<form name='form' cspbind='objForm' cspjs='All' onsubmit='return form_validate();'>
<center>
<table cellpadding='3'>
	<tr>
		<td><font color='#666666'><b><div align='right'>Product Name:</div></b></font></td>
		<td><input type='text' name='ProductName' cspbind='Product.Name' size='80' readonly></td>
	</tr>
	<tr>
		<td><font color='#666666'><b><div align='right'>Product Category:</div></b></font></td>
		<td><input type='text' name='ProductCategory' cspbind='Product.Category' size='80' readonly></td>
	</tr>
	<tr>
		<td><font color='#666666'><b><div align='right'>Product Price:</div></b></font></td>
		<td><input type='text' name='ProductPrice' cspbind='Product.Price' size='80' readonly></td>
	</tr>
	<tr>
		<td><font color='#666666'><b><div align='right'>Product SKU:</div></b></font></td>
		<td><input type='text' name='ProductSKU' cspbind='Product.SKU' size='80' readonly></td>
	</tr>
	<tr>
		<td><b><div align='right'>UnitsSold:</div></b></td>
		<td><input type='text' name='UnitsSold' cspbind='UnitsSold' size='10'></td>
	</tr>
	<tr>
		<td><b><div align='right'>AmountOfSale:</div></b></td>
		<td><input type='text' name='AmountOfSale' cspbind='AmountOfSale' size='10'></td>
	</tr>
	<tr>
		<td><b><div align='right'>DateOfSale:</div></b></td>
		<td><input type='text' name='DateOfSale' cspbind='DateOfSale' size='10'></td>
	</tr>
	<tr>
		<td><b><div align='right'>Comment:</div></b></td>
		<td><input type='text' name='Comment' cspbind='Comment' size='80'></td>
	</tr>
	<tr>
		<td><b><div align='right'>Channel:</div></b></td>
		<td><select name='Channel' cspbind='Channel'>
		  <option value=''></option>
		  <option value='Retail'>Retail</option>
		  <option value='Online'>Online</option>
		</select></td>
	</tr>
	<tr>
		<td>&nbsp;</td>
		<td><input type='button' name='btnClear' value='Clear' onclick='form_new();'>
	<input type='button' name='btnSave' value='Save' onclick='form_save();'>
	<input type='button' name='btnSearch' value='Search' onclick='form_search();'></td>
	</tr>
</table>
</center>
</form>

		
</body>
</html>
]]></CSP>
</Export>
