<?xml version="1.0" encoding="UTF-8"?>
<Export generator="Cache" version="25" zv="Cache for Windows (x86-64) 2018.1.1 (Build 312_1_18859U)" ts="2019-07-17 17:51:01">
<CSP name="holefoodsrest.csp" application="/csp/training/" default="1"><![CDATA[
<html>
<head>

<!-- Put your page Title here -->
<title>	HoleFoods REST API Demo</title>

	<script type="text/javascript">


	function initializePage() {
		
			console.log("initialize page");
			var username = document.getElementById('username').value;
			var pwd = document.getElementById('password').value;
			var host = document.getElementById('host').value;
			var port = document.getElementById('port').value;	
		
		//JSON format for supplying a pivot table.
		var contents = "{\"PIVOT\":\"Training/Analytics/Demos/Transactions by Year and Region for Last 3 Years.pivot\"}";
		
		var url="http://"+host+":"+port+"/api/deepsee/v1/TRAINING/Data/PivotExecute";	
		
		//JSON format for supplying an MDX query
		/*var contents =
		  "{\"MDX\":\"SELECT NON EMPTY {[Measures].[Amount Sold],[Measures].[Units Sold],[Measures].[%COUNT]} \
		  ON 0,NON EMPTY [Product].[P1].[Product Category].Members ON 1 \
		  FROM [HOLEFOODS] %FILTER [DATEOFSALE].[ACTUAL].[YEARSOLD].&[NOW]\"}";
		 */
		  
		  //url for executing an MDX query
		  
		  //var url="http://"+host+":"+port+"/api/deepsee/v1/SAMPLES/Data/MDXExecute";
		
		//create and configure XMLhttpRequest object.
		var xhr = new XMLHttpRequest();
		
		xhr.open("POST",url,true);
		
		var credentials = username+":"+pwd;
		var authStr = "Basic "+btoa(credentials);
		xhr.setRequestHeader("Authorization",authStr);
		xhr.setRequestHeader("Content-Type","application/json")
		xhr.setRequestHeader("Accept","application/json")
		
		//Initiate the request.
		xhr.send(contents);
			
		//function to call after response is successfully fetched.
		xhr.onload = function() {
			//status of 200 means that server returned response without any errors.
			if (xhr.status === 200) {
				
				console.log(xhr.responseText);	
				var body = xhr.responseText;
				var bodyObject = JSON.parse(body);
				document.write(JSON.stringify(bodyObject,null,2));
				
			}
			
			else{ alert("error");}
			
			
		}
				
		//Initiate the request.
		//xhr.send(contents);
		console.log("xhr +%o",xhr)
		console.log("contents %o",contents);
	}

	


	</script>


</head>

<body>

	<div id="maindiv" width = "100%">
<form width="100%">
Username: <input type="text" value="SuperUser" name="username" id="username">    Password: <input type="password" value = "SYS" name="password" id="password">  Host: <input type="text" value="localhost" name="host" id="host">  Port: <input type="text" value = "57772" name="port" id="port"><br><br>
</form>
<button onclick="initializePage()">
Execute Pivot or MDX
</button>
</div>
</body>
</html>
]]></CSP>
</Export>
