<?xml version="1.0" encoding="UTF-8"?>
<Export generator="Cache" version="25" zv="Cache for Windows (x86-64) 2015.1 (Build 429U)" ts="2015-04-24 17:05:40">
<CSP name="HoleFoodsDisplay.CSP" application="/csp/training/" default="1"><![CDATA[
<html>
<head>

<!-- Put your page Title here -->
<title>	Product Display </title>

</head>

<body>
<img src=#(%request.Get("Product")_".png")# style="display:block;margin-left:auto;margin-right:auto;"/>
		
</body>
</html>
]]></CSP>
</Export>
