<?xml version="1.0" encoding="UTF-8"?>
<Export generator="IRIS" version="26" zv="IRIS for Windows (x86-64) 2021.2 (Build 651U)" ts="2022-02-14 17:03:27">
<Class name="Training.Analytics.Address">
<Super>%SerialObject,%Populate,%XML.Adaptor,%ZEN.DataModel.Adaptor</Super>
<TimeChanged>63026,59260.294542</TimeChanged>
<TimeCreated>62398,36968.308431</TimeCreated>

<Property name="Street">
<Description>
The street address.</Description>
<Type>%String</Type>
<Parameter name="MAXLEN" value="80"/>
<Parameter name="POPSPEC" value="Street()"/>
</Property>

<Property name="City">
<Description>
The city name.</Description>
<Type>%String</Type>
<Parameter name="MAXLEN" value="80"/>
<Parameter name="POPSPEC" value="City()"/>
</Property>

<Property name="State">
<Description>
The 2-letter state abbreviation.</Description>
<Type>%String</Type>
<Parameter name="MAXLEN" value="2"/>
<Parameter name="POPSPEC" value="USState()"/>
</Property>

<Storage name="Default">
<Type>%Storage.Serial</Type>
<State>AddressState</State>
<StreamLocation>^Training.Analytics.AddressS</StreamLocation>
<Data name="AddressState">
<Value name="1">
<Value>Street</Value>
</Value>
<Value name="2">
<Value>City</Value>
</Value>
<Value name="3">
<Value>State</Value>
</Value>
<Value name="4">
<Value>Zip</Value>
</Value>
</Data>
</Storage>
</Class>


<Class name="Training.Analytics.Customer">
<Super>%Persistent,%Populate,%XML.Adaptor</Super>
<TimeChanged>66149,60075.4867043</TimeChanged>
<TimeCreated>61513,40580.746548</TimeCreated>
<Inheritance>right</Inheritance>

<Property name="Name">
<Type>%String</Type>
</Property>

<Property name="Channel">
<Type>%String</Type>
<Parameter name="DISPLAYLIST" value=",Retail Only,Online Only,Retail &amp; Online"/>
<Parameter name="VALUELIST" value=",1,2,3"/>
</Property>

<Property name="CustomerID">
<Type>%String</Type>
<Parameter name="MAXLEN" value="10"/>
</Property>

<Property name="Address">
<Type>Training.Analytics.Address</Type>
</Property>

<Index name="CustomerIDIndex">
<Properties>CustomerID</Properties>
<Unique>1</Unique>
</Index>

<Parameter name="DSTIME">
<Description><![CDATA[
If the <var>DSTIME</var> parameter is set to AUTO then the most recent filing operation in the current DSTIME value 
for each object will be recorded in a global, ^OBJ.DSTIME: 
<br>
	^OBJ.DSTIME(<var>ExtentName</var>,<var>DSTIME</var>,<var>objectID</var>) = <var>filing operation</var> 
<br>
For DSTIME=AUTO the DSTIME value is recorded in ^OBJ.DSTIME and is set by the consumer of DSTIME data.
<br>
Refer to %DeepSee documentation for more information on how DSTIME is used by %DeepSee. 
<br>
The filing operations are:
<table>
<tr><th align="left">Code</th><th align="left">Operation</th>
<tr><td>0</td><td align="center">Update</td></tr>
<tr><td>1</td><td align="center">Insert</td></tr>
<tr><td>2</td><td align="center">Delete</td></tr>
</table>
<br>
If the <var>DSTIME</var> parameter is set to MANUAL then the user is responsible for journaling object filing operations.]]></Description>
<Type>STRING</Type>
<Constraint>,AUTO,MANUAL</Constraint>
<Default>AUTO</Default>
<Flags>ENUM</Flags>
</Parameter>

<Storage name="Default">
<Type>%Storage.Persistent</Type>
<DataLocation>^Training.Analytics.CustomerD</DataLocation>
<DefaultData>CustomerDefaultData</DefaultData>
<IdLocation>^Training.Analytics.CustomerD</IdLocation>
<IndexLocation>^Training.Analytics.CustomerI</IndexLocation>
<StreamLocation>^Training.Analytics.CustomerS</StreamLocation>
<ExtentSize>500</ExtentSize>
<Data name="CustomerDefaultData">
<Value name="1">
<Value>%%CLASSNAME</Value>
</Value>
<Value name="2">
<Value>Name</Value>
</Value>
<Value name="3">
<Value>CustomerID</Value>
</Value>
<Value name="4">
<Value>Address</Value>
</Value>
<Value name="5">
<Value>Channel</Value>
</Value>
</Data>
<Property name="%%CLASSNAME">
<Selectivity>100.0000%</Selectivity>
<AverageFieldSize>2</AverageFieldSize>
<Histogram>$lb(.06666666666666666667,0,16,$lb("-10000000000000000000","-10000000000000000000","-10000000000000000000","-10000000000000000000","-10000000000000000000","-10000000000000000000","-10000000000000000000","-10000000000000000000","-10000000000000000000","-10000000000000000000","-10000000000000000000","-10000000000000000000","-10000000000000000000","-10000000000000000000","-10000000000000000000","-10000000000000000000"),$lb(21,21,21,21,21,21,21,21,21,21,21,21,21,21,21),$lb(758198320,0,0,0,0,0,0,0,0,0,0,0,0,0,0,0,0,0,0,0,0,0,0,0,0,0,0,0,0,0,0,758198320))</Histogram>
</Property>
<Property name="%%ID">
<Selectivity>1</Selectivity>
<AverageFieldSize>3.49</AverageFieldSize>
<Histogram>$lb(.06666666666666666667,1,0,$lb("1","34","68","102","136","170","203","236","269","302","335","368","401","434","467","500"),$lb(0,0,0,1,1,0,1,1,0,1,1,0,1,1,0),$lb(822083584,822083584,859045888,859045888,909639680,909639680,825242112,808583168,859176960,859176960,925892608,825700352,842019584,808648704,859176960,859176960,909705216,842414336,858796544,808583168,859111424,859111424,909639680,859191296,875573504,808517632,859045888,859045888,909574144,875968256,892350464,892350464))</Histogram>
</Property>
<Property name="Address">
<Selectivity>0.2000%,Street:0.2004%,City:3.8462%,State:2.0000%</Selectivity>
<AverageFieldSize>33.99,City:9.27,State:4,Street:18.72</AverageFieldSize>
<Histogram>$lb(.06666666666666666667,0,0,$lb($lb("592 Elm Blvd","Xavier","SD"),$lb("1413 Elm Court","Tampa","KY"),$lb("5118 Ash Court","Denver","NV"),$lb("1304 Ash Street","Tampa","MI"),$lb("5467 Maple Blvd","St Louis","DE"),$lb("8247 Main Court","Gansevoort","WA"),$lb("3147 Maple Place","Reston","TN"),$lb("891 Madison Blvd","Fargo","NC"),$lb("3756 Maple Avenue","Bensonhurst","AR"),$lb("800 Madison Place","Boston","WA"),$lb("4092 Second Avenue","Youngstown","NM"),$lb("8583 Franklin Blvd","St Louis","MI"),$lb("4960 Madison Street","Hialeah","TX"),$lb("9063 Franklin Court","Islip","HI"),$lb("3532 Washington Court","Elmhurst","VA"),$lb("9885 Washington Street","Larchmont","TX")),$lb(5,5,5,5,5,5,5,5,5,5,5,5,5,5,5),$lb(234960185,541420653,857752940,857752940,941638003,941638003,874529139,874529139,924863841,924863841,924863841,924863841,924863841,924863841,541942116,541942116,908086625,908086625,541942116,541942116,840979301,840979301,857753202,857753202,807423329,807423329,857753202,857753202,840980321,840980321,891311969,402733368)),City:$lb(.06666666666666666667,0,0,$lb(" ALBANY"," BENSONHURST"," CHICAGO"," ELMHURST"," GANSEVOORT"," ISLIP"," LARCHMONT"," MIAMI"," OAK CREEK"," PUEBLO"," RESTON"," TAMPA"," VAIL"," XAVIER"," YOUNGSTOWN"," ZANESVILLE"),$lb(1,1,1,1,1,1,1,1,1,1,1,1,1,1,1),$lb(541150274,1095516737,1111838291,1111838291,1128810819,1128810819,1162628424,1162628424,1195462227,1195462227,1230195785,1230195785,1279349315,1279349315,1296646477,1296646477,1329679136,1329679136,1347765570,1347765570,1380275028,1380275028,1413565776,1413565776,1447119180,1447119180,1480676937,1480676937,1498371406,1498371406,1514229317,542785870)),State:$lb(.06666666666666666667,0,0,$lb(" AK"," AZ"," CT"," HI"," IL"," KY"," MD"," MO"," NC"," NM"," OH"," PA"," SD"," UT"," WA"," WY"),$lb(2,1,1,1,1,1,2,1,2,1,1,1,1,1,2),$lb(541149952,1258291200,1509949440,1096417280,1129578496,1129578496,1212743680,1212743680,1229717504,1229717504,1264123904,1264123904,1296302080,1140850688,1325400064,1297022976,1313013760,1124073472,1291845632,1313669120,1330118656,1330118656,1346437120,1346437120,1396965376,1396965376,1431568384,1431568384,1463877632,1090519040,1493172224,542595328)),Street:$lb(.06666666666666666667,0,0,$lb(" 1006 ASH COURT"," 1566 ELM COURT"," 2006 WASHINGTON COURT"," 2605 WASHINGTON AVENUE"," 3487 MAPLE STREET"," 4071 FIRST PLACE"," 4781 MADISON DRIVE"," 5201 OAK STREET"," 592 ELM BLVD"," 6527 ELM COURT"," 7000 WASHINGTON DRIVE"," 7665 CLINTON COURT"," 8263 WASHINGTON COURT"," 8826 FIRST AVENUE"," 9445 MAPLE COURT"," 998 ELM BLVD"),$lb(2,1,2,1,1,2,1,2,1,1,2,1,2,1,2),$lb(540094512,808465952,892745248,825570870,842018870,808465952,909128992,842412085,859060279,859060279,875575089,808923424,926429472,876034097,892481585,842019104,959586373,892940832,909455927,909455927,925904944,808464416,909522208,926299701,942814771,842412832,942814752,943206966,959722549,875836704,959979589,540621112))</Histogram>
</Property>
<Property name="Channel">
<Selectivity>33.3333%</Selectivity>
<AverageFieldSize>3</AverageFieldSize>
<Histogram>$lb(.06666666666666666667,0,0,$lb(" 1"," 1"," 1"," 1"," 1"," 2"," 2"," 2"," 2"," 2"," 3"," 3"," 3"," 3"," 3"," 3"),$lb(3,3,3,3,1,3,3,3,3,1,3,3,3,3,3),$lb(540082176,0,0,0,0,0,0,0,0,822083584,838860800,0,0,0,0,0,0,0,0,838860800,855638016,0,0,0,0,0,0,0,0,0,0,540213248))</Histogram>
</Property>
<Property name="CustomerID">
<Selectivity>1</Selectivity>
<AverageFieldSize>6.89</AverageFieldSize>
</Property>
<Property name="Name">
<Selectivity>0.2000%</Selectivity>
<AverageFieldSize>17.77</AverageFieldSize>
<Histogram>$lb(.06666666666666666667,0,0,$lb(" ADAM,EDGAR D."," BROWNING,ZELDA B."," DJAKOVIC,KYRA F."," FINN,EDGAR C."," HAMMEL,DIANE O."," ISAACS,TERRY E."," KOENIG,JOSE R."," LOPEZ,ROBERT F."," NEWTON,BILL A."," PALADINO,THELMA D."," RAGON,DAVE H."," SCHULTZ,MARK G."," UECKERT,KIM F."," WATERS,CHAD O."," YAKULIS,MARIO Y."," ZWEIFELHOFER,SALLY B."),$lb(1,1,1,1,1,1,1,1,1,1,1,1,1,1,1),$lb(541148225,1094992205,1112690519,1112690519,1145717067,1145717067,1179209294,1179209294,1212239181,1212239181,1230192961,1230192961,1263486286,1263486286,1280266309,1280266309,1313167188,1313167188,1346456641,1346456641,1380009807,1380009807,1396918357,1396918357,1430602571,1430602571,1463899205,1463899205,1497451349,1497451349,1515668809,542791493))</Histogram>
</Property>
<SQLMap name="CustomerIDIndex">
<BlockCount>-4</BlockCount>
</SQLMap>
<SQLMap name="IDKEY">
<BlockCount>-20</BlockCount>
</SQLMap>
</Storage>
</Class>


<Class name="Training.Analytics.CustomerCube">
<Description>
</Description>
<ProcedureBlock>1</ProcedureBlock>
<Super>%DeepSee.CubeDefinition</Super>
<TimeChanged>65758,37611.550615</TimeChanged>
<TimeCreated>63028,59163.177078</TimeCreated>
<DependsOn>Training.Analytics.Customer</DependsOn>

<XData name="Cube">
<Description>
Cube definition from Architect.</Description>
<XMLNamespace>http://www.intersystems.com/deepsee</XMLNamespace>
<Data><![CDATA[
<cube xmlns="http://www.intersystems.com/deepsee" name="Customer Cube" displayName="Customer Cube" disabled="false" abstract="false" sourceClass="Training.Analytics.Customer" namedFactNums="true" countMeasureName="%COUNT" countMeasureCaption="Customers" bucketSize="8" bitmapChunkInMemory="false" precompute="0" disableListingGroups="false" enableSqlRestrict="false">
  <dimension name="Channel" disabled="false" hasAll="false" allCaption="All Channel" allDisplayName="Channel" type="data" hidden="false" showHierarchies="default">
    <hierarchy name="H1" disabled="false" hidden="false">
      <level name="Channel" disabled="false" sourceProperty="Channel" list="false" useDisplayValue="false" useAsFilter="true" hidden="false" factNumber="2">
        <property name="Name" disabled="false" sourceProperty="Channel" hidden="false" isName="true" isDescription="false" isReference="false" useDisplayValue="true">
        </property>
      </level>
    </hierarchy>
  </dimension>
  <dimension name="Address" disabled="false" hasAll="false" allCaption="All Address" allDisplayName="Address" type="data" hidden="false" showHierarchies="default">
    <hierarchy name="H1" disabled="false" hidden="false">
      <level name="State" disabled="false" sourceProperty="Address.State" list="false" useDisplayValue="true" useAsFilter="true" hidden="false" factNumber="3">
      </level>
      <level name="City" disabled="false" sourceExpression="%source.Address.City_&quot;: &quot;_%source.Address.State" list="false" useDisplayValue="true" useAsFilter="true" hidden="false" factNumber="4">
      </level>
    </hierarchy>
  </dimension>
</cube>
]]></Data>
</XData>

<Parameter name="DOMAIN">
</Parameter>
</Class>


<Class name="Training.Analytics.Order">
<Super>%Persistent,%Populate,%XML.Adaptor,%ZEN.DataModel.Adaptor</Super>
<TimeChanged>66149,60075.7723778</TimeChanged>
<TimeCreated>62398,52987.697078</TimeCreated>

<Property name="Customer">
<Type>Training.Analytics.Customer</Type>
</Property>

<Property name="SaleDate">
<Type>%Date</Type>
<Parameter name="MAXVAL" value="+$H"/>
<Parameter name="MINVAL" value="59901"/>
</Property>

<Property name="Units">
<Type>%Integer</Type>
<Parameter name="MAXVAL" value="10"/>
</Property>

<Property name="Amount">
<Type>%Numeric</Type>
<Parameter name="MAXVAL" value="1000"/>
</Property>

<Parameter name="DSTIME">
<Description><![CDATA[
If the <var>DSTIME</var> parameter is set to AUTO then the most recent filing operation in the current DSTIME value 
for each object will be recorded in a global, ^OBJ.DSTIME: 
<br>
	^OBJ.DSTIME(<var>ExtentName</var>,<var>DSTIME</var>,<var>objectID</var>) = <var>filing operation</var> 
<br>
For DSTIME=AUTO the DSTIME value is recorded in ^OBJ.DSTIME and is set by the consumer of DSTIME data.
<br>
Refer to %DeepSee documentation for more information on how DSTIME is used by %DeepSee. 
<br>
The filing operations are:
<table>
<tr><th align="left">Code</th><th align="left">Operation</th>
<tr><td>0</td><td align="center">Update</td></tr>
<tr><td>1</td><td align="center">Insert</td></tr>
<tr><td>2</td><td align="center">Delete</td></tr>
</table>
<br>
If the <var>DSTIME</var> parameter is set to MANUAL then the user is responsible for journaling object filing operations.]]></Description>
<Type>STRING</Type>
<Constraint>,AUTO,MANUAL</Constraint>
<Default>AUTO</Default>
<Flags>ENUM</Flags>
</Parameter>

<Storage name="Default">
<Type>%Storage.Persistent</Type>
<DataLocation>^Training.Analytics.OrderD</DataLocation>
<DefaultData>OrderDefaultData</DefaultData>
<IdLocation>^Training.Analytics.OrderD</IdLocation>
<IndexLocation>^Training.Analytics.OrderI</IndexLocation>
<StreamLocation>^Training.Analytics.OrderS</StreamLocation>
<ExtentSize>1000</ExtentSize>
<Data name="OrderDefaultData">
<Value name="1">
<Value>%%CLASSNAME</Value>
</Value>
<Value name="2">
<Value>Customer</Value>
</Value>
<Value name="3">
<Value>SaleDate</Value>
</Value>
<Value name="4">
<Value>Units</Value>
</Value>
<Value name="5">
<Value>Amount</Value>
</Value>
</Data>
<Property name="%%CLASSNAME">
<Selectivity>100.0000%</Selectivity>
<AverageFieldSize>2</AverageFieldSize>
<Histogram>$lb(.06666666666666666667,0,16,$lb("-10000000000000000000","-10000000000000000000","-10000000000000000000","-10000000000000000000","-10000000000000000000","-10000000000000000000","-10000000000000000000","-10000000000000000000","-10000000000000000000","-10000000000000000000","-10000000000000000000","-10000000000000000000","-10000000000000000000","-10000000000000000000","-10000000000000000000","-10000000000000000000"),$lb(21,21,21,21,21,21,21,21,21,21,21,21,21,21,21),$lb(758198320,0,0,0,0,0,0,0,0,0,0,0,0,0,0,0,0,0,0,0,0,0,0,0,0,0,0,0,0,0,0,758198320))</Histogram>
</Property>
<Property name="%%ID">
<Selectivity>1</Selectivity>
<AverageFieldSize>3.75</AverageFieldSize>
<Histogram>$lb(.06666666666666666667,1,0,$lb("1","67","134","201","268","335","402","469","536","603","670","736","802","868","934","1000"),$lb(0,0,0,1,0,0,1,0,0,1,0,0,1,0,0),$lb(822083584,822083584,909574144,909574144,825439232,825439232,842019072,808517632,909639680,842414080,858993920,858993920,875573760,808583168,909705216,875968768,892548608,892548608,909128448,808648704,925892608,909586432,926103040,926103040,942682624,808583168,909639680,943077376,959656960,959656960,825241648,825241648))</Histogram>
</Property>
<Property name="Amount">
<Selectivity>0.1003%</Selectivity>
<AverageFieldSize>5.34</AverageFieldSize>
<Histogram>$lb(.06666666666666666667,1,0,$lb(2.41,75.25,129.87,199.04,264.8,329.59,418.26,484.51,549.26,610.61,665.31,735.19,799,866.42,933.66,998.43),$lb(0,0,1,0,0,0,1,0,0,1,0,1,0,0,1),$lb(841888817,841888817,926232114,926232114,825375022,842608184,960048688,825833774,842413102,842413102,858929454,858929454,875640878,825765426,942943797,876098606,892614958,892614958,909193262,825241142,909454899,909522222,926102830,859123249,960036864,926497024,943076910,943076910,959656750,858992182,959983156,960051246))</Histogram>
</Property>
<Property name="Customer">
<Selectivity>0.2331%</Selectivity>
<AverageFieldSize>4.82</AverageFieldSize>
<Histogram>$lb(.06666666666666666667,1,0,$lb("1","39","82","119","162","187","223","254","281","313","344","370","404","442","471","500"),$lb(0,0,0,1,1,0,1,1,0,1,1,0,1,1,0),$lb(822083584,822083584,859373568,859373568,942800896,942800896,825309440,825819136,909246464,909246464,943128576,825767680,842150656,842203136,892600320,892600320,942735360,842543360,858862336,825425920,875823104,875823104,925892608,859254784,875574272,808714240,875692032,875692032,925958144,876032256,892350464,892350464))</Histogram>
</Property>
<Property name="SaleDate">
<Selectivity>0.1095%</Selectivity>
<AverageFieldSize>4.09</AverageFieldSize>
<Histogram>$lb(.06666666666666666667,0,0,$lb(59902,60322,60686,61084,61628,62003,62392,62714,63134,63598,64002,64343,64769,65288,65709,66145),$lb(0,2,1,2,1,2,2,1,2,1,2,2,1,2,1),$lb(892942640,892942640,909128498,858927616,909653504,808859702,825243700,808989696,909260800,825635384,842018867,808465152,859386368,859386368,925971456,842477876,858862388,825439232,892942336,859126072,875573298,808464896,859058944,859058944,926300416,876033593,892483640,842545152,925907200,892809273,909194293,909521204))</Histogram>
</Property>
<Property name="Units">
<Selectivity>9.0909%</Selectivity>
<AverageFieldSize>2.91</AverageFieldSize>
<Histogram>$lb(.06666666666666666667,1,0,$lb(0,0,1,2,3,3,4,5,5,6,7,7,8,9,10,10),$lb(1,0,0,0,1,0,0,1,0,0,1,0,0,0,2),$lb(805306368,0,0,805306368,822083584,822083584,838860800,838860800,855638016,0,0,855638016,872415232,872415232,889192448,0,0,889192448,905969664,905969664,922746880,0,0,922746880,939524096,939524096,956301312,956301312,825229312,0,0,825229312))</Histogram>
</Property>
<SQLMap name="IDKEY">
<BlockCount>-16</BlockCount>
</SQLMap>
</Storage>
</Class>


<Class name="Training.Analytics.OrderCube">
<Description>
</Description>
<ProcedureBlock>1</ProcedureBlock>
<Super>%DeepSee.CubeDefinition</Super>
<TimeChanged>66151,58129.4651762</TimeChanged>
<TimeCreated>63028,33913.792804</TimeCreated>
<DependsOn>Training.Analytics.Order</DependsOn>

<XData name="Cube">
<Description>
Cube definition from Architect.</Description>
<XMLNamespace>http://www.intersystems.com/deepsee</XMLNamespace>
<Data><![CDATA[
<cube xmlns="http://www.intersystems.com/deepsee" name="Order Cube" displayName="Order Cube" disabled="false" abstract="false" sourceClass="Training.Analytics.Order" namedFactNums="true" countMeasureName="%COUNT" countMeasureCaption="Orders" bucketSize="8" bitmapChunkInMemory="false" precompute="0" disableListingGroups="false" enableSqlRestrict="false">
  <dimension name="OrderDate" disabled="false" hasAll="false" allCaption="All SaleDate" allDisplayName="SaleDate" sourceProperty="SaleDate" type="time" calendar="gregorian" iKnowType="entity" hidden="false" showHierarchies="default">
    <hierarchy name="H1" disabled="false" hidden="false">
      <level name="YearSold" disabled="false" timeFunction="Year" list="false" useDisplayValue="true" useAsFilter="true" hidden="false" factNumber="2">
      </level>
      <level name="MonthSold" disabled="false" timeFunction="MonthYear" list="false" useDisplayValue="true" useAsFilter="true" hidden="false" factNumber="3">
      </level>
      <level name="DaySold" disabled="false" timeFunction="DayMonthYear" list="false" useDisplayValue="true" useAsFilter="true" hidden="false" factNumber="4">
      </level>
    </hierarchy>
  </dimension>
  <dimension name="Customer Address" disabled="false" hasAll="false" allCaption="All Address" allDisplayName="Address" type="data" iKnowType="entity" hidden="false" showHierarchies="default">
    <hierarchy name="H1" disabled="false" hidden="false">
      <level name="Customer State" disabled="false" sourceProperty="Customer.Address.State" timeFunction="DayMonthYear" list="false" useDisplayValue="true" useAsFilter="true" hidden="false" factNumber="5">
      </level>
      <level name="Customer City" disabled="false" sourceExpression="%source.Customer.Address.City_&quot;: &quot;_%source.Customer.Address.State" timeFunction="DayMonthYear" list="false" useDisplayValue="true" useAsFilter="true" hidden="false" factNumber="6">
      </level>
    </hierarchy>
  </dimension>
  <dimension name="Channel" disabled="false" hasAll="false" allCaption="All Channel" allDisplayName="Channel" type="data" iKnowType="entity" hidden="false" showHierarchies="default">
    <hierarchy name="H1" disabled="false" hidden="false">
      <level name="Channel" disabled="false" sourceProperty="Customer.Channel" list="false" useDisplayValue="false" useAsFilter="true" hidden="false" factNumber="7">
        <property name="Name" disabled="false" sourceProperty="Customer.Channel" hidden="false" isName="true" isDescription="false" isReference="false" useDisplayValue="true">
        </property>
      </level>
    </hierarchy>
  </dimension>
  <measure name="Amount of Sale" disabled="false" sourceProperty="Amount" aggregate="SUM" type="number" hidden="false" searchable="false" formatString="$#,###.##" factNumber="1">
  </measure>
  <measure name="Units Sold" disabled="false" sourceProperty="Units" aggregate="SUM" type="number" hidden="false" searchable="true" factNumber="2">
  </measure>
  <relationship name="Customer Cube" disabled="true" sourceProperty="Customer.%ID" relatedCube="Customer Cube" cardinality="one" factNumber="8">
  </relationship>
</cube>
]]></Data>
</XData>

<Parameter name="DOMAIN"/>
</Class>


<Class name="Training.Analytics.OrderUtils">
<Super>%RegisteredObject,%XML.Adaptor,%ZEN.DataModel.Adaptor</Super>
<TimeChanged>63236,42447.48702</TimeChanged>
<TimeCreated>62399,31218.021263</TimeCreated>

<Method name="Populate">
<ClassMethod>1</ClassMethod>
<ReturnType>%Status</ReturnType>
<Implementation><![CDATA[
		
		
			Set tSC=##class(Training.Analytics.Customer).%KillExtent() Quit:$$$ISERR(tSC) tSC
			Set tSC=##class(Training.Analytics.Order).%KillExtent() Quit:$$$ISERR(tSC) tSC
			Set tSC=##class(Training.Analytics.Customer).Populate(500) Quit:$$$ISERR(tSC) tSC
			Set tSC=##class(Training.Analytics.Order).Populate(1000) Quit:$$$ISERR(tSC) tSC

			
			Quit tSC
]]></Implementation>
</Method>

<Method name="UpdateRetailCustomers">
<ClassMethod>1</ClassMethod>
<FormalSpec>percentage:%Numeric=.5</FormalSpec>
<ReturnType>%Status</ReturnType>
<Implementation><![CDATA[
	Set percent=percentage*100
	
	Write "Converting "_percent_" percent of Retail customers to Online & Retail.",!
	
	Set tSC = $$$OK
	
	Set tQuery = "Select Top ? %ID from Training_Analytics.Customer Where Channel = 1"
	
	Try{
	&sql(SELECT Count(*) into :count from Training_Analytics.Customer Where Channel=1)
		
	Set tTop = $Number(percentage*count,0)
		
	Set tStmt = ##class(%SQL.Statement).%New()
	Set tStmt.%SelectMode=1
	
	Set tSC = tStmt.%Prepare(tQuery) Quit:$$$ISERR(tSC)
	Set tResultSet = tStmt.%Execute(tTop)
	
	While tResultSet.%Next()
	{
		Set tID = tResultSet.%Get("ID")
		set tCustomer=##class(Training.Analytics.Customer).%OpenId(tID)
		Set tCustomer.Channel=3
		Set tSC=tCustomer.%Save() Quit:$$$ISERR(tSC)
		
	}
	}
	
	Catch ex {
		
		Set tSC = ex.AsStatus()	
		
	}
	
	Quit tSC
]]></Implementation>
</Method>

<Method name="AddCustomers">
<ClassMethod>1</ClassMethod>
<FormalSpec>num:%Integer=5</FormalSpec>
<ReturnType>%Status</ReturnType>
<Implementation><![CDATA[
	Set tSC=$$$OK
	kill customers
	Set customers = 1
	do ##class(Training.Analytics.Customer).Populate(num,,,.customers) Quit:customers=0 0
	
	write "The following customers were added:"
	
	Set index=""
	FOR  {
     SET index=$ORDER(customers(index)) 
     QUIT:index=""
     Set tSC = customers(index).%Save() Quit:$$$ISERR(tSC)
     WRITE !,customers(index).Name,!
   }
   
   Quit tSC
]]></Implementation>
</Method>

<Method name="UpdateDSTime">
<Description>
This method provides an example for synchronizing cubes with a single related source class</Description>
<ClassMethod>1</ClassMethod>
<FormalSpec>pCubeName="",pRemoteClass=""</FormalSpec>
<ReturnType>%Status</ReturnType>
<Implementation><![CDATA[
	If pRemoteClass="" Quit $$$ERROR($$$GeneralError,"Remote Class must be defined.")
	If pCubeName="" Quit $$$ERROR($$$GeneralError,"Cube must be defined.")
	Set pCubeName = $$$UPPER(pCubeName)
	Set tSourceClass = $G(^DeepSee.Cubes("cubes",pCubeName,"sourceClass"))
	
	Set tCubeTimeStamp = $G(^DeepSee.Cubes("cubes",pCubeName,"dstime"))
	
	If (tCubeTimeStamp="") {
		Set tCubeTimeStamp=0
	}
	
	// First get the IDs of the other source class
	Set tIDs=""
	While tCubeTimeStamp'="" {
		Set tCurrentID = $O(^OBJ.DSTIME(pRemoteClass,tCubeTimeStamp,""))
		While tCurrentID'="" {
			Set tIDs(tCurrentID) = ""
			Set tCurrentID = $O(^OBJ.DSTIME(pRemoteClass,tCubeTimeStamp,tCurrentID))
		}
		Set tCubeTimeStamp = $O(^OBJ.DSTIME(pRemoteClass,tCubeTimeStamp))
	}
	
	// Convert the collection of IDs to a list for SQL. This may fail if there
	// are too many IDs at once!
	Set tIDList = ""
	Set tID = $O(tIDs(""))
	While tID'="" {
		Set tIDList = tIDList _ $S($L(tIDList)>1:",",1:"") _ tID
		Set tID = $O(tIDs(tID))
	}
	
	// Find the local IDs that are associated with the remote IDs
	Set tSQLTableName = ##class(%DeepSee.Utils).%GetSQLTableName(tSourceClass)
	
	// We could look up the source column that corresponds to the remote class here
	// For now it's hard coded.
	Set tSQL = "SELECT ID FROM "_ tSQLTableName _ " WHERE Customer->ID IN (" _ tIDList _")"
	
	Set tRS = ##class(%SQL.Statement).%ExecDirect(,tSQL)
	
	// The ^OBJ.DSTIME nodes for the cube source class
	Set tSC = $$$OK
	While tRS.%Next() {
		Do ##class(%DeepSee.Utils).%SetDSTimeIndex(tSourceClass,tRS.%Get("ID"),0)
		If $$$ISERR(tSC) Quit
	}
 
	Quit tSC
]]></Implementation>
</Method>
</Class>
</Export>
