<?xml version="1.0" encoding="UTF-8"?>
<Export generator="Cache" version="25">
<Class name="Demo.ComplexMap.Summary.Student.Record.Name">
<Description>
RECORDMAP: Generated from RecordMap 'Demo.ComplexMap.Summary.Student'
on 2012-12-05 at 17:47:28.562 [2012-12-05 22:47:28.562 UTC]
by user DemoUser</Description>
<ProcedureBlock>1</ProcedureBlock>
<Super>%SerialObject,%XML.Adaptor</Super>
<TimeCreated>62796,64048.562264</TimeCreated>
<Inheritance>right</Inheritance>

<Parameter name="RECORDMAPGENERATED">
<Default>1</Default>
</Parameter>

<Property name="Family">
<Type>%String</Type>
</Property>

<Property name="Given">
<Type>%String</Type>
</Property>

<Property name="Middle">
<Type>%String</Type>
</Property>

<Storage name="Default">
<Type>%Library.CacheSerialState</Type>
<State>NameState</State>
<StreamLocation>^Demo.ComplexMap.SummaC2B6.NameS</StreamLocation>
<Data name="NameState">
<Structure>listnode</Structure>
<Subscript/>
<Value name="1">
<Value>Family</Value>
</Value>
<Value name="2">
<Value>Given</Value>
</Value>
<Value name="3">
<Value>Middle</Value>
</Value>
</Data>
</Storage>
</Class>
</Export>
