<?xml version="1.0" encoding="UTF-8"?>
<Export generator="Cache" version="25">
<Class name="Demo.ComplexMap.Semester.Batch">
<Description>
RECORDMAP: Modified during compilation of Complex RecordMap 'Demo.ComplexMap.Semester.SemesterData'
on 2013-01-14 at 13:28:31.377 [2013-01-14 18:28:31.378 UTC]
by user DemoUser</Description>
<ProcedureBlock>1</ProcedureBlock>
<Super>EnsLib.RecordMap.ComplexBatch,Ens.Request</Super>
<TimeCreated>62836,48511.377826</TimeCreated>
<Inheritance>right</Inheritance>

<Parameter name="RECORDMAPGENERATED">
<Default>1</Default>
</Parameter>

<Property name="Semester">
<Type>Demo.ComplexMap.Semester.SemesterHeader.Record</Type>
<Required>1</Required>
</Property>

<Property name="Students">
<Type>Demo.ComplexMap.Semester.Students</Type>
<Collection>array</Collection>
<Required>1</Required>
</Property>

<Storage name="Default">
<Type>%Library.CacheStorage</Type>
<DataLocation>^Demo.ComplexMap.SemeD05B.BatchD</DataLocation>
<DefaultData>BatchDefaultData</DefaultData>
<IdLocation>^Demo.ComplexMap.SemeD05B.BatchD</IdLocation>
<IndexLocation>^Demo.ComplexMap.SemeD05B.BatchI</IndexLocation>
<StreamLocation>^Demo.ComplexMap.SemeD05B.BatchS</StreamLocation>
<ExtentSize>2000000</ExtentSize>
<Data name="BatchDefaultData">
<Value name="1">
<Value>%%CLASSNAME</Value>
</Value>
<Value name="2">
<Value>Semester</Value>
</Value>
<Value name="3">
<Value>%Source</Value>
</Value>
</Data>
<Data name="Students">
<Attribute>Students</Attribute>
<Structure>subnode</Structure>
<Subscript>"Students"</Subscript>
</Data>
</Storage>
</Class>
</Export>
