<?xml version="1.0" encoding="UTF-8"?>
<Export generator="Cache" version="25">
<Class name="Demo.ComplexMap.Semester.SemesterHeader">
<Super>EnsLib.RecordMap.RecordMap</Super>
<TimeCreated>62756,56200.754655</TimeCreated>

<XData name="RecordMap">
<XMLNamespace>http://www.intersystems.com/Ensemble/RecordMap</XMLNamespace>
<Data><![CDATA[
<Record xmlns="http://www.intersystems.com/Ensemble/RecordMap" name="Demo.ComplexMap.Semester.SemesterHeader" type="delimited" char_encoding="UTF-8" targetClassname="Demo.ComplexMap.Semester.SemesterHeader.Record" complexBatchManaged="1" label="SEM|" padFromLeft="0" recordTerminator="\x0d\x0a" allowEarlyTerminator="0">
  <Separators>
    <Separator>;</Separator>
  </Separators>
  <Field name="SemesterID" required="0" repeating="0" datatype="%Integer" index="1"></Field>
  <Field name="Year" required="0" repeating="0" datatype="%Integer"></Field>
  <Field name="Name" required="0" repeating="0" datatype="%String"></Field>
  <Field name="NumWeeks" required="0" repeating="0" datatype="%Integer"></Field>
</Record>
]]></Data>
</XData>

<Method name="GetObject">
<Description>
Method to retrieve a record from a stream or device. This method will be generated based on the
structure of the RecordMap. For testing purposes, a file name may be passed in the pStream argument.</Description>
<ClassMethod>1</ClassMethod>
<FormalSpec><![CDATA[pStream:%IO.DeviceStream,*pObject:%RegisteredObject,pTimeout:%Numeric=-1,&pLookAhead:%String="",pLabelFound:%Boolean=0]]></FormalSpec>
<ReturnType>%Status</ReturnType>
<Implementation><![CDATA[
	Try {
		Set tStatus = $$$OK
		Set pObject = $$$NULLOREF
		If '$IsObject(pStream) {
			Set tFilename = pStream
			Set pStream = ##class(%IO.FileStream).%New()
			Do pStream.Open(tFilename,,pTimeout,"UTF-8", .tStatus)
			If $$$ISERR(tStatus) Quit
		}
		Set tObjectName = $parameter($this,"OBJECTNAME")
		Set tObject = $classmethod(tObjectName,"%New")
		If '$IsObject(tObject) {
			Set tStatus = $$$ERROR($$$CannotCreateObject,tObjectName)
			Quit
		}
		Set tObject.%Source = pStream.Name
		Set tGetTopFields = $parameter(tObject,"INCLUDETOPFIELDS")
		If pStream.AtEnd {
			Set tStatus = $$$ERROR($$$EnsRecordMapErrStreamAtEnd, pStream.Name)
			Quit
		}
		Set pStream.CharEncoding = "UTF-8"

		#; Parse incoming stream
		Set tStatus = ..GetRecord(pStream, tObject, tGetTopFields, pTimeout, .pLookAhead, pLabelFound)
		If $$$ISERR(tStatus) Quit
	}
	Catch ex {
		Set tStatus = ex.AsStatus()
	}
	If $$$ISERR(tStatus) { Set pObject = $$$NULLOREF }
	Else { Set pObject = tObject }
	Quit tStatus
]]></Implementation>
</Method>

<Method name="PutObject">
<Description>
Method to write a record to a stream or device. This method will be generated based on the
structure of the RecordMap. For testing purposes, a file name may be passed in the pStream argument.</Description>
<ClassMethod>1</ClassMethod>
<FormalSpec><![CDATA[pStream:%IO.DeviceStream,pObject:%RegisteredObject,pFlush:%Boolean=1,&pPadArray:%String]]></FormalSpec>
<ReturnType>%Status</ReturnType>
<Implementation><![CDATA[
	Try {
		Set tStatus = $$$OK
		If '$IsObject(pStream) {
			Set tFilename = pStream
			Set pStream = ##class(%IO.FileStream).%New()
			Do pStream.Open(tFilename,"WAE",,"UTF-8", .tStatus)
			If $$$ISERR(tStatus) Quit
		}
		Set tHasTopFields = $parameter(pObject,"INCLUDETOPFIELDS")
		Set pStream.CharEncoding = "UTF-8"

		Set tStatus = ..PutRecord(pStream, pObject, tHasTopFields, .pPadArray)
		If $$$ISERR(tStatus) Quit
		If pFlush Do pStream.Flush(.tStatus)
		If $$$ISERR(tStatus) Quit
	}
	Catch ex {
		Set tStatus = ex.AsStatus()
	}
	Quit tStatus
]]></Implementation>
</Method>

<Parameter name="OBJECTNAME">
<Default>Demo.ComplexMap.Semester.SemesterHeader.Record</Default>
</Parameter>

<Method name="GetRecord">
<Description>
Internal helper method to perform parse of incoming data</Description>
<Internal>1</Internal>
<ClassMethod>1</ClassMethod>
<FormalSpec><![CDATA[pStream:%IO.DeviceStream,pObject:%RegisteredObject,pGetTopFields:%Boolean,pTimeout:%Numeric,&pLookAhead:%String="",pLabelFound:%Boolean=0]]></FormalSpec>
<Private>1</Private>
<ReturnType>%Status</ReturnType>
<Implementation><![CDATA[
	Set tStatus = $$$OK
	If pLabelFound { Set tRecLabel = "" } 
	Else { Set tRecLabel = "SEM|" } 
	Set tStatus = ..chunkRecord(pStream, .tRecordData, .tCharCount, "", pTimeout, $char(13,10), tRecLabel, .pLookAhead, "")
	If $$$ISERR(tStatus) Quit tStatus
	Set tMaxLocal = $$$MaxLocalLength
	Set tRecordData("charcount") = +$get(tCharCount)
	Set tCurrChunk = 1
	Set tTopPiece = 1
	Set tCurrSep = 1
	Set tStrings = 1
	Set tSeps = $listbuild($char(59))
	If '$data(tRecordData(tCurrChunk, "block")) {
		Set tCurrString = $piece(tRecordData(tCurrChunk), $char(59), tTopPiece)
	}
	Else {
		Set tCurrString = tRecordData(tCurrChunk)
		Set tCurrPiece = 1
	}
	Do ..checkMerge(.tCurrChunk, .tRecordData, .tCurrString, $char(59), .tTopPiece)
	If pGetTopFields {
		Set pObject.SemesterID =  pObject.SemesterIDDisplayToLogical(tCurrString)
	}
	If '$data(tRecordData(tCurrChunk, "block")) {
		Set tCurrString = $piece(tRecordData(tCurrChunk), $char(59), tTopPiece)
	}
	Do ..checkMerge(.tCurrChunk, .tRecordData, .tCurrString, $char(59), .tTopPiece)
	If pGetTopFields {
		Set pObject.Year =  pObject.YearDisplayToLogical(tCurrString)
	}
	If '$data(tRecordData(tCurrChunk, "block")) {
		Set tCurrString = $piece(tRecordData(tCurrChunk), $char(59), tTopPiece)
	}
	Do ..checkMerge(.tCurrChunk, .tRecordData, .tCurrString, $char(59), .tTopPiece)
	If pGetTopFields {
		Set pObject.Name = tCurrString
	}
	If '$data(tRecordData(tCurrChunk, "block")) {
		Set tCurrString = $piece(tRecordData(tCurrChunk), $char(59), tTopPiece)
	}
	Do ..checkMerge(.tCurrChunk, .tRecordData, .tCurrString, $char(59), .tTopPiece)
	If pGetTopFields {
		Set pObject.NumWeeks =  pObject.NumWeeksDisplayToLogical(tCurrString)
	}
	Quit tStatus
]]></Implementation>
</Method>

<Method name="PutRecord">
<Description>
Internal helper method to output object to a stream</Description>
<Internal>1</Internal>
<ClassMethod>1</ClassMethod>
<FormalSpec><![CDATA[pStream:%IO.DeviceStream,pObject:%RegisteredObject,pHasTopFields:%Boolean,&pPadArray:%String]]></FormalSpec>
<Private>1</Private>
<ReturnType>%Status</ReturnType>
<Implementation><![CDATA[
	Set tStatus = $$$OK
	Do pStream.Write("SEM|",,.tStatus)
	If $$$ISERR(tStatus) Quit tStatus
	Do pStream.Write($select(pHasTopFields: ##class(Demo.ComplexMap.Semester.SemesterHeader.Record).SemesterIDLogicalToDisplay(pObject.SemesterID), 1: ""),0)
	Do pStream.Write($char(59) _ $select(pHasTopFields: ##class(Demo.ComplexMap.Semester.SemesterHeader.Record).YearLogicalToDisplay(pObject.Year), 1: ""),0)
	Do pStream.Write($char(59) _ $select(pHasTopFields: ##class(Demo.ComplexMap.Semester.SemesterHeader.Record).NameLogicalToDisplay(pObject.Name), 1: ""),0)
	Do pStream.Write($char(59) _ $select(pHasTopFields: ##class(Demo.ComplexMap.Semester.SemesterHeader.Record).NumWeeksLogicalToDisplay(pObject.NumWeeks), 1: ""),0)
	Do pStream.Write($char(13,10), 0, .tStatus)
	If $$$ISERR(tStatus) Quit tStatus
	Quit tStatus
]]></Implementation>
</Method>

<Method name="GetGeneratedClasses">
<ClassMethod>1</ClassMethod>
<FormalSpec>*pClasses:%String</FormalSpec>
<ReturnType>%Status</ReturnType>
<Implementation><![CDATA[
	Kill pClasses
	Set pClasses("Demo.SemesterHeader.Record")=""
	Set pClasses($classname())=""
	Quit $$$OK
]]></Implementation>
</Method>

<Method name="getIdentifier">
<ClassMethod>1</ClassMethod>
<CodeMode>expression</CodeMode>
<ReturnType>%String</ReturnType>
<Implementation><![CDATA["SEM|"
]]></Implementation>
</Method>

<Method name="getType">
<ClassMethod>1</ClassMethod>
<CodeMode>expression</CodeMode>
<ReturnType>EnsLib.RecordMap.Model.DataType.RecordType</ReturnType>
<Implementation><![CDATA["delimited"
]]></Implementation>
</Method>
</Class>
</Export>
