<?xml version="1.0" encoding="UTF-8"?>
<Export generator="Cache" version="25">
<Class name="Demo.Loan.BankManana">
<Description>
Loan Approval Business Process for Bank Manana.
Bank Manana simulates a bank with unreliable service;
sometimes it responds quickly, other times not.</Description>
<ClassType>persistent</ClassType>
<ProcedureBlock>1</ProcedureBlock>
<Super>Ens.BusinessProcessBPL</Super>
<TimeCreated>59277,50665.473</TimeCreated>

<Parameter name="INVOCATION">
<Description>
2 modes: Queue, InProc</Description>
<Default>Queue</Default>
</Parameter>

<XData name="BPL">
<XMLNamespace>http://www.intersystems.com/bpl</XMLNamespace>
<Data><![CDATA[
<process request="Demo.Loan.Msg.Application" response="Demo.Loan.Msg.Approval">

	<context>
		<property name="CreditRating" type="%Integer"/>
		<property name="PrimeRate" type="%Numeric"/>
	</context>

	<sequence>

	<trace value='"received application for "_request.Name'/>
	<assign name='Init Response' property="response.BankName" value='"BankManana"'>
	<annotation><![CDATA[Initialize the response object.]]]]><![CDATA[></annotation>
	</assign>

	<call name="PrimeRate" target="Demo.Loan.WebOperations" async="0">
	<annotation><![CDATA[Make a synchronous request for the Prime Rate.]]]]><![CDATA[></annotation>
	<request type="Demo.Loan.Msg.PrimeRateRequest">
	</request>
	<response type="Demo.Loan.Msg.PrimeRateResponse">
	<assign property="context.PrimeRate" value="callresponse.PrimeRate"/>
	</response>
	</call>

	<call name="CreditRating" target="Demo.Loan.WebOperations" async="0">
	<annotation><![CDATA[Make a synchronous request	for the Credit Rating.]]]]><![CDATA[></annotation>
	<request type="Demo.Loan.Msg.CreditRatingRequest">
	<assign property="callrequest.TaxID" value='request.TaxID'/>
	</request>
	<response type="Demo.Loan.Msg.CreditRatingResponse">
	<assign property="context.CreditRating" value="callresponse.CreditRating"/>
	</response>
	</call>

	<assign name='IsApproved' property="response.IsApproved" value="1">
		<annotation><![CDATA[Copy IsApproved into the response object.]]]]><![CDATA[></annotation>
	</assign>

	<assign name='InterestRate' property="response.InterestRate" value="context.PrimeRate+1+(2*(1-(context.CreditRating/100)))">	
		<annotation><![CDATA[Copy InterestRate into the response object.]]]]><![CDATA[></annotation>
	</assign>
	
	<delay name="Delay" duration="&quot;PT&quot;_(2+($zcrc(request.Name,3)#7))_&quot;S&quot;">
		<annotation><![CDATA[Wait for a random duration.
This simulates the poor service offered by this bank.]]]]><![CDATA[></annotation>
	</delay>
	
	<trace value='"application is "_$s(response.IsApproved:"approved for "_response.InterestRate_"%",1:"denied")'/>
	</sequence>
</process>
]]></Data>
</XData>

<Storage name="Default">
<Type>%Library.CacheStorage</Type>
</Storage>
</Class>
</Export>
