<?xml version="1.0" encoding="UTF-8"?>
<Export generator="Cache" version="25">
<Class name="Demo.Loan.FindRateTerminalOperation">
<ClassType/>
<ProcedureBlock>1</ProcedureBlock>
<Super>Ens.BusinessOperation</Super>
<TimeCreated>59280,43460.487</TimeCreated>

<Parameter name="INVOCATION">
<Description>
2 modes: Queue, InProc</Description>
<Default>Queue</Default>
</Parameter>

<XData name="MessageMap">
<Data><![CDATA[
<MapItem MessageType="Demo.Loan.Msg.SendReply">
<Method>TerminalSendReply</Method>
</MapItem>
]]></Data>
</XData>

<Method name="OnInit">
<ReturnType>%Status</ReturnType>
<Implementation><![CDATA[
	Set ^Ens.Debug("TraceCat",..%ConfigName,"user")=1 ; force user TRACE messages On for this config item (regardless of general trace debug settings)
	Set ^Ens.Debug("TraceCat",..%ConfigName)=0 ; force all other TRACE messages Off for this config item (regardless of general trace debug settings)
	Kill $$$EnsDebug("TraceCat")  Merge $$$EnsDebug("TraceCat")=^Ens.Debug("TraceCat") ; ensure local copy is in sync. Full sync for all jobs will happen when Ens.MonitorService gets around to it
	
	Quit ##super()
]]></Implementation>
</Method>

<Method name="TerminalSendReply">
<Description>
Send an approval message to the applicant's terminal session</Description>
<FormalSpec>pRequest:Demo.Loan.Msg.SendReply,*pResponse:Ens.Response</FormalSpec>
<ReturnType>%Status</ReturnType>
<Implementation><![CDATA[
	If $x'=0 Write !
	For i=1:1:79 Write "=" Write:i=79 !
	Write pRequest.Text
	Quit $$$OK
]]></Implementation>
</Method>
</Class>
</Export>
