<?xml version="1.0" encoding="UTF-8"?>
<Export generator="Cache" version="25">
<Class name="Demo.RecordMap.Map.FixedWidth.Record">
<Description>
RECORDMAP: Generated from RecordMap 'Demo.RecordMap.Map.FixedWidth'
on 2010-09-30 at 17:42:18.386 [2010-09-30 22:42:18.386 UTC]
by user DemoUser</Description>
<ProcedureBlock>1</ProcedureBlock>
<Super>%Persistent,%XML.Adaptor,Ens.Request,EnsLib.RecordMap.Base</Super>
<TimeCreated>61999,67338.38603</TimeCreated>
<Inheritance>right</Inheritance>

<Index name="PersonIDIdx">
<Properties>PersonID</Properties>
</Index>

<Index name="SSNIdx">
<Properties>SSN</Properties>
</Index>

<Parameter name="RECORDMAPGENERATED">
<Default>1</Default>
</Parameter>

<Parameter name="INCLUDETOPFIELDS">
<Default>1</Default>
</Parameter>

<Property name="PersonID">
<Type>%String</Type>
<Parameter name="MAXLEN" value="8"/>
</Property>

<Property name="FirstName">
<Type>%String</Type>
<Parameter name="MAXLEN" value="25"/>
</Property>

<Property name="MiddleInitial">
<Type>%String</Type>
<Parameter name="MAXLEN" value="25"/>
</Property>

<Property name="LastName">
<Type>%String</Type>
<Parameter name="MAXLEN" value="30"/>
</Property>

<Property name="DateOfBirth">
<Type>%Date</Type>
<Parameter name="FORMAT" value="3"/>
</Property>

<Property name="SSN">
<Type>%String</Type>
<Parameter name="MAXLEN" value="11"/>
<Parameter name="PATTERN" value="3N1&quot;-&quot;2N1&quot;-&quot;4N"/>
</Property>

<Property name="HomeAddress">
<Type>Demo.RecordMap.Map.FixedWidth.Record.HomeAddress</Type>
</Property>

<Storage name="Default">
<Type>%Library.CacheStorage</Type>
<DataLocation>^Demo.RecordMap.Map7F0B.RecordD</DataLocation>
<DefaultData>RecordDefaultData</DefaultData>
<IdLocation>^Demo.RecordMap.Map7F0B.RecordD</IdLocation>
<IndexLocation>^Demo.RecordMap.Map7F0B.RecordI</IndexLocation>
<StreamLocation>^Demo.RecordMap.Map7F0B.RecordS</StreamLocation>
<ExtentSize>2000000</ExtentSize>
<Data name="RecordDefaultData">
<Value name="1">
<Value>%%CLASSNAME</Value>
</Value>
<Value name="2">
<Value>%Source</Value>
</Value>
<Value name="3">
<Value>FirstName</Value>
</Value>
<Value name="4">
<Value>MiddleInitial</Value>
</Value>
<Value name="5">
<Value>LastName</Value>
</Value>
<Value name="6">
<Value>DateOfBirth</Value>
</Value>
<Value name="7">
<Value>SSN</Value>
</Value>
<Value name="8">
<Value>HomeAddress</Value>
</Value>
<Value name="9">
<Value>PersonID</Value>
</Value>
</Data>
</Storage>
</Class>
</Export>
