<?xml version="1.0" encoding="UTF-8"?>
<Export generator="Cache" version="25" zv="Cache for Windows (x86-64) 2012.2 (Build 638U)" ts="2012-09-10 17:43:48">
<Class name="DotNetGateway.PDFWriterOperation">
<Super>EnsLib.DotNetGateway.AbstractOperation</Super>
<TimeChanged>62245,43552.137368</TimeChanged>
<TimeCreated>62244,56840.23945</TimeCreated>

<Property name="FilePath">
<Type>%String</Type>
</Property>

<Parameter name="SETTINGS">
<Default>FilePath</Default>
</Parameter>

<Method name="WriteFile">
<FormalSpec>pRequest:DotNetGateway.WritePDFRequest,*pResponse:Ens.Response</FormalSpec>
<ReturnType>%Status</ReturnType>
<Implementation><![CDATA[
	Set path=##class(%Library.File).NormalizeDirectory(..FilePath)
	Set filename=path_pRequest.FileName
	//Set ^filename=filename
	
	Set tSC=..GetConnection(.tGateway)
	
	If $$$ISOK(tSC){
		
		Do ##class(PDFWriterLib.PDFWriter).WritePDF(tGateway,filename, pRequest.Text)
			
	}
	
	Quit $$$OK
]]></Implementation>
</Method>

<XData name="MessageMap">
<Data><![CDATA[
<MapItems>
	<MapItem MessageType="DotNetGateway.WritePDFRequest"> 
		<Method>WriteFile</Method>
	</MapItem>
</MapItems>
]]></Data>
</XData>
</Class>


<Class name="DotNetGateway.WritePDFRequest">
<Super>Ens.Request</Super>
<TimeChanged>62244,56836.298255</TimeChanged>
<TimeCreated>62244,35388.168045</TimeCreated>

<Property name="FileName">
<Type>%String</Type>
</Property>

<Property name="Text">
<Type>%String</Type>
</Property>

<Storage name="Default">
<Type>%Library.CacheStorage</Type>
<DefaultData>WritePDFRequestDefaultData</DefaultData>
<Data name="WritePDFRequestDefaultData">
<Structure>listnode</Structure>
<Subscript>"WritePDFRequest"</Subscript>
<Value name="1">
<Value>FileName</Value>
</Value>
<Value name="2">
<Value>Text</Value>
</Value>
</Data>
</Storage>
</Class>


<Project name="ExportProduction_2012-09-10 17:40:24_273-4">
  <ProjectDescription>Studio Project generated from Ensemble Production 'ObjectGateways.ExampleProduction' at 2012-09-10 21:40:24.273 UTC</ProjectDescription>
  <Items>
    <ProjectItem name="DotNetGateway.PDFWriterOperation" type="CLS"></ProjectItem>
    <ProjectItem name="DotNetGateway.WritePDFRequest" type="CLS"></ProjectItem>
    <ProjectItem name="JavaGateway.ZipDirectoryRequest" type="CLS"></ProjectItem>
    <ProjectItem name="JavaGateway.ZipFileOperation" type="CLS"></ProjectItem>
    <ProjectItem name="JavaGateway.ZipMessagesByIdRequest" type="CLS"></ProjectItem>
    <ProjectItem name="ObjectGateways.ExampleProduction" type="CLS"></ProjectItem>
  </Items>
</Project>


<Class name="JavaGateway.ZipDirectoryRequest">
<Super>Ens.Request</Super>
<TimeChanged>62272,36305.691082</TimeChanged>
<TimeCreated>62272,35610.066808</TimeCreated>

<Property name="InputDirectory">
<Type>%String</Type>
</Property>

<Property name="OutputFile">
<Type>%String</Type>
</Property>

<Storage name="Default">
<Type>%Library.CacheStorage</Type>
<DefaultData>ZipDirectoryRequestDefaultData</DefaultData>
<Data name="ZipDirectoryRequestDefaultData">
<Structure>listnode</Structure>
<Subscript>"ZipDirectoryRequest"</Subscript>
<Value name="1">
<Value>InputDirectory</Value>
</Value>
<Value name="2">
<Value>OutputDirectory</Value>
</Value>
<Value name="3">
<Value>OutputFile</Value>
</Value>
</Data>
</Storage>
</Class>


<Class name="JavaGateway.ZipFileOperation">
<ProcedureBlock>1</ProcedureBlock>
<Super>EnsLib.JavaGateway.AbstractOperation</Super>
<TimeChanged>62273,34727.798535</TimeChanged>
<TimeCreated>62271,44513.978641</TimeCreated>

<Parameter name="INVOCATION">
<Default>Queue</Default>
</Parameter>

<Method name="ZipMessagesById">
<FormalSpec>pRequest:JavaGateway.ZipMessagesByIdRequest,*pResponse:Ens.Response</FormalSpec>
<ReturnType>%Status</ReturnType>
<Implementation><![CDATA[
	
	
	Set file = $System.Process.CurrentDirectory()_"temp.txt"
	
	If ##class(%Library.File).Exists(file)
		{
			Set tSC=##class(%Library.File).Delete(file) 
		}
	
	for i=1:1:$Length(pRequest.CommaSeparatedListOfMessageIDs,",")
	{
		Set id = $Piece(pRequest.CommaSeparatedListOfMessageIDs,",",i)
		Set MsgHeader=##class(Ens.MessageHeader).%OpenId(id)
		Set Msg=##class(EnsLib.HL7.Message).%OpenId(MsgHeader.MessageBodyId)
		Set tSC=Msg.OutputToFile(file,0)
		
	}
		
	Set tSC=..GetConnection(.tGateway)
	
	If $$$ISOK(tSC){
		Set stream = ##class(java.io.FileInputStream).%New(tGateway,file)
		
		Do ##class(examples.gateway.zip.ZipUtils).createZipFromFileStream(tGateway,pRequest.ZipFilePathAndName,stream)
			
	}
	
	Close file 
	Set tSC=##class(%Library.File).Delete(file)
	
	Quit $$$OK
]]></Implementation>
</Method>

<Method name="ZipDirectory">
<FormalSpec>pRequest:JavaGateway.ZipDirectoryRequest,pResponse:Ens.Response</FormalSpec>
<ReturnType>%Status</ReturnType>
<Implementation><![CDATA[
	Set tSC=..GetConnection(.tGateway)
	If $$$ISOK(tSC){
		Do ##class(examples.gateway.zip.ZipUtils).createZipFromFilesInDirectory(tGateway,pRequest.OutputFile,pRequest.InputDirectory)	
	}	
	Quit $$$OK
]]></Implementation>
</Method>

<XData name="MessageMap">
<Data><![CDATA[
<MapItems>
	<MapItem MessageType="JavaGateway.ZipMessagesByIdRequest"> 
		<Method>ZipMessagesById</Method>
	</MapItem>
		<MapItem MessageType="JavaGateway.ZipDirectoryRequest"> 
		<Method>ZipDirectory</Method>
	</MapItem>
</MapItems>
]]></Data>
</XData>
</Class>


<Class name="JavaGateway.ZipMessagesByIdRequest">
<Super>Ens.Request</Super>
<TimeChanged>62271,47923.342909</TimeChanged>
<TimeCreated>62271,44513.79042</TimeCreated>

<Property name="CommaSeparatedListOfMessageIDs">
<Type>%String</Type>
</Property>

<Property name="ZipFilePathAndName">
<Type>%String</Type>
</Property>

<Storage name="Default">
<Type>%Library.CacheStorage</Type>
<DefaultData>ZipMessagesByIdRequestDefaultData</DefaultData>
<Data name="ZipMessagesByIdRequestDefaultData">
<Structure>listnode</Structure>
<Subscript>"ZipMessagesByIdRequest"</Subscript>
<Value name="1">
<Value>CommaSeparatedListOfMessageIDs</Value>
</Value>
<Value name="2">
<Value>ZipFilePathAndName</Value>
</Value>
</Data>
</Storage>
</Class>


<Class name="ObjectGateways.ExampleProduction">
<ProcedureBlock>1</ProcedureBlock>
<Super>Ens.Production</Super>
<TimeChanged>62710,63605.403779</TimeChanged>
<TimeCreated>61674,81484.625124</TimeCreated>

<XData name="ProductionDefinition">
<Data><![CDATA[
<Production Name="ObjectGateways.ExampleProduction" TestingEnabled="true" LogGeneralTraceEvents="false">
  <Description>NewProduction</Description>
  <ActorPoolSize>2</ActorPoolSize>
  <Setting Target="Production" Name="ShutdownTimeout">120</Setting>
  <Setting Target="Production" Name="UpdateTimeout">10</Setting>
  <Item Name="EnsLib.DotNetGateway.Service" Category="" ClassName="EnsLib.DotNetGateway.Service" PoolSize="1" Enabled="true" Foreground="false" Comment="" LogTraceEvents="false" Schedule="">
    <Setting Target="Host" Name="InactivityTimeout">0</Setting>
    <Setting Target="Host" Name="DotNetServer">127.0.0.1</Setting>
    <Setting Target="Host" Name="Port">55000</Setting>
    <Setting Target="Host" Name="AllowedIPAddresses"></Setting>
    <Setting Target="Host" Name="FilePath">C:\InterSystems\Ensemble\dev\dotnet\bin\v2.0.50727</Setting>
    <Setting Target="Host" Name="Logfile"></Setting>
    <Setting Target="Host" Name="HeartbeatInterval">10</Setting>
    <Setting Target="Host" Name="HeartbeatFailureTimeout">30</Setting>
    <Setting Target="Host" Name="HeartbeatFailureAction">R</Setting>
    <Setting Target="Host" Name="HeartbeatFailureRetry">300</Setting>
    <Setting Target="Host" Name="AlertGracePeriod">0</Setting>
    <Setting Target="Host" Name="AlertOnError">0</Setting>
  </Item>
  <Item Name="DotNetGateway.PDFWriterOperation" Category="" ClassName="DotNetGateway.PDFWriterOperation" PoolSize="1" Enabled="false" Foreground="false" Comment="" LogTraceEvents="false" Schedule="">
    <Setting Target="Host" Name="InactivityTimeout">0</Setting>
    <Setting Target="Host" Name="FilePath">C:\Integration\dotnet</Setting>
    <Setting Target="Host" Name="AdditionalPaths">c:\Integration\dotnet\itextsharp.dll</Setting>
  </Item>
  <Item Name="EnsLib.JavaGateway.Service" Category="" ClassName="EnsLib.JavaGateway.Service" PoolSize="1" Enabled="true" Foreground="false" Comment="" LogTraceEvents="false" Schedule="">
    <Setting Target="Host" Name="InactivityTimeout">0</Setting>
    <Setting Target="Host" Name="ClassPath">C:\InterSystems\Ensemble\dev\java\lib\JDK16\cachegateway.jar</Setting>
    <Setting Target="Host" Name="Logfile"></Setting>
    <Setting Target="Host" Name="JavaHome"></Setting>
  </Item>
  <Item Name="JavaGateway.ZipFileOperation" Category="" ClassName="JavaGateway.ZipFileOperation" PoolSize="1" Enabled="false" Foreground="false" Comment="" LogTraceEvents="false" Schedule="">
    <Setting Target="Host" Name="InactivityTimeout">0</Setting>
    <Setting Target="Host" Name="AdditionalPaths">c:\Integration\java\ZipUtils.jar</Setting>
  </Item>
</Production>
]]></Data>
</XData>
</Class>
</Export>
