<?xml version="1.0" encoding="UTF-8"?>
<Export generator="Cache" version="25" zv="Cache for Windows (x86-64) 2015.2 (Build 664_1U)" ts="2016-01-22 14:16:22">
<Class name="Hospital.HospitalProd">
<ProcedureBlock>1</ProcedureBlock>
<Super>Ens.Production</Super>
<TimeChanged>63939,40327.456816</TimeChanged>
<TimeCreated>62349,60335.007468</TimeCreated>

<XData name="ProductionDefinition">
<Data><![CDATA[
<Production Name="Hospital.HospitalProd" LogGeneralTraceEvents="false">
  <Description>Processing Hospital messages.</Description>
  <ActorPoolSize>2</ActorPoolSize>
  <Item Name="Ens.Alert" Category="" ClassName="EnsLib.MsgRouter.RoutingEngine" PoolSize="0" Enabled="true" Foreground="false" Comment="This handles Alert routing logic." LogTraceEvents="false" Schedule="">
    <Setting Target="Host" Name="BusinessRuleName">Hospital.HospitalProd.AlertRule</Setting>
  </Item>
  <Item Name="EMailAlert" Category="" ClassName="EnsLib.EMail.AlertOperation" PoolSize="1" Enabled="false" Foreground="false" Comment="This sends alerts via e-mail." LogTraceEvents="false" Schedule="">
  </Item>
  <Item Name="PagerAlert" Category="" ClassName="EnsLib.EMail.AlertOperation" PoolSize="1" Enabled="false" Foreground="false" Comment="This sends alerts to a pager via e-mail." LogTraceEvents="false" Schedule="">
  </Item>
  <Item Name="BadMessageHandler" Category="" ClassName="EnsLib.HL7.Operation.FileOperation" PoolSize="1" Enabled="false" Foreground="false" Comment="Bad messages are sent to this operation." LogTraceEvents="false" Schedule="">
  </Item>
  <Item Name="To_Pharmacy" Category="HL7" ClassName="EnsLib.HL7.Operation.FileOperation" PoolSize="1" Enabled="true" Foreground="false" Comment="Sends messages to the Pharmacy application." LogTraceEvents="false" Schedule="">
    <Setting Target="Adapter" Name="FilePath">c:\Integration\HL7\Out</Setting>
    <Setting Target="Host" Name="Filename">Pharmacy.txt</Setting>
  </Item>
  <Item Name="From_ER" Category="HL7" ClassName="EnsLib.HL7.Service.FileService" PoolSize="1" Enabled="true" Foreground="false" Comment="Accepts messages from a file that has been sent by the ER application." LogTraceEvents="false" Schedule="">
    <Setting Target="Host" Name="MessageSchemaCategory">2.3.1</Setting>
    <Setting Target="Host" Name="TargetConfigNames">From_ER_Router</Setting>
    <Setting Target="Adapter" Name="FilePath">c:\Integration\HL7\In</Setting>
    <Setting Target="Adapter" Name="ArchivePath"></Setting>
    <Setting Target="Adapter" Name="FileSpec">*.txt</Setting>
  </Item>
  <Item Name="From_ER_Router" Category="HL7" ClassName="EnsLib.HL7.MsgRouter.RoutingEngine" PoolSize="1" Enabled="true" Foreground="false" Comment="" LogTraceEvents="false" Schedule="">
    <Setting Target="Host" Name="Validation"></Setting>
    <Setting Target="Host" Name="BusinessRuleName">Hospital.FromERRouterRoutingRule</Setting>
  </Item>
    <Item Name="To_Transfer" Category="HL7" ClassName="EnsLib.HL7.Operation.FileOperation" PoolSize="1" Enabled="true" Foreground="false" Comment="" LogTraceEvents="false" Schedule="">
    <Setting Target="Adapter" Name="FilePath">c:\Integration\HL7\Out</Setting>
    <Setting Target="Host" Name="Filename">Transfer.txt</Setting>
  </Item>
  <Item Name="To_TransferTCP" Category="HL7" ClassName="EnsLib.HL7.Operation.TCPOperation" PoolSize="1" Enabled="true" Foreground="false" Comment="Sends messages to the Transfer application" LogTraceEvents="false" Schedule="">
    <Setting Target="Adapter" Name="IPAddress">localhost</Setting>
    <Setting Target="Adapter" Name="Port">7777</Setting>
    <Setting Target="Host" Name="SaveReplies">All</Setting>
  </Item>
</Production>
]]></Data>
</XData>
</Class>


<Class name="Hospital.FromERRouterRoutingRule">
<Description>
</Description>
<ProcedureBlock>1</ProcedureBlock>
<Super>Ens.Rule.Definition</Super>
<TimeChanged>63939,40354.873607</TimeChanged>
<TimeCreated>62350,47885.758259</TimeCreated>

<Parameter name="RuleAssistClass">
<Default>EnsLib.HL7.MsgRouter.RuleAssist</Default>
</Parameter>

<XData name="RuleDefinition">
<XMLNamespace>http://www.intersystems.com/rule</XMLNamespace>
<Data><![CDATA[
<ruleDefinition alias="" context="EnsLib.HL7.MsgRouter.RoutingEngine" production="Hospital.HospitalProd">
<ruleSet name="From_ER_Router Rules" effectiveBegin="" effectiveEnd="">
<rule name="Checking ORM_O01" disabled="false">
<constraint name="source" value="From_ER"></constraint>
<constraint name="docCategory" value="2.3.1"></constraint>
<constraint name="docName" value="ORM_O01"></constraint>
<when condition="(HL7.(MSH:ReceivingApplication.namespaceID) CONTAINS &quot;PHARMACY&quot;)&amp;&amp;(HL7.{MSH:11.1}=&quot;T&quot;)">
<send transform="Hospital.ERORMO01ToAllergyDTL" target="To_Pharmacy"></send>
<return></return>
</when>
</rule>
<rule name="Transfer" disabled="false">
<constraint name="docName" value="ADT_A06"></constraint>
<when condition="1">
<send transform="Hospital.ERADTA06ToTransferADTA02DTL" target="To_Transfer,To_TransferTCP"></send>
<return></return>
</when>
</rule>
</ruleSet>
</ruleDefinition>
]]></Data>
</XData>
</Class>
</Export>
