<?xml version="1.0" encoding="UTF-8"?>
<Export generator="Cache" version="25" zv="Cache for Windows (x86-64) 2013.1.2 (Build 601U)" ts="2013-11-12 17:26:18">
<Class name="Hospital.MakeFileOperation">
<Description>
</Description>
<ProcedureBlock>1</ProcedureBlock>
<Super>Ens.BusinessOperation</Super>
<TimeChanged>63138,62576.432414</TimeChanged>
<TimeCreated>60855,58182.969011</TimeCreated>

<Parameter name="ADAPTER">
<Default>EnsLib.File.OutboundAdapter</Default>
</Parameter>

<Parameter name="INVOCATION">
<Default>Queue</Default>
</Parameter>

<Method name="NotifyFile">
<FormalSpec>pRequest:Hospital.SendNotifyRequest,*pResponse:Ens.Response</FormalSpec>
<ReturnType>%Status</ReturnType>
<Implementation><![CDATA[

	set tData = $ZDATETIME($H)_" "_
				pRequest.PatientID_" "_
				pRequest.PatientName_" "_
				pRequest.PatientHomePhone_" "_
				pRequest.RequestedOperation_" "_ 
				pRequest.LikelyOutcome_$$$NL

	set sc = ..Adapter.PutString(pRequest.FileName,tData)
	
	Quit $$$OK
]]></Implementation>
</Method>

<XData name="MessageMap">
<Data><![CDATA[
<MapItems>
	<MapItem MessageType="Hospital.SendNotifyRequest"> 
		<Method>NotifyFile</Method>
	</MapItem>
</MapItems>
]]></Data>
</XData>
</Class>
</Export>
