<?xml version="1.0" encoding="UTF-8"?>
<Export generator="Cache" version="21" zv="Cache for Windows (x86-32) 2007.1.2 (Build 517U)" ts="2007-10-10 09:31:41">
<Class name="Hospital.OperateRequest">
<Description>
</Description>
<ClassType>persistent</ClassType>
<ProcedureBlock>1</ProcedureBlock>
<Super>Ens.Request</Super>
<TimeCreated>60855,57214.245956</TimeCreated>

<Property name="PatientID">
<Type>%Integer</Type>
</Property>

<Property name="RequestedOperation">
<Type>%String</Type>
</Property>

<Property name="LikelyOutcome">
<Type>%String</Type>
</Property>

<Storage name="Default">
<Type>%Library.CacheStorage</Type>
<DefaultData>OperateRequestDefaultData</DefaultData>
<Data name="OperateRequestDefaultData">
<Structure>listnode</Structure>
<Subscript>"OperateRequest"</Subscript>
<Value name="1">
<Value>LikelyOutcome</Value>
</Value>
<Value name="2">
<Value>PatientID</Value>
</Value>
<Value name="3">
<Value>RequestedOperation</Value>
</Value>
</Data>
</Storage>
</Class>


<Class name="Hospital.OperateResponse">
<Description>
</Description>
<ClassType>persistent</ClassType>
<ProcedureBlock>1</ProcedureBlock>
<Super>Ens.Response</Super>
<TimeCreated>60855,57282.916944</TimeCreated>

<Property name="InsuranceCompany">
<Type>%String</Type>
</Property>

<Property name="IsInsured">
<Type>%Boolean</Type>
</Property>

<Property name="CreditRating">
<Type>%Numeric</Type>
</Property>

<Storage name="Default">
<Type>%Library.CacheStorage</Type>
<DefaultData>OperateResponseDefaultData</DefaultData>
<Data name="OperateResponseDefaultData">
<Structure>listnode</Structure>
<Subscript>"OperateResponse"</Subscript>
<Value name="1">
<Value>CreditRating</Value>
</Value>
<Value name="2">
<Value>InsuranceCompany</Value>
</Value>
<Value name="3">
<Value>IsInsured</Value>
</Value>
</Data>
</Storage>
</Class>


<Class name="Hospital.PatientInfoRequest">
<Description>
</Description>
<ClassType>persistent</ClassType>
<ProcedureBlock>1</ProcedureBlock>
<Super>Ens.Request</Super>
<TimeCreated>60855,56387.275738</TimeCreated>

<Property name="PatientID">
<Type>%Integer</Type>
</Property>

<Storage name="Default">
<Type>%Library.CacheStorage</Type>
<DefaultData>PatientInfoRequestDefaultData</DefaultData>
<Data name="PatientInfoRequestDefaultData">
<Structure>listnode</Structure>
<Subscript>"PatientInfoRequest"</Subscript>
<Value name="1">
<Value>PatientID</Value>
</Value>
</Data>
</Storage>
</Class>


<Class name="Hospital.PatientInfoResponse">
<Description>
</Description>
<ClassType>persistent</ClassType>
<ProcedureBlock>1</ProcedureBlock>
<Super>Ens.Response</Super>
<TimeCreated>60855,56444.029805</TimeCreated>

<Property name="PatientName">
<Type>%String</Type>
</Property>

<Property name="PatientHomePhone">
<Type>%String</Type>
</Property>

<Property name="IsInsured">
<Type>%Boolean</Type>
</Property>

<Property name="InsuranceCompany">
<Type>%String</Type>
</Property>

<Property name="CreditRating">
<Type>%Numeric</Type>
</Property>

<Storage name="Default">
<Type>%Library.CacheStorage</Type>
<DefaultData>PatientInfoResponseDefaultData</DefaultData>
<Data name="PatientInfoResponseDefaultData">
<Structure>listnode</Structure>
<Subscript>"PatientInfoResponse"</Subscript>
<Value name="1">
<Value>CreditRating</Value>
</Value>
<Value name="2">
<Value>InsuranceCompany</Value>
</Value>
<Value name="3">
<Value>IsInsured</Value>
</Value>
<Value name="4">
<Value>HomePhone</Value>
</Value>
<Value name="5">
<Value>PatientName</Value>
</Value>
<Value name="6">
<Value>PatientHomePhone</Value>
</Value>
</Data>
</Storage>
</Class>


<Class name="Hospital.SendDecisionRequest">
<Description>
</Description>
<ClassType>persistent</ClassType>
<ProcedureBlock>1</ProcedureBlock>
<Super>Ens.Request</Super>
<TimeCreated>60855,57443.123458</TimeCreated>

<Property name="FileName">
<Type>%String</Type>
</Property>

<Property name="InsuranceCompany">
<Type>%String</Type>
</Property>

<Property name="Contents">
<Type>Hospital.OperateRequest</Type>
</Property>

<Storage name="Default">
<Type>%Library.CacheStorage</Type>
<DefaultData>SendDecisionRequestDefaultData</DefaultData>
<Data name="SendDecisionRequestDefaultData">
<Structure>listnode</Structure>
<Subscript>"SendDecisionRequest"</Subscript>
<Value name="1">
<Value>Contents</Value>
</Value>
<Value name="2">
<Value>FileName</Value>
</Value>
</Data>
</Storage>
</Class>


<Class name="Hospital.SendNotifyRequest">
<Description>
</Description>
<ClassType>persistent</ClassType>
<ProcedureBlock>1</ProcedureBlock>
<Super>Ens.Request</Super>
<TimeCreated>60855,56738.387788</TimeCreated>

<Property name="PatientID">
<Type>%Integer</Type>
</Property>

<Property name="PatientName">
<Type>%String</Type>
</Property>

<Property name="PatientHomePhone">
<Type>%String</Type>
</Property>

<Property name="RequestedOperation">
<Type>%String</Type>
</Property>

<Property name="LikelyOutcome">
<Type>%String</Type>
</Property>

<Property name="FileName">
<Type>%String</Type>
</Property>

<Storage name="Default">
<Type>%Library.CacheStorage</Type>
<DefaultData>SendNotifyRequestDefaultData</DefaultData>
<Data name="SendNotifyRequestDefaultData">
<Structure>listnode</Structure>
<Subscript>"SendNotifyRequest"</Subscript>
<Value name="1">
<Value>FileName</Value>
</Value>
<Value name="2">
<Value>LikelyOutcome</Value>
</Value>
<Value name="3">
<Value>PatientID</Value>
</Value>
<Value name="4">
<Value>PatientName</Value>
</Value>
<Value name="5">
<Value>PatientPhone</Value>
</Value>
<Value name="6">
<Value>RequestedOperation</Value>
</Value>
<Value name="7">
<Value>PatientHomePhone</Value>
</Value>
</Data>
</Storage>
</Class>
</Export>
