<?xml version="1.0" encoding="UTF-8"?>
<Export generator="Cache" version="22" zv="Cache for Windows (x86-32) 2008.1 (Build 545)" ts="2008-06-24 16:01:40">
<Class name="Training.MISIntro.Installer">
<TimeCreated>65440,45100.648</TimeCreated>

<XData name="MyApp">
<XMLNamespace>INSTALLER</XMLNamespace>
<Data><![CDATA[
<Manifest>
 
 	<Resource Name = "%DB_TRAINING"
	Description = "Resource for Training DB"
	Permission = "RW"/>
 
 	<Namespace Name="TRAINING"
          Create="yes"
          Code="TRAINING"
          Data="TRAINING"
          Ensemble = "0">
		  
	<If Condition="(${TRAINEXIST}=0)">
	<Configuration>
	 <Database 	Name = "TRAINING"
				Dir = "${MGRDIR}training"
				Create = "yes"
				Resource="%DB_TRAINING"
			    PublicPermissions=""/>
	 </Configuration>
	</If>

	<CSPApplication
		AuthenticationMethods="96"
		CookiePath="/csp/training"
		Url="/csp/training"
		Directory="${CSPDIR}training"
		Grant="%DB_TRAINING"
		Recurse = "1"
		Resource = ""
		DefaultTimeout = "3600"
		IsNamespaceDefault = "1"
		ServeFiles = "1"
		ServeFilesTimeout = "3600"
		UseSessionCookie = "1"/>
			
	<Import File="${FILESDIR}" 
		Flags="ck"
		IgnoreErrors="0"
		Recurse = "1"/>
		
	<Invoke Class="Sample.Utils" Method="Generate" CheckStatus="false" Return="" />
	<Invoke Class="Training.MISIntro.InstallerUtils" Method="GenerateCinema" CheckStatus="true" Return="" />
	
	 <ForEach Index="Image" Values="CacheCinemaLogo.gif,ShowTimes.gif,Tickets.gif,YourTicketOrder.gif">
		 <CopyFile 
		 Src="${IMGDIR}${Image}"
		 Target="${CSPDIR}training"
		 IgnoreErrors="0"/>	
	 </ForEach>
 
 	</Namespace>

</Manifest>
]]></Data>
</XData>

<Method name="RunInstall">
<Description>
Invoke the installer passing in some variables. 
studentDir = Normalized location of student files. 
logLevel = level of logging on scale of 0-3 (0 = none, 3 = verbose). </Description>
<ClassMethod>1</ClassMethod>
<FormalSpec>studentDir:%String="/Management/",logLevel=1</FormalSpec>
<ReturnType>%Status</ReturnType>
<Implementation><![CDATA[
	set tStatus = $$$OK

	try {
		if '(##class(%File).DirectoryExists(studentDir)) {
			set tStatus = $$$ERROR($$$GeneralError,"Student Files Directory does not exist. Please correct and rerun installer.")
			$$$ThrowStatus(tStatus)
		}
		set studentDirNorm = ##class(%File).NormalizeDirectory(studentDir)_"setup/"
		
		// Initialize any variables we want to pass to the installer	
		set tVars("TRAINEXIST") = ##class(Config.Databases).Exists("TRAINING")
		set tVars("FILESDIR") = ##class(%Library.File).NormalizeDirectory(studentDirNorm_"Files")
		set tVars("IMGDIR") = ##class(%File).NormalizeDirectory(studentDirNorm_"Images")
		
		// Invoke the installer
		set tStatus = ..setup(.tVars,logLevel)
		$$$ThrowOnError(tStatus)
		
		write !,!, "**************", !, "Setup Completed Successfully!"
	}
	catch ex {
		write !,!, "**************", !, "Setup Failed!"
		write !, ex.DisplayString()
		set tStatus = ex.AsStatus()
	}
	
	return tStatus
]]></Implementation>
</Method>

<Method name="setup">
<Internal>1</Internal>
<ClassMethod>1</ClassMethod>
<CodeMode>objectgenerator</CodeMode>
<FormalSpec><![CDATA[&pVars,pLogLevel:%Integer,pInstaller:%Installer.Installer]]></FormalSpec>
<ReturnType>%Status</ReturnType>
<Implementation><![CDATA[
   #; Let XGL document generate code for this method. 
   return ##class(%Installer.Manifest).%Generate(%compiledclass, %code, "MyApp")
]]></Implementation>
</Method>
</Class>
</Export>
