<?xml version="1.0" encoding="UTF-8"?>
<Export generator="Cache" version="9" zv="Cache for Windows NT (Intel) 5.0.5 (Build 913U)" ts="2004-01-25 15:00:05">
<Class name="Scan.AddAddressRequest">
<Description>
</Description>
<ClassType>persistent</ClassType>
<Language>cache</Language>
<ProcedureBlock>1</ProcedureBlock>
<Super>Ens.Request</Super>
<TimeChanged>59559,50730</TimeChanged>
<TimeCreated>59494,48419.495962</TimeCreated>

<Property name="IsExternal">
<Type>%Boolean</Type>
</Property>

<Property name="IsRelated">
<Type>%Boolean</Type>
</Property>

<Property name="ToAddress">
<Type>%String</Type>
</Property>

<Storage name="Default">
<Type>%Library.CacheStorage</Type>
<DefaultData>AddAddressRequestDefaultData</DefaultData>
<Data name="AddAddressRequestDefaultData">
<Structure>listnode</Structure>
<Subscript>"AddAddressRequest"</Subscript>
<Value name="1">
<Value>IsExternal</Value>
</Value>
<Value name="2">
<Value>IsRelated</Value>
</Value>
<Value name="3">
<Value>ToAddress</Value>
</Value>
</Data>
</Storage>
</Class>
<Checksum value="2246154230"/>
</Export>
