<?xml version="1.0" encoding="UTF-8"?>
<Export generator="Cache" version="25" zv="Cache for Windows (x86-64) 2012.2 (Build 638U)" ts="2012-09-21 17:14:33">
<Class name="Training.DeepSee.CategoryOnlineSA">
<Description>
</Description>
<ProcedureBlock>1</ProcedureBlock>
<Super>%DeepSee.SubjectArea</Super>
<TimeChanged>62721,61846.759429</TimeChanged>
<TimeCreated>62721,59280.537067</TimeCreated>
<DependsOn>Training.DeepSee.HoleFoodsTransactionCube</DependsOn>

<Parameter name="DOMAIN">
</Parameter>

<XData name="SubjectArea">
<Description>
SubjectArea definition from Architect.</Description>
<XMLNamespace>http://www.intersystems.com/deepsee/subjectarea</XMLNamespace>
<Data><![CDATA[
<subjectArea xmlns="http://www.intersystems.com/deepsee/subjectarea" name="Category Online" displayName="Category Data for Online Sales" disabled="false" baseCube="HoleFoodsTransactionCube">
  <measure name="Amount Sold" hidden="true"></measure>
</subjectArea>
]]></Data>
</XData>

<Method name="%OnGetFilterSpec">
<Description>
This callback gives a SubjectArea a chance to programmatically define its filter spec.</Description>
<ClassMethod>1</ClassMethod>
<FormalSpec>pFilterSpec:%String</FormalSpec>
<ReturnType>%String</ReturnType>
<Implementation><![CDATA[
	Set category=$Get(^MyCategory)
	Set pFilterSpec = "([Product].[H1].[Product Category].&["
	_category_"],[CHANNEL].[H1].[CHANNEL NAME].&[Online])"
	Quit pFilterSpec
]]></Implementation>
</Method>
</Class>
</Export>
