<?xml version="1.0" encoding="UTF-8"?>
<Export generator="Cache" version="25" zv="Cache for Windows (x86-64) 2012.2 (Build 638U)" ts="2012-09-21 14:45:31">
<Class name="Training.DeepSee.HoleFoodsTransactionCube">
<Description>
</Description>
<ProcedureBlock>1</ProcedureBlock>
<Super>%DeepSee.CubeDefinition</Super>
<TimeChanged>62721,47763.325933</TimeChanged>
<TimeCreated>62721,40168.239362</TimeCreated>
<DependsOn>HoleFoods.Transaction</DependsOn>

<Parameter name="DOMAIN">
</Parameter>

<XData name="Cube">
<Description>
Cube definition from Architect.</Description>
<XMLNamespace>http://www.intersystems.com/deepsee</XMLNamespace>
<Data><![CDATA[
<cube xmlns="http://www.intersystems.com/deepsee" name="HoleFoodsTransactionCube" displayName="HoleFoods Transaction Cube" disabled="false" abstract="false" sourceClass="HoleFoods.Transaction" countMeasureName="%COUNT" countMeasureCaption="Transactions" bucketSize="8" bitmapChunkInMemory="false" defaultListing="Listing" precompute="0">
  <dimension name="Product" disabled="false" hasAll="true" type="data" iKnowType="entity" hidden="false" showHierarchies="default">
    <hierarchy name="H1" disabled="false">
      <level sourceProperty="Product.Category" name="Product Category" disabled="false" list="false" useDisplayValue="true">
      </level>
      <level sourceProperty="Product" name="Product Name" disabled="false" list="false" useDisplayValue="true">
        <property sourceProperty="Product.Name" name="Name" disabled="false" hidden="false" isName="true" isReference="false" useDisplayValue="false"></property>
      </level>
    </hierarchy>
  </dimension>
  <dimension name="Channel" disabled="false" hasAll="true" allCaption="All Channel" allDisplayName="Channel" type="data" iKnowType="entity" hidden="false" showHierarchies="default">
    <hierarchy name="H1" disabled="false">
      <level sourceProperty="Channel" name="Channel Name" disabled="false" list="false" nullReplacement="No Channel" useDisplayValue="true">
      </level>
    </hierarchy>
  </dimension>
  <dimension name="Outlet" disabled="false" hasAll="true" allCaption="All Outlets" allDisplayName="Outlet" type="data" iKnowType="entity" hidden="false" showHierarchies="default">
    <hierarchy name="H1" disabled="false">
      <level sourceProperty="Outlet.Country.Region.Name" name="Region" disabled="false" list="false" useDisplayValue="true">
      </level>
      <level sourceProperty="Outlet.Country.Name" name="Country" disabled="false" list="false" useDisplayValue="true">
      </level>
      <level sourceProperty="Outlet.City" sourceExpression="%source.Outlet.Country.Name_&quot;: &quot;_%source.Outlet.City" name="City" disabled="false" list="false" useDisplayValue="true">
      </level>
    </hierarchy>
  </dimension>
  <dimension name="Sale Date" disabled="false" hasAll="false" allCaption="All DateOfSale" allDisplayName="DateOfSale" sourceProperty="DateOfSale" type="time" iKnowType="entity" hidden="false" showHierarchies="default">
    <hierarchy name="H1" disabled="false">
      <level name="FY Year Sold" disabled="false" timeFunction="Year" timeFormat="\F\Y y" timeOffset="-3m" list="false" useDisplayValue="true">
      </level>
      <level name="FY Quarter Sold" disabled="false" timeFunction="QuarterYear" timeFormat="\Qq\F\Y y" timeOffset="-3m" list="false" useDisplayValue="true">
      </level>
      <level name="Month Sold" disabled="false" timeFunction="MonthYear" list="false" useDisplayValue="true">
      </level>
      <level name="Day Sold" disabled="false" timeFunction="DayMonthYear" list="false" useDisplayValue="true">
      </level>
    </hierarchy>
    <hierarchy name="H2" disabled="false">
      <level name="Quarter" disabled="false" timeFunction="QuarterNumber" list="false" useDisplayValue="true">
      </level>
      <level name="Month" disabled="false" timeFunction="MonthNumber" list="false" useDisplayValue="true">
      </level>
    </hierarchy>
  </dimension>
  <measure sourceProperty="AmountOfSale" name="Amount Sold" disabled="false" aggregate="SUM" type="number" hidden="false" searchable="false" iKnowSource="string"></measure>
  <measure sourceProperty="UnitsSold" name="Units Sold" disabled="false" aggregate="SUM" type="number" hidden="false" searchable="false" iKnowSource="string"></measure>
  <measure sourceExpression="%cube.DetermineBigSale(%source.Product.SKU, %source.UnitsSold, %source.AmountOfSale)" name="Big Sale" disabled="false" aggregate="SUM" type="number" hidden="false" searchable="false" iKnowSource="string"></measure>
  <calculatedMember name="Health Food" disabled="false" dimension="Product Type" valueExpression="AGGREGATE({[Product].[Fruit] , [Product].[Vegetable],[Product].[Seafood]})" hidden="false"></calculatedMember>
  <calculatedMember name="Junk Food" disabled="false" dimension="Product Type" valueExpression="AGGREGATE({[Product].[Candy],[Product].[Snack]})" hidden="false"></calculatedMember>
  <listing name="Listing" disabled="false" listingType="table" fieldList="%ID,Product-&gt;SKU,DateOfSale,Outlet-&gt;City As &quot;Outlet City&quot;,Product-&gt;Name As &quot;Product Name&quot;,UnitsSold,AmountOfSale" orderBy="DateOfSale,%ID"></listing>
  <listing name="Geo Listing"  listingType="map" disabled="false" fieldList="DateOfSale,%ID,Product-&gt;Name As &quot;Product&quot;,AmountOfSale,Latitude,Longitude"></listing>
</cube>
]]></Data>
</XData>

<Method name="DetermineBigSale">
<ClassMethod>1</ClassMethod>
<FormalSpec>sku:%String,units:%Integer,amount:%Numeric</FormalSpec>
<ReturnType>%Boolean</ReturnType>
<Implementation><![CDATA[
	
	Set tBigSale=0
	
	if (amount>50)
	{
		Set tBigSale=1	
	}	
	elseif ((sku="SKU-451")&&(units>5))
	{
		Set tBigSale=1	
	}
	
	Quit tBigSale
]]></Implementation>
</Method>
</Class>
</Export>
