<?xml version="1.0" encoding="UTF-8"?>
<pivot xmlns="http://www.intersystems.com/deepsee/library" name="Units by Categories and Regions" folderName="Training/DeepSee/Exercises" title="" description="" keywords="" owner="" shared="true" public="true" locked="false" resource="" timeCreated="2013-04-03T15:49:43.064Z" createdBy="UnknownUser" category="" bookCover="" mdx="" cellWidth="120" columnHeaderStyle="" rowHeaderStyle="" cellStyle="" rowLabelSpan="true" columnLabelSpan="true" cellHeight="22" showEmptyRows="false" showEmptyColumns="false" cubeName="HoleFoods" caption="" listing="" listingRows="" showStatus="true" pageSize="100" colorScale="" rowTotals="false" columnTotals="false" rowTotalAgg="sum" columnTotalAgg="sum" rowTotalSource="page" showZebra="false" showRowCaption="true" printTitle="" printSubtitle="" printPageSize="" printOrientation="" printMarginTop="" printMarginLeft="" printMarginRight="" printMarginBottom="" printLabelWidth="" printCellWidth="" autoExecute="true" manualMode="false" userMDX="" chartMarginTop="" chartMarginLeft="" chartMarginRight="" chartMarginBottom="">
  <rowAxisOptions spec="" key="" value="" text="" headEnabled="false" headCount="" filterEnabled="false" filterExpression="" orderEnabled="false" orderExpression="" orderDirection="BDESC" aggEnabled="false" aggFunction="" aggFunctionParm="" levelCaption="" levelFormat="" levelSummary="" levelType="" drillLevel="0" advanced="false" levelStyle="" levelHeaderStyle="" suppress8020="false">
  </rowAxisOptions>
  <columnAxisOptions spec="" key="" value="" text="" headEnabled="false" headCount="" filterEnabled="false" filterExpression="" orderEnabled="false" orderExpression="" orderDirection="BDESC" aggEnabled="false" aggFunction="" aggFunctionParm="" levelCaption="" levelFormat="" levelSummary="" levelType="" drillLevel="0" advanced="false" levelStyle="" levelHeaderStyle="" suppress8020="false">
  </columnAxisOptions>
  <rowLevel spec="[Product].[P1].[Product Category].Members" key="" value="" text="Product Category" headEnabled="false" headCount="" filterEnabled="false" filterExpression="" orderEnabled="false" orderExpression="" orderDirection="BDESC" aggEnabled="false" aggFunction="" aggFunctionParm="" levelCaption="" levelFormat="" levelSummary="" levelType="" drillLevel="0" advanced="false" levelStyle="" levelHeaderStyle="" suppress8020="false">
  </rowLevel>
  <columnLevel spec="[Outlet].[H1].[Region].Members" key="" value="" text="Region" headEnabled="false" headCount="" filterEnabled="false" filterExpression="" orderEnabled="false" orderExpression="" orderDirection="BDESC" aggEnabled="false" aggFunction="" aggFunctionParm="" levelCaption="" levelFormat="" levelSummary="" levelType="" drillLevel="0" advanced="false" levelStyle="" levelHeaderStyle="" suppress8020="false">
  </columnLevel>
  <measure spec="[Measures].[Units Sold]" key="" value="" text="Units Sold" headEnabled="false" headCount="" filterEnabled="false" filterExpression="" orderEnabled="false" orderExpression="" orderDirection="BDESC" aggEnabled="false" aggFunction="" aggFunctionParm="" levelCaption="" levelFormat="" levelSummary="" levelType="" drillLevel="0" advanced="false" levelStyle="" levelHeaderStyle="" suppress8020="false">
  </measure>
</pivot>