<?xml version="1.0" encoding="UTF-8"?>
<dashboard xmlns="http://www.intersystems.com/deepsee/library" name="Units by Category and Region dash" folderName="Training/DeepSee/Exercises" title="Units by Category and Region" description="" keywords="" owner="" shared="true" public="true" locked="false" resource="" timeCreated="2013-04-03T19:35:29.37Z" createdBy="UnknownUser" category="" bookCover="" scheme="" worklistCount="0" snapTo="true" snapGrid="true" gridRows="10" gridCols="10" canResize="true" canModify="true" showTitleBar="true" companyName="" companyLogo="" companyStyle="">
  <widget name="Widget1" type="pivot" subtype="pivot" subtypeClass="lineChart" title="Units by Category and Region" dataSource="Training/DeepSee/Exercises/Units by Categories and Regions.pivot" dataLink="" drillDownDataSource="" width="200" height="200" sidebarContent="" showSidebar="false" sidebarWidth="" maximized="false" homeRowL="0" homeColL="0" colSpanL="6" rowSpanL="5" showToolbar="true" theme="">
    <control name="" action="applyFilter" target="*" targetProperty="[Channel].[H1].[Channel Name]" location="widget" type="auto" controlClass="" label="Channel Name" title="" value="" text="" readOnly="false" valueList="" displayList="" activeWhen=""></control>
    <control name="" action="applyFilter" target="*" targetProperty="[DateOfSale].[Actual].[YearSold]" location="widget" type="auto" controlClass="" label="YearSold" title="" value="" text="" readOnly="false" valueList="" displayList="" activeWhen=""></control>
  </widget>
  <widget name="Widget2" type="pivot" subtype="columnChart" subtypeClass="barChart" title="" dataSource="Training/DeepSee/Exercises/Units by Categories and Regions.pivot" dataLink="" drillDownDataSource="" width="200" height="200" sidebarContent="" showSidebar="false" sidebarWidth="" maximized="false" homeRowL="5" homeColL="0" colSpanL="6" rowSpanL="5" showToolbar="true" theme="">
  </widget>
</dashboard>