<?xml version="1.0" encoding="UTF-8"?>
<dashboard xmlns="http://www.intersystems.com/deepsee/library" name="Charts" folderName="Training/DeepSee/Demos" title="Charts" description="" keywords="" owner="" shared="true" public="true" locked="false" resource="" timeCreated="2012-05-15T18:14:10.711Z" createdBy="UnknownUser" scheme="" worklistCount="2" snapTo="true" snapGrid="false" gridRows="2" gridCols="2" canResize="true" canModify="true">
  <widget name="W1" type="pivot" subtype="bubbleChart" title="Transactions, Units, and Amount Sold by Product Category" dataSource="Training/DeepSee/Demos/Count Units and Amount by Product Category Pivot.pivot" dataLink="" drillDownDataSource="" top="16" left="15" width="652" height="503" sidebarContent="" showSidebar="false" sidebarWidth="" maximized="false">
    <control name="" action="viewDashboard" target="" targetProperty="Training/DeepSee/Demos/PivotAndChartDash.dashboard" location="dashboard" type="auto" controlClass="" label="Pivot and Chart" title="" value="" text="" readOnly="false" valueList="" displayList="" activeWhen=""></control>
    <control name="" action="viewDashboard" target="" targetProperty="Training/DeepSee/Demos/Scorecards and Meters Dash.dashboard" location="dashboard" type="auto" controlClass="" label="Scorecard and Meters" title="" value="" text="" readOnly="false" valueList="" displayList="" activeWhen=""></control>
    <property name="XgridLines">0</property>
    <property name="YgridLines">0</property>
    <property name="analyzer">0</property>
    <property name="chartToggle">none</property>
    <property name="dimensionSource"></property>
    <property name="excel">0</property>
    <property name="hasZoom">1</property>
    <property name="initialExecute">1</property>
    <property name="labelStyle"></property>
    <property name="labels">1</property>
    <property name="legendPos">none</property>
    <property name="pivotSelect"></property>
    <property name="print">0</property>
    <property name="showDimensions">0</property>
    <property name="showQuadrant">1</property>
    <property name="showRegression">0</property>
    <property name="title"></property>
    <property name="titleStyle"></property>
    <property name="valueLabels">1</property>
  </widget>
  <widget name="" type="pivot" subtype="barChart" title="Transactions, Units, and Amount Sold by Product Category" dataSource="Training/DeepSee/Demos/Count Units and Amount by Product Category Pivot.pivot" dataLink="" drillDownDataSource="" top="574" left="15" width="1331" height="453" sidebarContent="" showSidebar="false" sidebarWidth="" maximized="false">
    <property name="XgridLines">0</property>
    <property name="YgridLines">0</property>
    <property name="analyzer">0</property>
    <property name="chartToggle">none</property>
    <property name="dimensionSource"></property>
    <property name="excel">0</property>
    <property name="hasZoom">1</property>
    <property name="initialExecute">1</property>
    <property name="labelStyle"></property>
    <property name="labels">1</property>
    <property name="legendPos">right</property>
    <property name="pivotSelect"></property>
    <property name="print">0</property>
    <property name="showDimensions">0</property>
    <property name="title">Transactions, Units, and Amount Sold by Product Category</property>
    <property name="titleStyle"></property>
    <property name="valueLabels">0</property>
    <filterState name="[DateOfSale].[Actual].[YearSold]"><![CDATA[&[NOW]]]></filterState>
  </widget>
  <widget name="" type="pivot" subtype="comboChart" title="Transactions, Units, and Amount Sold by Product Category" dataSource="Training/DeepSee/Demos/Count Units and Amount by Product Category Pivot.pivot" dataLink="" drillDownDataSource="" top="16" left="670" width="686" height="504" sidebarContent="" showSidebar="false" sidebarWidth="" maximized="false">
    <property name="XgridLines">0</property>
    <property name="YgridLines">0</property>
    <property name="analyzer">0</property>
    <property name="chartToggle">none</property>
    <property name="dimensionSource"></property>
    <property name="excel">0</property>
    <property name="hasZoom">1</property>
    <property name="initialExecute">1</property>
    <property name="labelStyle"></property>
    <property name="labels">1</property>
    <property name="legendPos">right</property>
    <property name="pivotSelect"></property>
    <property name="print">0</property>
    <property name="showDimensions">0</property>
    <property name="stacked">0</property>
    <property name="title"></property>
    <property name="titleStyle"></property>
    <property name="valueLabels">0</property>
    <dataSeries type="bar" markerShape="" color="" yAxisIndex="0" hasLegend="true"></dataSeries>
    <dataSeries type="area" markerShape="" color="" yAxisIndex="0" hasLegend="true"></dataSeries>
    <dataSeries type="line" markerShape="" color="" yAxisIndex="2" hasLegend="true"></dataSeries>
    <filterState name="[DateOfSale].[Actual].[YearSold]"><![CDATA[&[NOW]]]></filterState>
  </widget>
</dashboard>